1039, 4338.97
1045, 4338.46
1054, 4344.1
1061, 4336.92
1072, 4340.51
1077, 4352.31
1085, 4343.59
1092, 4329.74
1101, 4336.41
1109, 4347.18
1116, 4343.59
1124, 4339.49
1131, 4339.49
1139, 4340.51
1147, 4346.67
1156, 4355.9
1164, 4348.72
1170, 4330.77
1178, 4346.15
1186, 4324.62
1194, 4248.21
1202, 4271.28
1210, 4330.26
1217, 4374.36
1226, 4494.36
1233, 4538.97
1241, 4407.69
1249, 4240.51
1256, 4158.97
1264, 4206.67
1280, 4300.51
1286, 4393.33
1288, 4508.21
1296, 4518.97
1306, 4375.38
1311, 4233.33
1319, 4166.15
1327, 4200
1335, 4293.85
1343, 4391.28
1350, 4508.72
1358, 4520.51
1366, 4376.92
1374, 4242.05
1382, 4183.59
1389, 4215.9
1397, 4297.95
1405, 4386.15
1414, 4504.1
1421, 4522.05
1428, 4374.87
1436, 4238.46
1444, 4188.21
1452, 4219.49
1460, 4298.97
1468, 4387.69
1476, 4500.51
1483, 4517.95
1491, 4371.28
1499, 4233.33
1507, 4189.23
1515, 4224.1
1522, 4298.97
1530, 4381.54
1539, 4496.92
1546, 4521.03
1554, 4373.33
1561, 4238.46
1569, 4203.08
1577, 4238.46
1585, 4301.54
1593, 4382.05
1601, 4503.08
1608, 4520
1616, 4366.67
1625, 4236.41
1632, 4204.62
1640, 4238.97
1647, 4305.13
1655, 4381.54
1663, 4487.69
1671, 4507.18
1679, 4369.23
1687, 4235.9
1695, 4199.49
1702, 4243.08
1710, 4305.64
1718, 4376.41
1726, 4484.1
1733, 4500.51
1741, 4363.59
1750, 4239.49
1759, 4211.28
1765, 4246.15
1774, 4298.97
1780, 4375.38
1788, 4482.05
1796, 4495.9
1804, 4369.23
1812, 4245.13
1819, 4208.72
1828, 4252.82
1836, 4317.44
1843, 4386.67
1851, 4481.03
1859, 4493.33
1867, 4371.79
1874, 4247.18
1883, 4204.62
1890, 4243.59
1898, 4311.28
1906, 4378.97
1914, 4470.77
1921, 4491.28
1930, 4367.69
1937, 4237.95
1946, 4204.62
1952, 4249.74
1960, 4311.79
1968, 4378.46
1976, 4478.97
1984, 4498.46
1992, 4365.64
1999, 4239.49
2007, 4215.38
2015, 4254.87
2023, 4307.18
2032, 4380.51
2038, 4485.13
2046, 4493.33
2054, 4361.03
2062, 4243.08
2070, 4210.77
2081, 4249.74
2086, 4312.31
2093, 4383.08
2101, 4485.64
2111, 4497.44
2117, 4360.51
2126, 4240.51
2132, 4209.23
2142, 4243.08
2149, 4304.62
2157, 4373.33
2164, 4437.95
2171, 4394.36
2179, 4318.97
2188, 4364.1
2196, 4367.69
2204, 4284.1
2210, 4322.05
2218, 4392.31
2227, 4352.82
2235, 4328.72
2243, 4350.77
2250, 4345.64
2258, 4332.82
2266, 4340
2274, 4346.15
2281, 4348.21
2290, 4346.15
2296, 4340.51
2305, 4343.59
2313, 4343.59
2321, 4341.03
2329, 4344.62
2336, 4345.64
2343, 4342.56
2352, 4341.54
2359, 4344.62
2367, 4345.64
2376, 4342.56
2382, 4339.49
2391, 4340.51
2398, 4349.23
2407, 4350.77
2414, 4337.95
2423, 4338.97
2429, 4352.31
2437, 4352.31
2445, 4347.18
2453, 4347.18
2461, 4350.77
2468, 4351.79
2477, 4349.74
2485, 4351.28
2497, 4349.23
2501, 4347.18
2509, 4346.67
2515, 4344.62
2524, 4343.59
2531, 4337.44
2540, 4334.36
2547, 4338.46
2555, 4341.03
2563, 4338.97
2570, 4335.38
2578, 4337.44
2586, 4343.59
2594, 4339.49
2601, 4334.87
2609, 4340
2618, 4341.54
2626, 4340.51
2633, 4342.05
2642, 4344.62
2648, 4342.05
2657, 4343.59
2664, 4348.72
2673, 4342.56
2681, 4342.05
2687, 4344.1
2696, 4338.46
2703, 4342.05
2711, 4345.64
2720, 4341.54
2728, 4344.1
2735, 4349.74
2743, 4348.21
2751, 4343.59
2758, 4341.54
2767, 4343.59
2774, 4342.56
2781, 4340.51
2790, 4340.51
2797, 4342.56
2806, 4343.59
2813, 4338.97
2821, 4340.51
2828, 4347.18
2836, 4344.1
2844, 4341.03
2853, 4343.08
2860, 4346.15
2867, 4346.15
2876, 4346.15
2884, 4345.64
2891, 4340
2899, 4341.54
2907, 4345.64
2915, 4340.51
2923, 4343.59
2930, 4348.72
2938, 4342.56
2946, 4337.44
2954, 4339.49
2962, 4342.05
2970, 4340
2978, 4338.97
2985, 4344.1
2992, 4345.13
3000, 4341.54
3008, 4338.46
3016, 4341.03
3025, 4345.13
3032, 4339.49
3039, 4334.87
3047, 4339.49
3055, 4339.49
3063, 4335.9
3071, 4334.87
3079, 4338.97
3087, 4337.95
3094, 4330.26
3103, 4335.9
3111, 4340
3117, 4330.77
3125, 4332.82
3133, 4335.38
3141, 4331.28
3149, 4335.9
3157, 4343.59
3164, 4339.49
3173, 4334.87
3180, 4340.51
3189, 4336.92
3196, 4330.77
3204, 4335.38
3211, 4335.38
3219, 4333.33
3227, 4336.92
3235, 4338.46
3244, 4339.49
3250, 4345.64
3259, 4347.18
3266, 4338.97
3274, 4333.33
3282, 4334.87
3290, 4334.87
3297, 4338.97
3305, 4345.13
3313, 4337.44
3322, 4332.82
3329, 4340
3336, 4342.56
3345, 4336.92
3353, 4332.31
3360, 4335.9
3368, 4340
3376, 4336.41
3383, 4334.87
3391, 4341.03
3399, 4350.77
3407, 4346.67
3415, 4331.79
3423, 4334.87
3430, 4342.56
3438, 4339.49
3446, 4343.59
3454, 4347.18
3462, 4344.1
3469, 4345.64
3477, 4346.67
3485, 4344.62
3494, 4345.13
3501, 4345.64
3508, 4342.56
3516, 4347.69
3525, 4353.85
3533, 4350.26
3541, 4350.77
3548, 4352.31
3556, 4348.21
3563, 4345.64
3572, 4338.46
3580, 4338.46
3587, 4342.05
3594, 4342.05
3602, 4350.77
3611, 4357.44
3618, 4344.62
3626, 4331.79
3634, 4337.95
3641, 4350.26
3649, 4350.77
3657, 4349.23
3665, 4351.79
3673, 4345.64
3681, 4343.08
3688, 4345.13
3696, 4345.13
3704, 4345.13
3712, 4344.62
3720, 4346.67
3727, 4345.64
3735, 4340.51
3743, 4339.49
3751, 4340
3759, 4338.46
3767, 4335.9
3774, 4335.38
3782, 4341.54
3790, 4343.59
3798, 4338.46
3807, 4335.9
3813, 4336.92
3822, 4347.69
3829, 4347.69
3837, 4329.23
3845, 4328.72
3853, 4344.1
3860, 4343.59
3868, 4332.31
3876, 4332.82
3884, 4340
3892, 4341.54
3899, 4340
3907, 4334.87
3915, 4330.26
3923, 4334.36
3931, 4337.95
3939, 4336.92
3946, 4335.38
3955, 4333.85
3963, 4334.36
3970, 4334.87
3978, 4336.41
3985, 4336.92
3993, 4332.82
4001, 4333.33
4010, 4332.31
4017, 4329.74
4025, 4334.87
4032, 4337.95
4040, 4337.44
4048, 4334.36
4056, 4329.23
4064, 4336.92
4071, 4338.97
4080, 4331.28
4087, 4334.87
4095, 4331.79
4103, 4321.54
4111, 4332.82
4118, 4346.67
4126, 4334.87
4134, 4329.23
4142, 4341.54
4150, 4344.1
4158, 4343.08
4165, 4341.54
4173, 4333.85
4182, 4337.95
4190, 4340.51
4197, 4332.31
4204, 4333.33
4212, 4335.38
4220, 4332.82
4228, 4334.36
4236, 4334.36
4244, 4335.9
4252, 4341.54
4259, 4344.1
4267, 4339.49
4276, 4334.87
4283, 4338.46
4290, 4336.92
4298, 4331.79
4306, 4336.41
4314, 4342.56
4323, 4340.51
4330, 4330.77
4337, 4334.87
4345, 4347.18
4354, 4342.56
4361, 4336.41
4369, 4336.92
4376, 4337.44
4385, 4341.54
4393, 4343.08
4401, 4338.97
4408, 4333.33
4417, 4331.79
4423, 4337.44
4431, 4337.44
4440, 4333.33
4447, 4332.82
4456, 4331.79
4462, 4338.46
4470, 4346.67
4478, 4342.56
4486, 4335.38
4495, 4336.92
4502, 4344.62
4509, 4343.08
4517, 4336.41
4525, 4335.38
4533, 4337.95
4541, 4341.03, estimuli
4548, 4341.03
4556, 4339.49
4564, 4340
4574, 4341.03
4580, 4342.05
4588, 4342.05
4596, 4344.62
4604, 4346.15
4611, 4342.56
4619, 4342.56
4628, 4340.51
4634, 4330.77
4642, 4333.33
4651, 4343.08
4658, 4344.1
4668, 4341.03
4674, 4341.03
4682, 4341.54
4690, 4333.33
4698, 4329.23
4705, 4338.97
4713, 4338.97
4720, 4337.95
4728, 4345.64
4736, 4349.74
4744, 4343.08
4752, 4333.33
4760, 4334.36
4767, 4335.9
4776, 4338.97
4783, 4337.95
4792, 4328.72
4799, 4356.92
4807, 4408.21
4815, 4382.05
4823, 4284.62
4830, 4232.31
4839, 4264.62
4847, 4307.18
4854, 4316.92
4862, 4396.41
4869, 4488.72
4877, 4439.49
4885, 4323.08
4893, 4235.9
4900, 4227.18
4909, 4278.97
4916, 4331.28
4925, 4405.64
4933, 4471.79
4940, 4434.87
4947, 4317.95
4956, 4232.31
4963, 4233.33
4971, 4293.85
4980, 4345.64
4987, 4413.85
4994, 4483.08
5002, 4432.82
5011, 4309.23
5018, 4229.23
5026, 4229.23
5034, 4286.67
5041, 4334.87
5049, 4423.08
5057, 4524.62
5065, 4458.46
5072, 4295.38
5080, 4208.21
5089, 4212.82
5097, 4283.59
5104, 4357.44
5112, 4446.15
5120, 4531.79
5128, 4451.79
5135, 4285.13
5144, 4210.26
5152, 4225.13
5159, 4290.77
5166, 4356.41
5175, 4434.36
5183, 4512.31
5191, 4445.13
5197, 4295.38
5205, 4221.54
5213, 4232.31
5222, 4295.38
5229, 4352.82
5238, 4426.67
5245, 4508.72
5253, 4447.18
5260, 4300
5268, 4225.13
5276, 4234.87
5284, 4295.9
5291, 4355.9
5299, 4431.28
5307, 4506.67
5315, 4451.28
5324, 4324.1
5330, 4252.82
5339, 4251.79
5346, 4309.74
5354, 4373.85
5363, 4453.33
5370, 4528.72
5378, 4459.49
5386, 4304.62
5394, 4223.08
5401, 4236.41
5410, 4295.38
5417, 4343.59
5425, 4413.33
5432, 4487.69
5440, 4430.26
5449, 4292.31
5457, 4217.95
5463, 4234.87
5471, 4294.36
5479, 4345.64
5487, 4422.56
5496, 4497.95
5503, 4436.41
5511, 4295.9
5518, 4225.64
5526, 4247.18
5534, 4298.97
5542, 4337.95
5550, 4420
5557, 4503.59
5565, 4437.95
5574, 4303.59
5582, 4237.95
5589, 4246.67
5597, 4310.77
5604, 4369.23
5613, 4435.38
5620, 4510.26
5628, 4447.69
5635, 4291.28
5643, 4205.13
5652, 4209.23
5659, 4272.82
5668, 4348.21
5674, 4434.36
5682, 4507.69
5691, 4437.44
5699, 4289.23
5707, 4221.54
5714, 4241.03
5721, 4303.59
5730, 4360
5737, 4436.92
5745, 4515.9
5753, 4452.31
5760, 4309.23
5769, 4231.28
5777, 4225.64
5785, 4275.38
5792, 4331.79
5801, 4409.23
5808, 4450.26
5815, 4357.44
5824, 4326.67
5832, 4397.95
5840, 4326.67
5847, 4255.9
5854, 4357.44
5863, 4395.38
5871, 4337.95
5878, 4338.97
5886, 4349.74
5893, 4331.28
5901, 4332.31
5909, 4344.1
5917, 4334.87
5925, 4326.15
5933, 4331.28
5940, 4344.1
5948, 4348.21
5956, 4335.9
5964, 4331.28
5972, 4333.33
5979, 4335.38
5987, 4334.36
5995, 4331.79
6003, 4333.33
6012, 4332.31
6019, 4333.85
6027, 4337.44
6035, 4335.38
6042, 4336.92
6051, 4337.95
6058, 4337.44
6065, 4339.49
6073, 4336.92
6081, 4329.74
6090, 4332.31
6098, 4343.59
6105, 4346.15
6113, 4338.46
6120, 4335.9
6128, 4336.92
6136, 4338.97
6144, 4342.56
6151, 4337.95
6159, 4345.64
6167, 4360
6176, 4350.26
6183, 4337.44
6191, 4341.54
6198, 4348.21
6207, 4344.62
6214, 4347.18
6222, 4353.33
6230, 4347.18
6237, 4347.69
6245, 4350.77
6253, 4345.13
6261, 4348.21
6269, 4346.15
6277, 4340.51
6284, 4342.56
6293, 4339.49
6301, 4337.44
6308, 4342.56
6316, 4341.54
6323, 4338.46
6332, 4337.95
6340, 4341.03
6347, 4345.13
6355, 4346.67
6363, 4352.82
6370, 4352.82
6378, 4345.13
6386, 4340.51
6394, 4342.56
6402, 4347.69
6410, 4345.13
6417, 4344.62
6426, 4345.13
6433, 4342.05
6441, 4346.67
6449, 4342.56
6456, 4334.36
6464, 4342.56
6472, 4348.21
6480, 4343.08
6488, 4342.05
6497, 4344.62
6504, 4345.64
6512, 4341.54
6520, 4340
6528, 4337.95
6535, 4334.87
6543, 4345.64
6550, 4352.31
6559, 4346.15
6566, 4339.49
6574, 4341.54
6582, 4352.82
6589, 4347.18
6597, 4331.79
6605, 4337.44
6613, 4352.82
6621, 4351.79
6628, 4337.44
6637, 4336.41
6644, 4344.1
6652, 4342.05
6661, 4344.1
6668, 4350.77
6675, 4347.18
6684, 4340
6691, 4338.97
6699, 4340.51
6707, 4340.51
6714, 4345.13
6723, 4347.18
6730, 4334.87
6738, 4336.92
6746, 4346.15
6754, 4337.44
6761, 4335.38
6769, 4340
6777, 4330.77
6785, 4327.69
6793, 4342.05
6801, 4348.21
6808, 4334.36
6816, 4333.33
6824, 4350.26
6832, 4346.67
6840, 4334.87
6847, 4337.44
6856, 4343.08
6863, 4343.08
6871, 4339.49
6879, 4337.95
6886, 4338.46
6895, 4336.41
6902, 4338.97
6910, 4340
6918, 4337.44
6927, 4335.9
6933, 4341.03
6941, 4347.69
6949, 4339.49
6958, 4334.87
6965, 4346.67
6973, 4344.62
6980, 4334.87
6988, 4345.64
6996, 4361.54
7004, 4356.41
7012, 4341.54
7019, 4342.05
7027, 4346.15
7035, 4339.49
7043, 4336.92
7052, 4340.51
7060, 4343.08
7066, 4341.03
7075, 4338.46
7083, 4341.54
7091, 4343.59
7098, 4338.46
7106, 4334.87
7113, 4340.51
7121, 4347.18
7130, 4340.51
7138, 4336.41
7145, 4345.64
7152, 4348.72
7160, 4344.62
7168, 4335.9
7177, 4329.74
7184, 4341.54
7191, 4347.69
7199, 4338.97
7208, 4343.08
7215, 4359.49
7224, 4353.85
7232, 4333.85
7239, 4340.51
7246, 4350.77
7254, 4343.08
7262, 4340
7271, 4341.54
7277, 4343.59
7285, 4345.64
7293, 4341.03
7301, 4341.54
7309, 4345.13
7318, 4343.59
7324, 4345.64
7333, 4343.08
7340, 4337.44
7349, 4340
7357, 4345.64
7365, 4345.13
7371, 4335.9
7379, 4334.87
7387, 4341.03
7396, 4340
7403, 4336.41
7410, 4343.08
7418, 4354.87
7427, 4346.67
7434, 4331.28
7442, 4337.44
7450, 4341.54
7458, 4336.92
7466, 4340
7473, 4341.54
7481, 4342.05
7490, 4342.05
7496, 4342.05
7504, 4340.51
7512, 4340
7520, 4344.62
7528, 4344.62
7536, 4343.08
7543, 4349.74, estimuli
7552, 4348.72
7560, 4340
7567, 4336.41
7576, 4343.08
7583, 4351.28
7591, 4345.64
7598, 4335.38
7606, 4338.97
7615, 4347.18
7623, 4346.67
7630, 4343.59
7637, 4349.74
7646, 4351.79
7653, 4347.69
7661, 4347.69
7669, 4340.51
7677, 4335.9
7685, 4338.97
7692, 4341.54
7700, 4353.33
7708, 4344.1
7715, 4361.03
7724, 4473.85
7731, 4515.38
7739, 4330.77
7748, 4136.92
7754, 4134.87
7763, 4233.85
7771, 4255.38
7779, 4361.54
7787, 4611.28
7795, 4652.82
7801, 4433.33
7810, 4172.82
7817, 4062.56
7825, 4156.41
7834, 4283.59
7840, 4439.49
7848, 4628.21
7857, 4624.62
7865, 4391.28
7873, 4176.41
7880, 4079.49
7887, 4140
7896, 4283.08
7903, 4431.79
7912, 4616.92
7920, 4631.28
7928, 4393.33
7934, 4170.26
7942, 4081.03
7950, 4149.74
7959, 4294.87
7966, 4445.13
7974, 4632.82
7982, 4646.15
7990, 4396.41
7997, 4176.92
8006, 4107.69
8014, 4175.38
8020, 4301.03
8029, 4431.28
8036, 4614.36
8044, 4637.95
8053, 4400.51
8060, 4192.31
8067, 4125.64
8076, 4180
8084, 4293.85
8091, 4428.21
8099, 4609.23
8106, 4618.97
8115, 4381.03
8123, 4180
8130, 4126.15
8138, 4193.85
8146, 4309.23
8153, 4433.85
8161, 4601.03
8169, 4607.69
8178, 4374.36
8185, 4183.59
8193, 4137.95
8201, 4196.92
8209, 4301.54
8217, 4423.59
8224, 4582.05
8231, 4588.72
8239, 4378.97
8247, 4195.9
8256, 4151.79
8263, 4216.41
8271, 4311.79
8279, 4433.85
8287, 4592.82
8295, 4588.21
8303, 4375.38
8311, 4205.64
8317, 4170.26
8326, 4223.08
8334, 4307.69
8342, 4428.21
8349, 4593.33
8358, 4595.9
8365, 4380.51
8373, 4200
8381, 4166.15
8388, 4228.21
8396, 4312.82
8404, 4427.18
8412, 4587.69
8420, 4589.23
8428, 4375.9
8436, 4200.51
8444, 4166.67
8450, 4227.18
8459, 4316.41
8466, 4431.79
8474, 4588.72
8483, 4595.9
8490, 4388.21
8497, 4203.08
8506, 4156.41
8514, 4217.44
8522, 4307.18
8529, 4418.97
8536, 4582.56
8545, 4591.28
8553, 4376.41
8561, 4198.46
8568, 4158.97
8577, 4216.92
8584, 4310.77
8592, 4432.31
8599, 4591.79
8608, 4584.1
8615, 4370.77
8623, 4200
8631, 4156.41
8639, 4220.51
8647, 4314.36
8655, 4424.62
8662, 4592.82
8669, 4594.87
8677, 4371.28
8685, 4201.03
8694, 4167.18
8701, 4224.1
8708, 4315.9
8716, 4427.18
8724, 4521.03
8732, 4432.31
8740, 4321.03
8748, 4402.56
8755, 4389.74
8763, 4248.21
8771, 4318.46
8780, 4424.62
8787, 4356.41
8794, 4322.56
8803, 4353.33
8810, 4355.9
8818, 4350.26
8826, 4351.79
8835, 4352.31
8842, 4355.38
8850, 4352.82
8858, 4348.21
8865, 4353.85
8873, 4357.44
8880, 4361.54
8888, 4361.54
8896, 4358.46
8904, 4356.92
8913, 4356.92
8920, 4362.56
8928, 4357.95
8935, 4348.21
8944, 4348.72
8951, 4352.31
8959, 4357.44
8967, 4359.49
8975, 4355.38
8982, 4353.33
8991, 4353.85
8998, 4354.36
9006, 4349.74
9013, 4346.67
9022, 4354.36
9029, 4353.33
9037, 4345.64
9045, 4348.21
9053, 4351.28
9061, 4352.82
9069, 4353.85
9076, 4355.38
9085, 4352.82
9092, 4348.72
9100, 4352.82
9108, 4357.95
9116, 4356.41
9124, 4349.74
9131, 4351.28
9139, 4363.08
9146, 4357.95
9154, 4349.23
9162, 4357.44
9170, 4354.87
9179, 4348.72
9185, 4353.85
9193, 4351.28
9201, 4347.69
9210, 4348.72
9217, 4351.79
9226, 4354.36
9232, 4352.31
9240, 4353.33
9248, 4356.92
9257, 4357.95
9265, 4352.31
9271, 4348.72
9279, 4357.44
9287, 4358.97
9295, 4353.85
9304, 4355.38
9311, 4358.46
9318, 4357.95
9326, 4354.87
9334, 4360
9342, 4367.69
9350, 4357.44
9357, 4351.79
9365, 4355.38
9373, 4350.77
9381, 4352.82
9389, 4358.97
9397, 4358.46
9404, 4355.38
9412, 4355.38
9420, 4352.82
9428, 4347.69
9436, 4353.33
9443, 4353.85
9451, 4344.62
9459, 4349.23
9467, 4356.92
9475, 4352.31
9484, 4352.31
9491, 4354.87
9498, 4351.28
9507, 4351.28
9514, 4358.46
9523, 4361.03
9529, 4356.41
9537, 4364.1
9545, 4374.36
9553, 4370.77
9561, 4368.21
9569, 4363.08
9577, 4358.46
9584, 4363.59
9593, 4367.18
9601, 4362.05
9608, 4358.97
9617, 4362.05
9623, 4360.51
9631, 4356.92
9639, 4362.05
9647, 4356.92
9656, 4349.74
9663, 4358.97
9670, 4365.64
9679, 4363.08
9686, 4359.49
9695, 4358.46
9703, 4360.51
9710, 4358.46
9717, 4360
9725, 4360
9733, 4358.97
9742, 4364.1
9748, 4364.62
9756, 4361.54
9764, 4364.1
9772, 4367.69
9780, 4369.74
9788, 4365.64
9795, 4357.44
9803, 4356.41
9812, 4360
9819, 4358.97
9827, 4354.36
9834, 4355.38
9842, 4361.54
9850, 4356.41
9858, 4353.85
9866, 4360
9874, 4358.46
9881, 4355.9
9889, 4357.95
9898, 4358.97
9905, 4356.92
9914, 4357.95
9920, 4365.13
9928, 4363.59
9936, 4361.54
9944, 4364.1
9952, 4362.05
9960, 4357.95
9967, 4357.95
9975, 4364.62
9983, 4369.74
9991, 4360
9999, 4353.33
10006, 4354.36
10014, 4358.97
10023, 4366.67
10030, 4361.03
10038, 4346.67
10046, 4347.69
10053, 4356.92
10061, 4355.9
10069, 4347.69
10077, 4350.77
10086, 4354.87
10092, 4352.82
10100, 4351.28
10108, 4348.72
10117, 4354.36
10125, 4358.46
10133, 4350.26
10140, 4350.77
10147, 4357.95
10155, 4359.49
10163, 4363.08
10171, 4366.15
10180, 4361.54
10186, 4355.9
10194, 4358.97
10202, 4366.15
10210, 4357.44
10218, 4351.28
10225, 4355.9
10233, 4356.92
10241, 4360.51
10249, 4362.05
10257, 4357.95
10265, 4354.36
10272, 4356.92
10280, 4358.46
10288, 4351.28
10296, 4350.77
10304, 4358.97
10311, 4360.51
10319, 4356.41
10327, 4352.31
10336, 4354.87
10344, 4358.97
10352, 4356.92
10358, 4356.92
10366, 4358.97
10374, 4361.03
10382, 4363.08
10390, 4359.49
10397, 4354.87
10405, 4357.95
10413, 4365.64
10421, 4363.59
10429, 4350.77
10437, 4350.26
10444, 4358.46
10452, 4358.46
10460, 4355.9
10468, 4354.87
10476, 4355.9
10483, 4356.41
10492, 4352.82
10499, 4354.87
10507, 4357.95
10515, 4355.9
10524, 4354.87
10530, 4357.44
10539, 4359.49
10546, 4355.9, estimuli
10554, 4352.31
10562, 4356.41
10570, 4355.9
10577, 4352.82
10586, 4353.85
10594, 4355.9
10601, 4354.36
10610, 4352.31
10617, 4366.15
10625, 4372.31
10633, 4356.92
10640, 4348.72
10648, 4347.69
10656, 4349.74
10664, 4355.9
10672, 4356.92
10679, 4355.9
10687, 4356.92
10695, 4348.21
10702, 4346.67
10710, 4360
10718, 4349.74
10727, 4365.64
10735, 4471.28
10742, 4515.38
10749, 4333.85
10758, 4140
10766, 4139.49
10774, 4246.15
10782, 4285.64
10788, 4387.18
10797, 4623.08
10805, 4666.15
10813, 4446.15
10820, 4180
10829, 4061.54
10835, 4166.67
10844, 4301.03
10851, 4434.36
10860, 4627.18
10867, 4650.77
10874, 4412.31
10883, 4177.95
10891, 4078.46
10898, 4149.23
10907, 4296.41
10915, 4440.51
10922, 4631.79
10930, 4645.64
10937, 4406.15
10946, 4184.62
10953, 4088.21
10960, 4155.9
10969, 4298.46
10977, 4437.44
10984, 4624.1
10993, 4644.1
11000, 4399.49
11008, 4176.41
11015, 4108.21
11024, 4177.44
11031, 4295.38
11040, 4431.79
11046, 4625.64
11055, 4635.9
11062, 4378.97
11070, 4169.23
11078, 4121.54
11086, 4187.69
11094, 4298.97
11101, 4428.21
11109, 4608.21
11117, 4628.21
11125, 4381.03
11132, 4165.13
11141, 4128.72
11149, 4200.51
11157, 4300.51
11165, 4425.64
11172, 4604.1
11180, 4622.56
11188, 4387.18
11195, 4184.1
11204, 4148.21
11211, 4222.56
11219, 4325.13
11227, 4441.54
11235, 4600.51
11243, 4607.69
11250, 4387.18
11259, 4205.13
11265, 4169.74
11274, 4221.54
11282, 4303.59
11290, 4420
11298, 4589.23
11306, 4599.49
11312, 4380
11320, 4195.38
11329, 4156.92
11336, 4222.56
11344, 4314.87
11352, 4426.67
11360, 4589.23
11367, 4594.36
11376, 4377.95
11384, 4202.05
11392, 4164.1
11399, 4224.62
11407, 4323.08
11415, 4437.95
11422, 4581.54
11430, 4574.87
11437, 4376.92
11446, 4209.23
11454, 4163.08
11462, 4224.1
11469, 4319.49
11478, 4438.46
11485, 4595.9
11493, 4585.64
11501, 4371.79
11509, 4201.54
11517, 4160
11523, 4218.97
11532, 4312.31
11540, 4429.23
11547, 4590.26
11556, 4594.36
11563, 4378.46
11571, 4196.41
11578, 4160
11586, 4223.08
11594, 4315.9
11603, 4433.85
11611, 4595.38
11617, 4602.05
11626, 4382.05
11633, 4196.92
11642, 4166.67
11650, 4233.85
11657, 4317.44
11664, 4426.67
11673, 4591.28
11681, 4600
11688, 4378.46
11696, 4194.87
11704, 4160.51
11712, 4221.54
11720, 4307.69
11727, 4408.21
11735, 4508.72
11742, 4439.49
11750, 4322.05
11758, 4400
11766, 4394.87
11774, 4251.28
11782, 4323.59
11789, 4433.33
11797, 4367.18
11805, 4340
11813, 4372.31
11822, 4364.62
11828, 4346.15
11836, 4352.31
11844, 4364.62
11852, 4364.1
11861, 4356.41
11869, 4354.87
11875, 4360
11883, 4355.38
11892, 4354.87
11899, 4367.69
11907, 4362.05
11914, 4346.67
11922, 4349.23
11930, 4358.46
11938, 4361.54
11946, 4356.41
11954, 4355.38
11961, 4358.46
11969, 4354.87
11977, 4354.87
11985, 4353.85
11993, 4355.38
12000, 4358.97
12008, 4353.85
12016, 4353.85
12024, 4360.51
12033, 4354.87
12041, 4352.31
12047, 4357.95
12056, 4359.49
12063, 4360.51
12071, 4363.59
12079, 4363.59
12087, 4358.97
12094, 4358.97
12102, 4367.69
12110, 4367.18
12118, 4356.41
12127, 4345.13
12133, 4345.64
12142, 4352.82
12149, 4351.28
12157, 4353.33
12165, 4358.97
12172, 4355.9
12181, 4351.28
12188, 4347.69
12197, 4348.72
12205, 4354.36
12212, 4355.9
12219, 4354.87
12228, 4350.77
12236, 4349.23
12244, 4349.23
12251, 4348.21
12258, 4353.85
12267, 4352.82
12274, 4350.77
12283, 4356.41
12290, 4356.41
12298, 4349.74
12305, 4346.15
12313, 4355.9
12321, 4367.18
12329, 4361.54
12337, 4352.31
12346, 4351.28
12352, 4353.85
12361, 4352.31
12368, 4348.72
12377, 4353.85
12385, 4357.95
12392, 4349.74
12400, 4347.69
12407, 4355.9
12416, 4355.38
12423, 4346.67
12431, 4345.13
12439, 4349.74
12446, 4347.69
12455, 4355.9
12463, 4364.1
12471, 4350.26
12478, 4349.23
12485, 4355.38
12493, 4349.74
12501, 4354.36
12509, 4365.64
12517, 4356.92
12524, 4347.18
12532, 4353.33
12541, 4363.08
12548, 4357.95
12557, 4349.74
12563, 4348.21
12572, 4348.72
12579, 4351.79
12587, 4351.28
12595, 4349.23
12603, 4348.21
12610, 4347.69
12618, 4352.31
12626, 4352.82
12634, 4351.28
12642, 4348.72
12649, 4351.28
12657, 4356.92
12665, 4350.77
12673, 4344.62
12681, 4348.72
12689, 4348.72
12697, 4353.33
12704, 4360
12713, 4353.33
12720, 4349.74
12728, 4351.79
12735, 4353.33
12743, 4354.36
12752, 4351.79
12760, 4351.79
12768, 4350.77
12776, 4346.15
12783, 4345.13
12791, 4346.67
12798, 4353.85
12806, 4357.44
12814, 4350.26
12823, 4343.59
12829, 4344.1
12837, 4347.69
12846, 4350.26
12854, 4349.23
12862, 4347.69
12869, 4347.69
12877, 4348.72
12884, 4343.08
12893, 4338.97
12901, 4350.77
12908, 4357.44
12915, 4356.41
12923, 4357.95
12931, 4355.9
12940, 4355.38
12948, 4355.9
12955, 4354.36
12963, 4355.9
12971, 4359.49
12979, 4357.95
12987, 4351.79
12994, 4355.9
13001, 4362.05
13009, 4352.31
13017, 4346.67
13026, 4349.74
13033, 4348.21
13040, 4348.72
13048, 4347.18
13056, 4346.15
13064, 4350.77
13072, 4346.15
13080, 4340.51
13087, 4347.18
13096, 4356.41
13104, 4353.33
13111, 4350.77
13119, 4354.87
13126, 4354.36
13134, 4351.79
13142, 4358.97
13150, 4364.62
13158, 4356.92
13166, 4352.31
13173, 4361.03
13181, 4362.56
13189, 4350.26
13197, 4350.77
13205, 4355.9
13212, 4349.23
13220, 4349.74
13228, 4351.28
13236, 4348.72
13244, 4352.82
13252, 4352.31
13259, 4349.74
13267, 4349.74
13275, 4351.28
13283, 4353.85
13291, 4350.77
13300, 4348.21
13307, 4348.72
13315, 4354.87
13323, 4359.49
13330, 4351.79
13339, 4348.21
13346, 4353.85
13354, 4357.44
13361, 4356.92
13370, 4353.85
13377, 4351.79
13385, 4357.44
13392, 4362.56
13400, 4353.85
13408, 4346.15
13416, 4350.26
13424, 4346.67
13431, 4344.1
13439, 4355.9
13448, 4360
13455, 4353.33
13463, 4350.26
13471, 4350.77
13478, 4356.41
13486, 4350.26
13494, 4345.13
13502, 4354.87
13511, 4350.77
13517, 4338.46
13526, 4342.56
13533, 4350.26
13541, 4351.28
13549, 4356.92, estimuli
13557, 4367.18
13564, 4356.92
13572, 4346.67
13581, 4357.44
13589, 4359.49
13596, 4356.41
13603, 4364.1
13611, 4360
13620, 4352.31
13628, 4354.87
13635, 4355.9
13644, 4347.69
13650, 4343.08
13658, 4352.82
13666, 4356.92
13674, 4348.21
13682, 4344.62
13690, 4345.13
13698, 4337.95
13706, 4343.08
13714, 4351.79
13721, 4345.13
13730, 4390.77
13736, 4501.03
13745, 4474.36
13752, 4262.05
13760, 4126.15
13768, 4172.82
13776, 4254.87
13783, 4287.69
13791, 4459.49
13799, 4669.23
13807, 4597.95
13815, 4348.72
13823, 4130.77
13830, 4082.56
13839, 4193.85
13847, 4321.03
13855, 4493.33
13863, 4661.03
13870, 4581.54
13877, 4320
13885, 4132.82
13894, 4094.36
13901, 4200
13909, 4330.77
13916, 4489.23
13924, 4653.33
13932, 4568.72
13940, 4309.74
13948, 4126.67
13956, 4088.21
13963, 4194.87
13971, 4329.23
13979, 4485.64
13987, 4644.1
13994, 4562.05
14002, 4302.56
14011, 4125.13
14018, 4100.51
14027, 4208.21
14035, 4331.79
14042, 4473.85
14050, 4628.21
14058, 4550.77
14066, 4295.38
14074, 4133.85
14080, 4118.97
14088, 4209.23
14096, 4322.56
14105, 4467.69
14113, 4628.21
14120, 4555.38
14127, 4289.23
14135, 4127.69
14143, 4130.77
14151, 4222.56
14159, 4320.51
14167, 4458.46
14175, 4620.51
14182, 4551.79
14190, 4293.85
14198, 4136.92
14207, 4137.95
14213, 4229.23
14222, 4332.82
14229, 4469.23
14238, 4618.46
14245, 4544.1
14252, 4292.82
14260, 4142.05
14268, 4144.62
14277, 4232.31
14285, 4330.26
14293, 4467.18
14299, 4611.28
14308, 4534.36
14315, 4301.54
14324, 4162.56
14331, 4161.54
14339, 4243.08
14346, 4331.79
14355, 4463.08
14362, 4606.15
14370, 4529.74
14378, 4301.54
14386, 4163.08
14393, 4156.92
14401, 4242.56
14409, 4337.95
14417, 4467.18
14425, 4608.72
14432, 4534.36
14441, 4297.44
14448, 4160.51
14457, 4175.9
14465, 4251.79
14471, 4326.67
14479, 4461.54
14488, 4601.54
14495, 4520
14503, 4293.85
14511, 4158.97
14519, 4154.87
14526, 4231.28
14534, 4325.13
14543, 4464.1
14550, 4602.05
14557, 4521.54
14565, 4296.41
14574, 4161.03
14582, 4154.87
14590, 4228.21
14598, 4323.08
14605, 4460.51
14613, 4598.97
14621, 4524.1
14628, 4292.82
14637, 4149.74
14644, 4150.77
14652, 4235.9
14659, 4330.26
14667, 4467.69
14676, 4608.72
14683, 4521.03
14691, 4285.64
14699, 4154.87
14707, 4152.31
14715, 4229.74
14723, 4325.13
14730, 4440
14738, 4500.51
14746, 4379.49
14754, 4324.1
14762, 4413.85
14770, 4325.13
14777, 4232.82
14785, 4365.64
14793, 4410.77
14801, 4331.79
14809, 4331.79
14816, 4348.72
14824, 4336.41
14832, 4331.79
14840, 4342.56
14848, 4351.28
14856, 4351.79
14863, 4342.56
14871, 4344.1
14879, 4360.51
14887, 4354.36
14895, 4338.46
14903, 4341.03
14910, 4348.21
14918, 4346.15
14926, 4342.05
14934, 4347.18
14942, 4352.82
14949, 4349.74
14957, 4348.72
14965, 4350.77
14973, 4347.69
14981, 4345.64
14989, 4344.1
14996, 4342.05
15004, 4340
15012, 4342.56
15020, 4352.31
15028, 4351.28
15035, 4342.05
15043, 4338.46
15051, 4340.51
15059, 4346.67
15067, 4349.23
15075, 4348.72
15082, 4347.18
15090, 4348.72
15098, 4353.33
15112, 4346.15
15114, 4338.97
15121, 4346.15
15129, 4351.79
15137, 4348.21
15145, 4347.69
15153, 4357.95
15161, 4360
15168, 4344.62
15176, 4335.38
15184, 4344.62
15192, 4353.85
15200, 4351.28
15207, 4341.54
15215, 4342.05
15223, 4352.82
15231, 4352.31
15239, 4346.67
15247, 4344.1
15254, 4346.67
15262, 4351.79
15270, 4347.18
15278, 4348.72
15286, 4354.87
15293, 4351.28
15301, 4348.72
15309, 4346.15
15317, 4340.51
15325, 4336.92
15333, 4341.54
15340, 4344.62
15348, 4337.95
15356, 4343.08
15364, 4357.44
15372, 4355.38
15379, 4343.59
15387, 4341.54
15395, 4347.69
15403, 4345.64
15411, 4335.9
15419, 4334.87
15426, 4341.03
15434, 4346.15
15442, 4345.64
15450, 4340.51
15458, 4345.64
15466, 4349.74
15473, 4344.1
15481, 4347.18
15489, 4349.23
15497, 4340.51
15505, 4337.44
15512, 4348.21
15520, 4351.28
15528, 4337.44
15536, 4331.28
15544, 4336.92
15551, 4340
15559, 4344.62
15567, 4346.67
15575, 4345.64
15583, 4348.72
15591, 4349.74
15598, 4348.72
15606, 4348.72
15614, 4351.79
15622, 4352.82
15630, 4347.69
15638, 4343.59
15645, 4341.03
15653, 4347.18
15661, 4350.77
15669, 4338.46
15677, 4332.82
15684, 4343.08
15692, 4345.13
15700, 4340.51
15708, 4339.49
15716, 4336.92
15724, 4338.97
15731, 4347.69
15739, 4349.74
15747, 4337.95
15755, 4334.87
15763, 4341.54
15770, 4338.97
15778, 4341.03
15786, 4347.69
15794, 4347.69
15802, 4348.72
15810, 4348.21
15817, 4348.72
15825, 4347.69
15833, 4346.15
15841, 4346.67
15849, 4342.05
15856, 4341.03
15864, 4345.13
15872, 4349.74
15880, 4350.26
15888, 4344.62
15896, 4348.21
15903, 4352.82
15911, 4343.59
15919, 4337.95
15927, 4341.03
15935, 4341.54
15943, 4342.56
15950, 4351.79
15958, 4353.33
15966, 4335.9
15974, 4331.79
15982, 4345.13
15989, 4345.13
15997, 4343.08
16005, 4347.18
16013, 4345.64
16021, 4348.72
16028, 4353.33
16036, 4349.74
16044, 4346.15
16052, 4347.69
16060, 4349.74
16068, 4349.74
16075, 4348.72
16083, 4346.15
16091, 4347.18
16099, 4349.74
16107, 4346.67
16115, 4352.31
16122, 4355.38
16130, 4343.59
16138, 4341.03
16146, 4346.15
16154, 4347.69
16161, 4351.28
16169, 4349.74
16177, 4351.28
16185, 4350.77
16193, 4336.41
16201, 4333.33
16208, 4344.1
16216, 4351.79
16224, 4351.79
16232, 4347.69
16240, 4346.67
16247, 4351.28
16254, 4355.38
16262, 4353.85
16270, 4351.79
16278, 4352.82
16286, 4349.74
16293, 4349.23
16301, 4350.77
16309, 4347.18
16317, 4347.69
16325, 4350.77
16333, 4351.28
16340, 4352.82
16348, 4352.82
16356, 4354.87
16364, 4350.77
16373, 4344.1
16379, 4349.74
16387, 4353.85
16395, 4346.67
16403, 4342.56
16411, 4347.18
16418, 4348.21
16427, 4345.64
16434, 4353.85
16442, 4356.92
16450, 4349.74
16459, 4355.38
16465, 4357.44
16474, 4345.64
16481, 4347.18
16489, 4356.41
16497, 4360.51
16504, 4360
16513, 4356.92
16521, 4352.31
16528, 4351.28
16536, 4353.85
16545, 4351.79
16552, 4352.31, estimuli
16560, 4355.9
16567, 4349.74
16575, 4344.62
16583, 4351.79
16591, 4360
16598, 4353.33
16606, 4341.54
16614, 4346.15
16623, 4353.33
16631, 4347.69
16638, 4343.08
16646, 4343.59
16653, 4349.23
16661, 4356.41
16670, 4352.31
16677, 4349.74
16684, 4353.33
16693, 4345.64
16701, 4342.56
16709, 4358.46
16717, 4349.74
16724, 4348.72
16731, 4437.95
16740, 4521.54
16747, 4394.87
16755, 4184.1
16764, 4127.69
16770, 4217.95
16779, 4268.72
16786, 4330.26
16795, 4561.03
16803, 4674.36
16810, 4491.79
16817, 4230.77
16826, 4075.9
16834, 4128.21
16841, 4258.46
16849, 4388.21
16857, 4577.44
16864, 4656.41
16873, 4466.67
16881, 4226.15
16889, 4094.87
16896, 4118.97
16904, 4257.95
16912, 4393.85
16919, 4571.28
16928, 4651.79
16935, 4464.62
16943, 4226.15
16951, 4101.03
16959, 4132.82
16966, 4262.56
16975, 4391.79
16981, 4567.18
16990, 4645.13
16997, 4461.03
17006, 4230.77
17014, 4114.36
17021, 4140
17029, 4261.03
17037, 4381.54
17044, 4548.72
17053, 4633.33
17060, 4448.72
17068, 4212.82
17076, 4122.05
17084, 4163.08
17091, 4268.72
17100, 4379.49
17108, 4544.1
17114, 4631.28
17123, 4447.69
17130, 4211.28
17139, 4130.77
17147, 4178.46
17153, 4275.9
17161, 4382.56
17170, 4546.67
17178, 4625.13
17185, 4440
17194, 4212.82
17200, 4134.36
17209, 4179.49
17216, 4278.97
17225, 4385.13
17233, 4533.85
17241, 4600.51
17247, 4427.69
17255, 4216.92
17264, 4140
17271, 4181.54
17280, 4274.87
17286, 4378.97
17295, 4538.46
17303, 4604.62
17310, 4427.18
17318, 4225.64
17326, 4154.36
17333, 4192.82
17342, 4282.56
17350, 4387.18
17358, 4546.67
17366, 4612.31
17373, 4434.87
17381, 4229.74
17388, 4162.56
17397, 4200
17404, 4269.74
17413, 4371.79
17419, 4547.69
17428, 4600
17435, 4407.69
17443, 4217.44
17451, 4154.87
17459, 4188.21
17466, 4272.82
17475, 4374.36
17483, 4523.59
17491, 4589.74
17498, 4427.69
17505, 4217.95
17514, 4141.54
17521, 4190.77
17529, 4275.9
17537, 4374.36
17545, 4532.82
17553, 4591.28
17561, 4416.41
17569, 4223.08
17577, 4157.44
17584, 4194.87
17592, 4282.56
17599, 4382.56
17607, 4530.77
17615, 4595.38
17624, 4426.15
17631, 4222.56
17638, 4156.92
17647, 4200.51
17654, 4282.56
17662, 4382.56
17670, 4532.82
17677, 4585.13
17685, 4408.21
17693, 4219.49
17701, 4160
17709, 4193.85
17717, 4280.51
17724, 4376.41
17732, 4481.03
17740, 4462.05
17748, 4333.33
17757, 4368.21
17763, 4408.72
17771, 4272.31
17779, 4284.1
17787, 4417.95
17796, 4381.03
17804, 4323.08
17810, 4351.28
17818, 4357.44
17827, 4342.05
17834, 4346.15
17842, 4356.92
17849, 4361.03
17857, 4364.1
17866, 4352.82
17873, 4344.62
17881, 4344.62
17889, 4340.51
17896, 4342.56
17904, 4347.69
17912, 4348.21
17920, 4348.21
17928, 4348.21
17935, 4349.23
17943, 4345.64
17952, 4344.1
17959, 4351.28
17967, 4351.28
17975, 4348.21
17983, 4349.23
17991, 4351.79
17998, 4359.49
18007, 4358.46
18014, 4349.23
18022, 4351.28
18029, 4356.92
18037, 4350.26
18045, 4341.03
18053, 4347.18
18061, 4357.44
18068, 4354.36
18076, 4351.28
18085, 4348.72
18092, 4346.67
18100, 4349.74
18108, 4350.77
18115, 4348.72
18123, 4347.69
18131, 4349.23
18139, 4348.72
18147, 4352.31
18154, 4364.1
18162, 4363.08
18170, 4349.74
18179, 4355.38
18186, 4368.21
18194, 4367.69
18201, 4365.64
18210, 4364.62
18217, 4363.08
18225, 4358.46
18233, 4357.95
18241, 4358.46
18248, 4356.41
18256, 4362.05
18264, 4361.03
18273, 4358.46
18280, 4368.72
18287, 4366.67
18295, 4352.31
18304, 4350.26
18311, 4359.49
18319, 4357.44
18327, 4352.31
18334, 4360.51
18342, 4361.54
18350, 4349.23
18358, 4346.15
18366, 4355.9
18373, 4365.64
18381, 4358.46
18389, 4349.74
18397, 4358.46
18405, 4361.03
18412, 4358.46
18421, 4365.13
18428, 4362.05
18436, 4355.9
18445, 4362.05
18452, 4365.64
18459, 4357.95
18467, 4347.18
18475, 4352.82
18483, 4366.15
18491, 4363.59
18498, 4357.44
18506, 4353.33
18514, 4352.31
18522, 4353.85
18530, 4355.38
18538, 4356.41
18545, 4360
18553, 4365.64
18561, 4357.95
18569, 4348.72
18577, 4359.49
18584, 4364.1
18592, 4355.9
18600, 4353.33
18608, 4356.92
18616, 4363.59
18625, 4364.1
18631, 4357.44
18639, 4355.9
18647, 4355.9
18656, 4358.97
18663, 4363.08
18670, 4366.15
18678, 4368.21
18686, 4355.9
18694, 4347.69
18702, 4359.49
18711, 4362.56
18717, 4354.36
18725, 4351.28
18733, 4353.33
18742, 4353.85
18749, 4355.9
18757, 4357.95
18764, 4351.28
18772, 4352.31
18780, 4361.03
18788, 4355.38
18796, 4349.23
18803, 4353.85
18811, 4361.54
18819, 4363.08
18827, 4357.95
18835, 4357.44
18842, 4360
18850, 4363.59
18858, 4365.64
18867, 4355.38
18874, 4352.31
18882, 4361.03
18889, 4360.51
18898, 4354.36
18905, 4355.38
18914, 4363.59
18921, 4364.62
18929, 4352.82
18936, 4346.15
18944, 4347.18
18952, 4347.69
18960, 4348.72
18968, 4348.72
18975, 4353.33
18983, 4353.33
18991, 4346.15
18999, 4348.72
19007, 4350.26
19015, 4349.23
19022, 4354.87
19030, 4356.92
19039, 4351.79
19046, 4349.23
19054, 4355.38
19061, 4358.97
19069, 4355.38
19078, 4353.33
19085, 4350.77
19093, 4352.31
19101, 4352.82
19109, 4347.69
19116, 4353.85
19124, 4364.1
19132, 4352.31
19140, 4334.87
19148, 4348.21
19155, 4371.28
19163, 4361.54
19171, 4348.21
19179, 4355.38
19187, 4356.92
19194, 4355.9
19202, 4360
19210, 4360.51
19218, 4366.15
19226, 4366.67
19233, 4363.08
19241, 4363.59
19249, 4365.64
19257, 4366.67
19266, 4362.05
19274, 4363.08
19280, 4367.18
19288, 4364.1
19296, 4363.08
19304, 4361.03
19312, 4363.59
19320, 4367.69
19327, 4356.41
19335, 4349.23
19343, 4354.87
19351, 4356.41
19359, 4352.82
19366, 4349.74
19374, 4354.87
19382, 4354.87
19390, 4350.77
19398, 4356.92
19406, 4356.41
19413, 4345.64
19421, 4343.08
19429, 4351.79
19437, 4356.41
19445, 4351.79
19452, 4357.44
19460, 4364.1
19468, 4358.46
19477, 4354.87
19484, 4351.79
19493, 4347.69
19499, 4349.23
19507, 4350.26
19516, 4354.87
19523, 4358.97
19532, 4355.38
19538, 4351.79
19546, 4352.31
19554, 4357.44, estimuli
19562, 4350.77
19570, 4334.87
19578, 4337.44
19586, 4350.77
19594, 4356.41
19601, 4354.87
19609, 4356.92
19617, 4360.51
19624, 4353.33
19633, 4343.59
19640, 4345.64
19649, 4348.72
19656, 4348.21
19665, 4353.85
19671, 4366.15
19680, 4363.08
19688, 4350.26
19695, 4350.77
19703, 4351.79
19712, 4344.1
19718, 4344.1
19726, 4363.08
19735, 4359.49
19742, 4338.46
19750, 4411.28
19757, 4547.69
19765, 4475.9
19773, 4216.41
19781, 4086.67
19790, 4164.62
19797, 4250.26
19805, 4286.15
19812, 4502.05
19820, 4715.38
19829, 4596.41
19836, 4311.28
19844, 4081.54
19852, 4062.05
19859, 4198.46
19867, 4346.15
19875, 4547.69
19884, 4698.97
19891, 4560
19899, 4276.41
19907, 4097.44
19915, 4076.41
19923, 4202.56
19929, 4351.79
19937, 4542.56
19945, 4695.9
19953, 4554.87
19961, 4276.92
19969, 4108.21
19976, 4091.28
19985, 4205.13
19993, 4342.56
20000, 4529.23
20008, 4689.23
20015, 4552.82
20024, 4268.21
20031, 4106.15
20040, 4096.41
20047, 4209.23
20055, 4342.56
20062, 4522.56
20071, 4690.77
20079, 4557.95
20087, 4259.49
20094, 4108.21
20101, 4123.08
20110, 4229.23
20118, 4349.74
20125, 4517.44
20133, 4671.79
20142, 4549.23
20149, 4270.77
20157, 4116.41
20164, 4124.1
20173, 4236.41
20180, 4355.38
20187, 4508.72
20196, 4651.79
20203, 4526.15
20212, 4260.51
20220, 4135.38
20227, 4146.15
20234, 4232.82
20242, 4346.67
20250, 4520.51
20259, 4661.03
20266, 4521.54
20275, 4263.59
20281, 4143.08
20290, 4156.41
20297, 4242.56
20305, 4340.51
20314, 4503.08
20320, 4650.26
20329, 4519.49
20337, 4261.54
20344, 4140
20352, 4152.82
20361, 4244.1
20368, 4354.87
20376, 4512.31
20383, 4641.03
20392, 4513.85
20400, 4256.92
20407, 4127.18
20415, 4153.33
20422, 4244.62
20430, 4341.03
20438, 4510.77
20447, 4649.74
20454, 4510.77
20461, 4253.33
20469, 4138.97
20478, 4164.62
20486, 4247.69
20492, 4349.23
20501, 4512.82
20509, 4642.05
20517, 4514.36
20524, 4262.56
20533, 4130.77
20539, 4149.74
20548, 4250.77
20556, 4352.82
20563, 4499.49
20571, 4632.82
20579, 4516.92
20587, 4260
20594, 4130.26
20602, 4161.03
20611, 4258.46
20618, 4346.15
20626, 4492.82
20633, 4637.44
20642, 4522.05
20650, 4264.1
20657, 4138.46
20665, 4169.23
20672, 4266.15
20681, 4353.33
20688, 4497.44
20697, 4633.85
20705, 4510.77
20711, 4268.21
20720, 4153.85
20727, 4158.46
20735, 4245.13
20743, 4351.79
20751, 4477.44
20759, 4510.26
20766, 4362.05
20774, 4342.05
20782, 4436.41
20791, 4314.36
20797, 4245.13
20805, 4401.54
20813, 4424.62
20821, 4338.97
20829, 4342.56
20837, 4351.28
20845, 4340.51
20852, 4352.31
20860, 4360.51
20868, 4352.31
20876, 4356.92
20883, 4358.97
20891, 4355.38
20899, 4354.87
20907, 4355.9
20915, 4354.87
20923, 4349.23
20930, 4352.82
20938, 4360
20946, 4353.33
20954, 4350.26
20962, 4355.9
20969, 4354.87
20978, 4350.26
20985, 4347.18
20993, 4351.79
21001, 4354.87
21009, 4351.79
21016, 4356.92
21024, 4360
21032, 4360
21041, 4361.54
21048, 4354.87
21055, 4346.15
21063, 4349.23
21071, 4363.08
21079, 4367.18
21088, 4358.97
21095, 4358.97
21102, 4360.51
21110, 4358.46
21118, 4357.44
21126, 4350.26
21134, 4349.23
21141, 4357.44
21149, 4357.44
21157, 4355.38
21165, 4361.54
21173, 4365.64
21182, 4354.87
21189, 4341.54
21196, 4340
21204, 4341.03
21212, 4347.69
21220, 4356.41
21227, 4353.85
21235, 4353.33
21244, 4359.49
21251, 4368.72
21259, 4365.64
21267, 4347.69
21274, 4345.13
21282, 4355.38
21290, 4356.41
21298, 4354.87
21306, 4355.38
21313, 4353.33
21321, 4348.72
21329, 4341.54
21337, 4339.49
21345, 4348.72
21353, 4360
21360, 4351.79
21368, 4344.1
21376, 4358.46
21384, 4364.1
21392, 4354.87
21399, 4349.74
21407, 4350.26
21415, 4353.85
21424, 4351.79
21431, 4351.28
21440, 4357.44
21446, 4356.92
21454, 4362.05
21462, 4373.85
21470, 4365.64
21478, 4350.77
21486, 4353.33
21493, 4364.62
21501, 4360
21509, 4351.28
21517, 4352.82
21525, 4356.41
21532, 4364.1
21541, 4363.59
21548, 4352.31
21556, 4349.74
21564, 4352.31
21572, 4350.77
21579, 4348.21
21587, 4350.26
21595, 4359.49
21604, 4363.59
21611, 4365.13
21618, 4363.08
21626, 4350.26
21634, 4347.18
21642, 4354.36
21650, 4361.03
21658, 4363.59
21665, 4354.87
21673, 4357.95
21681, 4370.77
21689, 4365.13
21697, 4352.82
21704, 4351.28
21712, 4357.95
21720, 4354.36
21728, 4346.15
21736, 4350.26
21744, 4356.92
21751, 4358.97
21759, 4360.51
21767, 4357.44
21775, 4353.33
21783, 4350.77
21790, 4351.79
21798, 4350.26
21806, 4345.64
21815, 4351.28
21823, 4358.97
21830, 4359.49
21837, 4361.03
21845, 4358.97
21853, 4360
21862, 4364.1
21870, 4359.49
21876, 4351.79
21885, 4353.33
21892, 4365.13
21900, 4360.51
21908, 4346.67
21916, 4355.38
21923, 4364.1
21932, 4356.41
21940, 4349.23
21947, 4349.23
21955, 4349.74
21962, 4349.74
21970, 4350.26
21978, 4345.64
21986, 4344.62
21994, 4354.36
22003, 4355.9
22010, 4350.26
22017, 4355.9
22026, 4355.38
22034, 4344.62
22041, 4341.54
22050, 4349.74
22056, 4358.97
22064, 4354.36
22072, 4353.33
22081, 4359.49
22088, 4356.41
22095, 4351.28
22103, 4351.79
22111, 4355.38
22119, 4348.72
22127, 4342.05
22135, 4352.82
22142, 4356.41
22150, 4356.92
22158, 4368.21
22166, 4360.51
22174, 4343.59
22181, 4347.18
22189, 4353.85
22197, 4349.23
22206, 4347.18
22213, 4353.85
22221, 4356.41
22228, 4357.95
22236, 4364.62
22244, 4364.1
22253, 4363.08
22260, 4360
22267, 4353.85
22276, 4354.87
22283, 4351.79
22291, 4348.72
22299, 4353.85
22307, 4353.33
22314, 4353.85
22322, 4362.56
22330, 4367.18
22338, 4355.9
22347, 4344.62
22353, 4351.79
22361, 4353.33
22369, 4342.56
22378, 4345.64
22385, 4352.31
22393, 4355.38
22400, 4357.95
22408, 4358.97
22416, 4361.54
22424, 4361.03
22432, 4357.44
22440, 4352.31
22447, 4350.26
22455, 4355.38
22463, 4354.87
22471, 4354.87
22479, 4358.46
22486, 4356.92
22494, 4357.44
22502, 4355.9
22511, 4351.79
22518, 4351.28
22527, 4350.77
22533, 4357.95
22541, 4365.64
22549, 4361.54
22557, 4354.36, estimuli
22566, 4351.28
22572, 4354.87
22580, 4354.36
22589, 4350.26
22597, 4350.77
22604, 4348.72
22612, 4355.38
22619, 4365.13
22627, 4360.51
22635, 4356.41
22643, 4357.95
22651, 4358.97
22659, 4353.85
22666, 4356.92
22674, 4364.62
22682, 4353.33
22691, 4344.62
22699, 4354.36
22705, 4353.85
22713, 4348.72
22721, 4351.28
22730, 4354.36
22737, 4352.31
22745, 4348.21
22752, 4352.82
22761, 4360
22768, 4350.77
22777, 4338.97
22785, 4344.62
22792, 4364.62
22799, 4352.31
22807, 4342.05
22816, 4369.74
22823, 4317.95
22831, 4207.18
22838, 4207.18
22846, 4456.92
22854, 4701.54
22862, 4621.54
22870, 4361.03
22877, 4112.82
22885, 4043.59
22894, 4183.59
22901, 4333.33
22909, 4512.31
22916, 4699.49
22925, 4620
22932, 4324.62
22941, 4110.77
22948, 4058.97
22957, 4172.31
22963, 4330.77
22971, 4510.26
22979, 4695.9
22988, 4609.23
22996, 4315.9
23004, 4111.79
23010, 4068.21
23019, 4181.54
23027, 4330.77
23034, 4500.51
23042, 4683.59
23049, 4609.74
23057, 4322.56
23065, 4124.62
23074, 4094.36
23082, 4194.87
23090, 4316.92
23096, 4474.36
23105, 4661.03
23113, 4595.38
23120, 4311.79
23129, 4127.69
23136, 4111.79
23144, 4207.18
23152, 4325.13
23160, 4477.44
23168, 4654.87
23176, 4587.69
23183, 4305.64
23191, 4129.74
23199, 4123.59
23207, 4217.44
23215, 4331.28
23222, 4477.95
23229, 4647.18
23237, 4583.08
23245, 4307.69
23253, 4137.44
23261, 4133.85
23268, 4219.49
23276, 4322.05
23284, 4467.69
23293, 4632.82
23300, 4554.87
23308, 4283.08
23316, 4126.67
23324, 4134.36
23331, 4227.18
23340, 4329.74
23347, 4474.36
23354, 4641.54
23363, 4565.64
23370, 4298.46
23379, 4144.62
23386, 4148.21
23395, 4236.92
23401, 4333.33
23410, 4473.33
23417, 4635.38
23426, 4557.95
23433, 4300.51
23441, 4144.62
23449, 4143.08
23457, 4228.21
23465, 4322.05
23473, 4467.18
23481, 4628.72
23488, 4548.21
23495, 4291.79
23503, 4142.05
23511, 4144.1
23520, 4228.21
23526, 4328.21
23534, 4475.38
23542, 4635.9
23550, 4564.62
23558, 4307.69
23567, 4143.08
23574, 4146.15
23582, 4235.9
23590, 4326.67
23598, 4472.82
23606, 4638.97
23612, 4567.18
23620, 4307.18
23629, 4146.67
23636, 4148.21
23645, 4227.18
23653, 4317.44
23660, 4469.23
23667, 4636.92
23676, 4557.44
23683, 4294.36
23692, 4141.54
23698, 4151.28
23708, 4238.46
23715, 4332.31
23723, 4474.36
23730, 4629.23
23738, 4545.64
23745, 4292.31
23754, 4150.26
23761, 4141.54
23769, 4224.1
23777, 4335.9
23785, 4438.97
23792, 4526.67
23800, 4449.23
23809, 4311.28
23817, 4347.18
23825, 4389.23
23831, 4340
23839, 4334.36
23848, 4347.18
23855, 4349.74
23863, 4353.85
23870, 4350.26
23879, 4352.31
23886, 4353.85
23894, 4356.41
23902, 4357.44
23910, 4356.41
23917, 4355.9
23925, 4353.33
23933, 4354.87
23941, 4353.33
23949, 4350.26
23956, 4352.31
23965, 4353.85
23972, 4356.41
23981, 4357.44
23988, 4355.9
23996, 4356.41
24004, 4355.9
24011, 4356.92
24019, 4356.92
24027, 4354.87
24035, 4357.95
24043, 4352.82
24050, 4341.03
24058, 4336.92
24067, 4341.54
24074, 4350.26
24082, 4350.26
24089, 4350.77
24098, 4350.77
24105, 4348.21
24113, 4357.44
24121, 4360.51
24129, 4354.87
24136, 4365.13
24144, 4371.79
24152, 4364.1
24160, 4360
24168, 4366.15
24175, 4364.62
24183, 4350.26
24192, 4348.72
24199, 4356.41
24208, 4354.87
24215, 4352.82
24222, 4354.36
24230, 4362.56
24238, 4364.1
24246, 4355.38
24254, 4347.18
24261, 4343.08
24269, 4343.08
24277, 4348.72
24285, 4355.38
24293, 4354.36
24301, 4343.08
24308, 4343.59
24316, 4357.95
24324, 4358.97
24332, 4357.44
24340, 4358.97
24347, 4355.9
24355, 4355.9
24363, 4356.41
24371, 4356.92
24379, 4353.33
24388, 4351.79
24395, 4356.92
24402, 4356.41
24410, 4357.95
24418, 4362.56
24426, 4355.9
24433, 4352.82
24441, 4352.31
24449, 4350.77
24457, 4358.46
24465, 4360
24473, 4347.18
24480, 4341.03
24488, 4352.82
24496, 4358.97
24504, 4351.28
24512, 4355.38
24520, 4362.05
24527, 4360
24535, 4360.51
24543, 4356.41
24551, 4353.33
24559, 4354.36
24566, 4350.26
24574, 4349.23
24582, 4352.31
24591, 4356.92
24599, 4353.85
24606, 4352.82
24613, 4364.1
24621, 4362.05
24629, 4349.23
24637, 4349.23
24645, 4351.79
24653, 4348.72
24660, 4348.21
24668, 4355.38
24676, 4362.05
24684, 4355.38
24693, 4346.67
24699, 4350.26
24708, 4358.46
24715, 4361.54
24723, 4356.92
24731, 4354.87
24738, 4350.77
24746, 4347.69
24754, 4351.79
24762, 4354.36
24770, 4354.36
24778, 4352.82
24785, 4352.82
24793, 4359.49
24801, 4358.97
24810, 4353.85
24818, 4355.9
24824, 4355.9
24832, 4358.46
24840, 4357.95
24848, 4351.28
24856, 4357.44
24864, 4370.77
24871, 4375.9
24879, 4364.62
24887, 4362.05
24895, 4369.74
24903, 4358.97
24911, 4352.31
24918, 4355.9
24926, 4350.26
24934, 4348.21
24942, 4354.36
24950, 4357.95
24957, 4357.95
24965, 4357.95
24973, 4358.97
24981, 4359.49
24989, 4355.38
24997, 4353.33
25004, 4352.31
25013, 4350.26
25021, 4350.77
25029, 4352.82
25036, 4348.21
25043, 4341.03
25051, 4350.26
25060, 4354.87
25067, 4351.79
25076, 4358.97
25084, 4359.49
25090, 4362.56
25099, 4367.18
25108, 4356.41
25114, 4349.23
25122, 4347.69
25129, 4346.15
25137, 4349.23
25145, 4356.92
25153, 4363.08
25162, 4357.95
25169, 4357.95
25176, 4363.59
25184, 4352.31
25192, 4340.51
25200, 4347.18
25208, 4351.79
25216, 4345.64
25223, 4345.64
25232, 4355.38
25239, 4362.05
25247, 4363.59
25255, 4360
25262, 4346.15
25270, 4345.64
25279, 4352.31
25286, 4350.26
25294, 4352.31
25302, 4356.41
25309, 4364.1
25317, 4364.1
25325, 4351.28
25333, 4350.77
25341, 4355.9
25348, 4351.79
25356, 4352.82
25364, 4358.97
25372, 4353.33
25380, 4341.03
25389, 4342.56
25395, 4351.79
25403, 4352.82
25412, 4357.44
25419, 4359.49
25427, 4351.28
25435, 4347.69
25443, 4344.62
25450, 4344.62
25459, 4351.28
25466, 4354.87
25474, 4353.33
25481, 4349.74
25489, 4356.92
25497, 4362.05
25505, 4353.33
25513, 4353.85
25520, 4357.95
25528, 4343.59
25536, 4329.23
25544, 4340
25552, 4360
25560, 4347.18, estimuli
25567, 4330.77
25575, 4344.1
25583, 4347.69
25591, 4334.87
25599, 4332.31
25607, 4336.41
25614, 4344.1
25622, 4355.38
25631, 4354.87
25638, 4352.31
25647, 4374.36
25654, 4386.67
25662, 4377.44
25670, 4400
25678, 4432.82
25685, 4431.79
25693, 4436.92
25700, 4449.74
25708, 4455.9
25716, 4471.79
25725, 4483.59
25732, 4495.38
25739, 4509.23
25747, 4507.18
25755, 4507.69
25764, 4528.21
25771, 4548.72
25779, 4561.54
25786, 4581.03
25795, 4587.69
25802, 4563.59
25811, 4596.92
25818, 4611.28
25825, 4507.18
25833, 4518.97
25841, 4714.87
25849, 4803.08
25857, 4715.38
25865, 4661.54
25873, 4527.69
25881, 4293.85
25888, 4341.54
25897, 4521.03
25904, 4631.79
25912, 4830.26
25919, 4918.97
25927, 4710.26
25935, 4443.59
25944, 4313.85
25951, 4363.08
25958, 4492.31
25966, 4623.59
25975, 4833.85
25982, 4917.95
25991, 4688.72
25997, 4427.69
26005, 4303.08
26013, 4341.54
26021, 4485.64
26030, 4628.21
26037, 4823.08
26044, 4910.26
26052, 4700
26060, 4440
26069, 4318.97
26077, 4356.41
26083, 4488.21
26092, 4621.03
26099, 4802.56
26108, 4888.21
26116, 4681.03
26124, 4424.62
26131, 4326.15
26138, 4372.82
26146, 4493.85
26155, 4616.41
26163, 4785.13
26169, 4855.38
26177, 4640
26185, 4392.82
26194, 4318.97
26201, 4373.33
26210, 4476.92
26216, 4594.36
26225, 4769.74
26233, 4842.56
26241, 4632.31
26248, 4394.87
26255, 4321.54
26264, 4359.49
26271, 4449.74
26280, 4571.28
26287, 4758.97
26296, 4837.44
26303, 4627.69
26310, 4384.62
26319, 4308.21
26326, 4360.51
26334, 4453.33
26341, 4557.95
26349, 4735.38
26358, 4807.69
26365, 4606.67
26373, 4387.18
26381, 4320
26388, 4364.62
26397, 4448.72
26404, 4547.69
26412, 4725.13
26420, 4797.44
26428, 4593.85
26435, 4368.72
26444, 4296.92
26451, 4343.59
26459, 4431.28
26467, 4539.49
26475, 4713.33
26482, 4775.38
26490, 4578.46
26498, 4355.9
26507, 4275.9
26515, 4323.08
26521, 4422.05
26529, 4530.77
26538, 4697.44
26545, 4765.13
26553, 4570.26
26560, 4341.54
26568, 4265.13
26576, 4313.85
26585, 4410.77
26592, 4522.05
26600, 4671.79
26608, 4727.18
26615, 4548.21
26623, 4321.54
26632, 4244.62
26639, 4314.36
26646, 4412.82
26654, 4513.33
26662, 4687.69
26670, 4752.31
26678, 4540
26686, 4310.26
26694, 4243.59
26701, 4294.87
26710, 4389.74
26717, 4500
26726, 4666.15
26732, 4725.64
26741, 4527.18
26748, 4309.23
26756, 4234.36
26764, 4275.9
26773, 4374.36
26779, 4467.69
26788, 4582.05
26795, 4606.15
26803, 4452.82
26811, 4392.31
26818, 4466.67
26826, 4455.9
26834, 4425.64
26842, 4442.56
26851, 4444.62
26858, 4443.59
26865, 4434.36
26873, 4430.26
26881, 4433.85
26889, 4431.28
26897, 4426.15
26904, 4429.74
26912, 4437.95
26920, 4429.23
26928, 4423.59
26936, 4435.38
26945, 4434.87
26951, 4425.13
26959, 4421.54
26967, 4418.97
26976, 4418.97
26983, 4420.51
26990, 4420
26998, 4413.85
27007, 4420.51
27014, 4440.51
27023, 4436.92
27030, 4420.51
27038, 4422.05
27046, 4433.33
27053, 4429.74
27061, 4417.44
27070, 4422.56
27077, 4426.67
27084, 4416.41
27092, 4412.31
27100, 4411.79
27108, 4417.95
27116, 4425.13
27123, 4418.97
27132, 4419.49
27139, 4424.62
27147, 4422.05
27155, 4419.49
27163, 4416.92
27170, 4411.79
27178, 4405.13
27186, 4399.49
27194, 4398.46
27202, 4405.13
27209, 4421.54
27217, 4425.64
27225, 4411.28
27233, 4407.69
27241, 4412.31
27249, 4409.23
27257, 4403.59
27264, 4409.23
27272, 4415.9
27280, 4405.13
27288, 4395.9
27296, 4404.62
27303, 4416.41
27311, 4415.9
27319, 4405.64
27327, 4407.18
27335, 4414.87
27342, 4408.21
27350, 4406.67
27359, 4410.26
27367, 4404.1
27375, 4406.67
27381, 4409.74
27389, 4403.08
27397, 4399.49
27405, 4406.15
27413, 4406.67
27421, 4401.03
27428, 4413.85
27436, 4420
27445, 4402.56
27452, 4400
27461, 4410.26
27467, 4406.67
27475, 4394.36
27483, 4394.87
27491, 4405.13
27499, 4401.03
27507, 4389.74
27514, 4395.38
27522, 4408.21
27530, 4408.72
27538, 4402.05
27546, 4405.13
27554, 4410.26
27562, 4401.03
27569, 4394.36
27577, 4394.36
27585, 4395.38
27593, 4398.97
27601, 4396.41
27608, 4404.1
27616, 4414.36
27624, 4403.59
27632, 4401.54
27640, 4410.77
27647, 4400.51
27655, 4386.15
27663, 4387.18
27671, 4393.85
27679, 4394.87
27686, 4393.33
27694, 4388.72
27702, 4387.18
27710, 4397.44
27718, 4401.03
27726, 4395.9
27733, 4397.44
27741, 4395.9
27749, 4391.28
27757, 4389.74
27765, 4392.31
27773, 4396.41
27781, 4390.77
27788, 4389.74
27796, 4399.49
27804, 4405.13
27812, 4407.69
27820, 4406.67
27827, 4403.59
27835, 4400.51
27843, 4396.92
27852, 4400
27858, 4397.95
27866, 4388.72
27874, 4385.64
27882, 4391.28
27890, 4400
27898, 4394.87
27905, 4388.72
27914, 4396.92
27921, 4397.44
27930, 4389.74
27937, 4387.69
27944, 4388.72
27952, 4391.28
27960, 4389.74
27968, 4392.31
27977, 4397.44
27985, 4400
27992, 4408.21
27999, 4406.15
28008, 4392.82
28015, 4395.9
28023, 4406.15
28031, 4400.51
28038, 4391.79
28046, 4401.54
28054, 4412.82
28062, 4407.18
28070, 4400.51
28078, 4398.97
28085, 4404.1
28093, 4406.15
28101, 4396.41
28110, 4399.49
28117, 4409.74
28124, 4404.1
28132, 4394.87
28140, 4392.82
28148, 4394.87
28157, 4395.38
28163, 4399.49
28171, 4405.64
28179, 4398.46
28187, 4395.9
28195, 4407.69
28204, 4407.18
28210, 4401.03
28218, 4403.08
28226, 4405.13
28234, 4402.56
28242, 4394.87
28249, 4394.87
28257, 4396.41
28265, 4396.92
28273, 4406.67
28281, 4407.18
28289, 4394.36
28296, 4386.67
28304, 4390.77
28312, 4395.9
28320, 4396.41
28328, 4398.46
28335, 4395.38
28343, 4386.67
28351, 4391.28
28360, 4395.38
28367, 4385.13
28375, 4380
28382, 4390.26
28390, 4396.92
28398, 4387.69
28406, 4391.28
28415, 4405.64
28421, 4403.08
28429, 4398.46
28437, 4401.03
28445, 4401.54
28453, 4399.49
28461, 4394.87
28468, 4394.36
28476, 4392.82
28484, 4389.74
28492, 4396.92
28500, 4396.41
28508, 4385.13
28515, 4383.59
28523, 4391.28
28531, 4401.54
28539, 4400
28547, 4398.46
28555, 4403.59
28563, 4398.46, estimuli
28570, 4393.33
28578, 4393.85
28587, 4394.87
28595, 4392.82
28601, 4384.1
28609, 4389.23
28618, 4402.05
28626, 4396.92
28634, 4387.69
28640, 4397.95
28649, 4408.72
28657, 4398.97
28664, 4399.49
28672, 4412.82
28680, 4397.95
28687, 4382.05
28696, 4394.87
28703, 4402.05
28712, 4385.13
28720, 4374.87
28727, 4386.15
28735, 4389.74
28743, 4380.51
28750, 4385.13
28758, 4390.77
28766, 4388.21
28773, 4393.33
28781, 4395.38
28789, 4401.03
28797, 4402.56
28805, 4374.87
28812, 4391.79
28820, 4402.05
28828, 4303.59
28836, 4300
28844, 4494.87
28852, 4601.03
28859, 4509.74
28867, 4451.79
28875, 4336.92
28883, 4098.46
28891, 4117.44
28898, 4309.23
28906, 4435.38
28914, 4614.36
28922, 4704.62
28930, 4523.08
28938, 4260
28945, 4108.72
28953, 4138.97
28961, 4280
28969, 4421.03
28977, 4612.31
28984, 4716.92
28992, 4529.23
29000, 4260
29008, 4115.38
29016, 4144.62
29024, 4289.23
29031, 4423.08
29039, 4596.41
29047, 4706.67
29055, 4521.03
29063, 4241.54
29070, 4111.28
29078, 4150.77
29086, 4276.92
29094, 4400.51
29102, 4588.21
29110, 4706.67
29117, 4517.44
29125, 4251.28
29133, 4141.03
29141, 4175.38
29149, 4287.18
29156, 4406.15
29164, 4590.26
29172, 4695.38
29180, 4486.15
29188, 4219.49
29196, 4135.9
29203, 4185.13
29211, 4286.15
29219, 4404.62
29227, 4590.26
29235, 4684.1
29243, 4487.18
29250, 4241.54
29259, 4149.74
29267, 4185.64
29275, 4281.54
29282, 4391.28
29290, 4570.26
29297, 4667.18
29305, 4483.08
29314, 4242.56
29321, 4150.26
29329, 4197.95
29336, 4303.08
29344, 4409.23
29352, 4573.33
29360, 4657.44
29368, 4475.9
29376, 4240
29383, 4150.26
29391, 4191.79
29399, 4288.21
29408, 4399.49
29415, 4571.79
29422, 4658.97
29430, 4481.54
29438, 4244.1
29446, 4150.77
29454, 4201.03
29462, 4299.49
29469, 4396.92
29477, 4560
29485, 4648.72
29493, 4469.74
29501, 4236.41
29508, 4156.92
29516, 4202.56
29525, 4296.92
29532, 4406.15
29541, 4573.33
29548, 4664.1
29555, 4487.18
29563, 4245.13
29571, 4153.85
29579, 4201.54
29587, 4295.38
29594, 4392.82
29602, 4558.97
29610, 4651.28
29618, 4473.33
29626, 4237.95
29633, 4153.33
29641, 4202.56
29649, 4302.56
29657, 4404.1
29665, 4565.13
29673, 4644.1
29681, 4457.95
29688, 4233.85
29697, 4155.38
29704, 4199.49
29712, 4293.85
29720, 4394.36
29728, 4563.59
29735, 4645.64
29743, 4455.9
29751, 4237.95
29759, 4168.72
29766, 4203.08
29774, 4297.95
29782, 4397.44
29791, 4501.54
29798, 4524.1
29806, 4387.69
29813, 4317.95
29821, 4375.9
29829, 4371.28
29837, 4347.18
29845, 4368.72
29852, 4364.62
29860, 4354.87
29868, 4360
29877, 4361.03
29884, 4364.62
29892, 4370.77
29899, 4367.18
29907, 4363.59
29915, 4368.72
29923, 4374.36
29931, 4377.44
29938, 4371.79
29946, 4367.69
29954, 4372.31
29962, 4371.79
29970, 4367.18
29978, 4365.64
29985, 4377.95
29993, 4381.03
30001, 4364.1
30010, 4361.54
30017, 4372.82
30024, 4377.44
30032, 4373.33
30040, 4369.23
30048, 4373.85
30056, 4368.21
30064, 4356.41
30071, 4361.54
30079, 4365.13
30087, 4361.03
30096, 4362.05
30103, 4361.03
30110, 4366.15
30118, 4369.74
30126, 4364.62
30134, 4366.67
30142, 4373.33
30150, 4376.41
30157, 4371.28
30165, 4358.97
30173, 4351.28
30181, 4354.87
30189, 4362.05
30196, 4365.64
30204, 4374.87
30212, 4375.9
30220, 4359.49
30228, 4355.9
30236, 4362.56
30243, 4361.54
30251, 4364.62
30260, 4367.69
30267, 4368.21
30275, 4368.72
30283, 4369.74
30290, 4374.36
30298, 4375.38
30306, 4375.9
30314, 4379.49
30322, 4380.51
30329, 4380
30337, 4371.79
30345, 4367.18
30353, 4380.51
30361, 4383.08
30369, 4377.44
30376, 4389.74
30384, 4396.41
30392, 4398.46
30400, 4402.56
30408, 4401.03
30415, 4413.85
30423, 4413.85
30431, 4389.23
30439, 4373.85
30447, 4377.44
30455, 4378.97
30462, 4371.79
30470, 4377.95
30478, 4387.69
30486, 4387.18
30494, 4382.56
30501, 4386.15
30509, 4393.33
30517, 4386.15
30525, 4383.08
30533, 4382.05
30541, 4380
30548, 4386.67
30556, 4384.62
30564, 4379.49
30572, 4377.44
30580, 4377.95
30588, 4385.13
30595, 4386.67
30603, 4393.33
30612, 4403.08
30619, 4405.13
30627, 4406.67
30634, 4405.13
30642, 4408.21
30650, 4408.72
30658, 4399.49
30666, 4402.05
30673, 4413.85
30681, 4407.69
30689, 4398.97
30697, 4405.64
30705, 4416.41
30713, 4416.92
30720, 4408.21
30728, 4402.05
30736, 4398.46
30744, 4388.21
30753, 4382.05
30760, 4388.21
30767, 4391.79
30775, 4378.97
30783, 4372.82
30791, 4384.1
30799, 4384.62
30806, 4375.38
30814, 4376.92
30822, 4384.1
30830, 4391.28
30838, 4389.74
30846, 4375.9
30853, 4364.62
30861, 4366.15
30869, 4370.26
30877, 4367.69
30885, 4370.26
30892, 4372.82
30900, 4369.23
30908, 4366.15
30916, 4359.49
30924, 4354.87
30932, 4350.26
30939, 4342.05
30947, 4349.23
30955, 4365.64
30963, 4373.85
30971, 4375.9
30978, 4375.9
30986, 4372.82
30994, 4363.59
31002, 4356.41
31010, 4361.54
31018, 4371.79
31025, 4378.97
31033, 4379.49
31041, 4382.56
31049, 4392.31
31057, 4393.33
31064, 4381.54
31072, 4370.77
31080, 4367.18
31088, 4371.79
31096, 4373.33
31104, 4367.18
31111, 4369.74
31119, 4370.26
31127, 4364.62
31135, 4366.67
31143, 4367.18
31150, 4368.21
31158, 4369.23
31166, 4369.74
31174, 4370.77
31182, 4371.28
31190, 4370.77
31197, 4366.67
31205, 4376.41
31214, 4393.85
31221, 4412.82
31229, 4461.03
31236, 4512.31
31244, 4529.74
31252, 4535.38
31260, 4537.95
31268, 4515.38
31276, 4473.33
31283, 4456.41
31291, 4473.33
31299, 4493.85
31307, 4512.82
31315, 4529.74
31323, 4545.64
31330, 4558.97
31338, 4537.95
31346, 4495.38
31354, 4472.31
31362, 4464.62
31369, 4450.26
31377, 4433.33
31385, 4432.82
31393, 4430.26
31401, 4421.03
31409, 4434.36
31416, 4429.23
31424, 4401.54
31432, 4406.15
31440, 4357.44
31448, 4232.82
31455, 4227.69
31463, 4349.74
31471, 4379.49
31479, 4300.51
31487, 4261.03
31495, 4269.74
31502, 4284.62
31510, 4303.59
31518, 4312.31
31526, 4325.64
31534, 4327.69
31541, 4308.21
31549, 4294.87
31557, 4291.28
31565, 4290.77
31573, 4296.41
31581, 4292.31
31588, 4274.87
31596, 4306.67
31604, 4392.31
31612, 4398.97
31620, 4330.26
31627, 4337.44
31635, 4371.79
31643, 4350.77
31651, 4331.28
31660, 4308.21
31667, 4285.13
31675, 4274.87
31682, 4338.46
31690, 4507.69
31699, 4605.13
31706, 4543.08
31714, 4498.46
31721, 4538.46
31729, 4551.28
31737, 4529.23
31745, 4481.54
31753, 4375.38
31760, 4297.44
31768, 4302.56
31776, 4322.56
31785, 4302.05
31792, 4281.03
31799, 4284.1
31807, 4329.23
31815, 4416.41
31823, 4426.15
31831, 4394.87
31839, 4461.54
31847, 4515.38
31854, 4433.85
31862, 4389.74
31870, 4375.9
31878, 4218.46
31886, 4151.28
31893, 4243.59
31901, 4292.31
31910, 4417.44
31918, 4564.1
31925, 4482.56
31932, 4289.23
31941, 4166.67
31948, 4147.69
31957, 4218.97
31964, 4304.62
31973, 4415.38
31979, 4505.13
31987, 4450.77
31995, 4367.69
32004, 4291.28
32011, 4180.51
32018, 4227.18
32026, 4457.95
32034, 4643.59
32042, 4687.18
32050, 4625.64
32058, 4540
32065, 4474.87
32073, 4462.56
32081, 4526.15
32089, 4605.13
32097, 4693.33
32104, 4748.72
32112, 4610.26
32120, 4380.51
32129, 4254.87
32136, 4227.18
32145, 4264.1
32151, 4341.03
32159, 4461.54
32167, 4565.64
32175, 4503.08
32183, 4345.13
32190, 4234.87
32198, 4233.85
32206, 4342.56
32214, 4424.1
32222, 4493.33
32230, 4583.59
32237, 4522.05
32245, 4394.36
32253, 4345.13
32262, 4296.41
32269, 4280.51
32278, 4346.15
32285, 4454.87
32292, 4530.77
32301, 4449.74
32308, 4273.33
32316, 4160
32323, 4138.46
32331, 4105.64
32339, 4076.41
32347, 4280.51
32355, 4652.82
32363, 4796.41
32370, 4695.38
32378, 4613.33
32386, 4589.74
32394, 4519.49
32402, 4421.03
32410, 4449.74
32417, 4552.31
32425, 4509.23
32433, 4401.03
32441, 4332.31
32449, 4309.74
32456, 4361.54
32465, 4355.38
32472, 4267.69
32480, 4158.97
32489, 3876.41
32495, 3392.82
32503, 2924.62
32511, 2773.33
32519, 3119.49
32527, 3659.49
32535, 3929.74
32542, 3889.74
32550, 3674.36
32558, 3334.36
32566, 3077.95
32574, 3075.9
32581, 2638.97
32590, 1503.59
32597, 975.385
32605, 1572.82
32613, 2177.95
32621, 2395.38
32628, 2660
32637, 2905.64
32644, 3082.05
32652, 3297.95
32660, 3503.08
32667, 3677.44
32675, 3677.95
32683, 3576.41
32691, 3529.74
32699, 3554.36
32707, 3670.77
32714, 3830.26
32722, 4021.54
32731, 4194.36
32738, 4162.05
32746, 4009.74
32753, 3957.44
32761, 4002.05
32769, 4090.26
32777, 4188.21
32785, 4297.44
32793, 4366.15
32800, 4286.15
32808, 4209.74
32816, 4253.33
32824, 4266.67
32832, 4250.26
32839, 4283.59
32847, 4307.69
32855, 4306.15
32863, 4312.82
32871, 4321.03
32879, 4318.97
32886, 4320
32895, 4325.13
32902, 4325.64
32911, 4326.15
32918, 4325.13
32926, 4318.97
32933, 4308.72
32941, 4305.13
32950, 4311.28
32958, 4317.44
32965, 4334.87
32972, 4347.18
32980, 4342.05
32988, 4348.21
32996, 4346.15
33004, 4329.23
33012, 4327.18
33019, 4330.77
33027, 4323.59
33035, 4311.79
33043, 4324.62
33051, 4352.82
33058, 4368.21
33066, 4385.64
33074, 4389.74
33082, 4361.03
33090, 4336.41
33098, 4317.44
33106, 4300
33113, 4295.38
33121, 4295.9
33129, 4312.31
33137, 4333.33
33144, 4343.59
33152, 4354.36
33160, 4353.85
33168, 4344.1
33176, 4328.72
33184, 4311.79
33191, 4310.26
33199, 4310.26
33207, 4312.82
33215, 4315.9
33223, 4310.77
33230, 4305.64
33238, 4305.64
33246, 4309.74
33254, 4310.77
33262, 4313.85
33270, 4322.56
33277, 4318.97
33285, 4319.49
33293, 4327.69
33301, 4322.56
33309, 4316.92
33317, 4317.95
33324, 4314.36
33333, 4310.77
33340, 4311.79
33348, 4316.92
33356, 4321.03
33363, 4328.21
33371, 4339.49
33379, 4342.05
33387, 4336.92
33395, 4332.82
33403, 4331.79
33410, 4332.31
33418, 4327.69
33426, 4326.67
33434, 4325.64
33442, 4323.08
33449, 4328.72
33457, 4336.41
33465, 4345.13
33473, 4344.62
33481, 4340.51
33489, 4350.26
33496, 4348.21
33504, 4331.79
33512, 4327.69
33520, 4331.79
33528, 4327.69
33535, 4318.46
33543, 4328.72
33551, 4348.72
33559, 4349.74
33567, 4344.62
33575, 4346.67
33582, 4350.26
33590, 4347.18
33598, 4334.36
33606, 4335.38
33614, 4349.74
33621, 4352.82
33629, 4337.44
33637, 4313.33
33645, 4334.36
33653, 4394.87
33661, 4240
33668, 4332.31
33676, 4717.95
33684, 4377.95
33692, 4374.87
33700, 4914.36
33708, 4565.13
33715, 4424.1
33724, 4960
33731, 4881.03
33739, 4514.87
33747, 4678.46
33754, 4666.15
33762, 4609.23
33770, 4714.87
33778, 4504.1
33786, 4541.03
33794, 4576.92
33801, 4448.72
33809, 4496.92
33817, 4474.36
33825, 4470.77
33833, 4471.79
33840, 4447.18
33848, 4454.36
33856, 4454.87
33864, 4450.26
33872, 4444.1
33880, 4442.05
33887, 4449.23
33895, 4450.26
33903, 4439.49
33911, 4436.41
33919, 4442.05
33926, 4437.95
33934, 4423.08
33942, 4418.97
33950, 4426.15
33958, 4421.54
33966, 4418.97
33973, 4417.44
33981, 4416.41
33989, 4425.64
33997, 4428.72
34005, 4418.46
34012, 4415.9
34020, 4425.64
34028, 4428.72
34036, 4410.26
34044, 4399.49
34052, 4403.59
34059, 4405.13
34067, 4410.77
34075, 4416.41
34083, 4416.41
34091, 4416.92
34098, 4412.82
34106, 4412.82
34114, 4412.82
34122, 4401.54
34130, 4391.79
34138, 4396.92
34145, 4407.18
34154, 4404.1
34161, 4395.9
34169, 4397.95
34177, 4400
34184, 4400.51
34192, 4397.44
34200, 4401.54
34208, 4408.72
34216, 4404.62
34224, 4404.1
34231, 4408.21
34239, 4400
34247, 4389.74
34255, 4385.64
34263, 4390.77
34270, 4403.08
34278, 4401.54
34286, 4396.41
34294, 4396.92
34302, 4398.46
34310, 4395.38
34318, 4381.54
34325, 4380.51
34333, 4388.72
34341, 4383.59
34349, 4383.08
34357, 4394.87
34364, 4399.49
34372, 4390.77
34380, 4388.72
34389, 4398.46
34397, 4395.38
34403, 4388.72
34411, 4392.82
34419, 4393.33
34427, 4389.74
34435, 4384.1
34443, 4383.59
34450, 4390.77
34458, 4386.67
34466, 4372.82
34474, 4361.54
34482, 4370.26
34489, 4387.18
34497, 4382.56
34505, 4372.82
34514, 4381.03
34521, 4393.33
34529, 4393.85
34536, 4384.1
34544, 4385.64
34552, 4387.69
34560, 4374.36
34568, 4371.28, estimuli
34575, 4381.54
34583, 4387.18
34591, 4383.59
34599, 4380.51
34607, 4390.26
34615, 4396.41
34623, 4385.64
34630, 4378.97
34638, 4390.26
34646, 4400
34654, 4392.31
34662, 4391.79
34669, 4398.46
34677, 4384.1
34686, 4373.33
34693, 4376.41
34702, 4376.92
34709, 4381.54
34716, 4386.15
34725, 4382.56
34733, 4373.85
34740, 4367.69
34747, 4367.69
34756, 4373.85
34763, 4391.28
34771, 4396.41
34779, 4383.08
34787, 4384.62
34794, 4392.31
34802, 4389.23
34811, 4370.77
34819, 4387.69
34827, 4386.15
34834, 4295.38
34841, 4310.77
34850, 4496.92
34858, 4582.05
34865, 4495.9
34873, 4437.44
34880, 4314.87
34888, 4107.18
34896, 4140.51
34904, 4299.49
34912, 4410.77
34920, 4606.15
34928, 4702.56
34935, 4503.08
34943, 4244.62
34951, 4117.44
34960, 4151.28
34966, 4282.05
34974, 4410.77
34982, 4596.92
34991, 4692.31
34998, 4499.49
35006, 4251.28
35014, 4130.26
35021, 4161.03
35029, 4287.69
35037, 4415.9
35045, 4606.15
35053, 4698.97
35060, 4491.79
35068, 4243.08
35076, 4141.03
35084, 4182.56
35092, 4300
35099, 4406.67
35107, 4579.49
35115, 4677.95
35123, 4484.62
35131, 4230.26
35138, 4138.46
35146, 4192.82
35154, 4294.87
35162, 4405.64
35171, 4593.85
35179, 4680.51
35186, 4480.51
35194, 4238.97
35202, 4153.85
35210, 4199.49
35218, 4293.33
35226, 4401.03
35233, 4575.38
35241, 4656.41
35249, 4469.23
35257, 4238.97
35265, 4165.64
35272, 4210.77
35279, 4295.38
35287, 4403.59
35295, 4576.92
35303, 4649.74
35311, 4458.97
35319, 4231.28
35326, 4153.85
35334, 4194.87
35342, 4289.23
35350, 4398.46
35358, 4561.03
35365, 4641.54
35373, 4461.54
35382, 4234.36
35389, 4165.64
35397, 4217.95
35404, 4305.13
35412, 4403.08
35420, 4567.18
35429, 4642.05
35436, 4453.33
35443, 4227.69
35451, 4158.97
35459, 4213.85
35467, 4302.05
35476, 4395.38
35483, 4561.54
35491, 4638.97
35498, 4454.87
35507, 4247.69
35514, 4182.56
35522, 4214.36
35529, 4292.31
35537, 4397.95
35545, 4568.72
35553, 4631.28
35561, 4442.56
35569, 4237.44
35576, 4171.79
35584, 4215.9
35592, 4299.49
35600, 4401.03
35608, 4567.69
35616, 4633.85
35623, 4453.33
35632, 4242.56
35639, 4176.41
35648, 4227.18
35655, 4304.62
35662, 4400
35671, 4567.69
35678, 4630.26
35686, 4443.08
35695, 4228.21
35702, 4166.67
35709, 4228.72
35717, 4308.72
35725, 4397.44
35733, 4561.54
35742, 4625.13
35748, 4441.54
35756, 4243.08
35764, 4185.13
35772, 4223.59
35780, 4304.1
35788, 4392.31
35795, 4494.36
35803, 4510.77
35811, 4373.33
35819, 4317.44
35827, 4389.23
35835, 4380.51
35843, 4353.85
35850, 4376.92
35858, 4378.97
35866, 4382.56
35874, 4378.46
35881, 4371.28
35891, 4376.41
35897, 4370.26
35905, 4361.03
35914, 4359.49
35921, 4364.62
35928, 4370.26
35936, 4366.67
35944, 4363.08
35952, 4363.59
35960, 4366.15
35967, 4372.82
35975, 4373.33
35983, 4371.28
35991, 4372.82
35999, 4368.72
36007, 4363.08
36014, 4361.03
36022, 4362.56
36030, 4361.54
36038, 4357.44
36046, 4361.54
36054, 4364.1
36061, 4365.64
36069, 4371.28
36077, 4366.67
36085, 4363.59
36093, 4367.69
36100, 4364.62
36108, 4362.05
36116, 4363.08
36125, 4362.56
36132, 4361.54
36140, 4367.18
36147, 4371.28
36155, 4362.56
36163, 4361.54
36171, 4365.64
36179, 4364.1
36186, 4369.23
36194, 4366.67
36202, 4360
36210, 4363.59
36218, 4364.1
36226, 4362.05
36233, 4363.59
36241, 4368.21
36249, 4367.69
36258, 4365.13
36265, 4371.28
36272, 4371.79
36280, 4363.08
36289, 4360.51
36296, 4361.54
36304, 4362.05
36312, 4360
36319, 4355.9
36327, 4360.51
36335, 4370.26
36343, 4377.95
36351, 4377.95
36358, 4366.67
36366, 4359.49
36375, 4356.92
36382, 4354.36
36390, 4360
36399, 4368.21
36405, 4366.67
36413, 4358.97
36421, 4365.64
36429, 4369.23
36437, 4358.46
36445, 4368.72
36452, 4378.46
36461, 4364.62
36468, 4362.56
36476, 4366.15
36484, 4360
36491, 4357.95
36499, 4362.05
36507, 4365.64
36515, 4365.13
36523, 4364.62
36531, 4368.21
36538, 4375.38
36546, 4374.36
36554, 4360
36562, 4356.41
36570, 4360.51
36577, 4360
36585, 4364.62
36593, 4367.18
