332, 4394.87, 0
341, 4392.31, 0
347, 4390.26, 0
355, 4393.85, 0
362, 4398.97, 0
370, 4395.38, 0
378, 4390.26, 0
386, 4388.21, 0
393, 4387.18, 0
400, 4390.77, 0
410, 4397.44, 0
416, 4398.97, 0
427, 4394.36, 0
432, 4395.38, 0
442, 4400.51, 0
449, 4400, 0
458, 4396.41, 0
465, 4401.03, 0
473, 4410.77, 0
480, 4412.82, 0
487, 4410.26, 0
496, 4406.67, 0
503, 4400.51, 0
511, 4395.38, 0
518, 4398.46, 0
526, 4403.08, 0
534, 4400.51, 0
543, 4399.49, 0
551, 4402.56, 0
559, 4401.54, 0
566, 4396.92, 0
578, 4397.95, 0
580, 4400, 0
589, 4398.46, 0
598, 4402.05, 0
605, 4410.26, 0
612, 4412.31, 0
621, 4416.92, 0
629, 4426.15, 0
636, 4427.18, 0
643, 4420.51, 0
650, 4418.97, 0
658, 4422.05, 0
667, 4420, 0
676, 4414.36, 0
683, 4414.87, 0
691, 4416.41, 0
698, 4412.82, 0
706, 4411.28, 0
714, 4416.41, 0
721, 4415.9, 0
731, 4411.28, 0
738, 4412.82, 0
746, 4416.41, 0
753, 4410.77, 0
761, 4404.1, 0
769, 4407.18, 0
777, 4411.79, 0
784, 4410.77, 0
792, 4409.74, 0
801, 4410.26, 0
809, 4409.74, 0
815, 4412.31, 0
823, 4413.85, 0
831, 4411.28, 0
840, 4411.28, 0
848, 4412.82, 0
856, 4412.31, 0
864, 4410.26, 0
871, 4406.15, 0
878, 4402.56, 0
887, 4402.05, 0
894, 4403.59, 0
902, 4404.1, 0
909, 4402.56, 0
916, 4402.56, 0
937, 4408.21, 0
938, 4415.38, 0
941, 4414.36, 0
949, 4411.79, 0
957, 4413.33, 0
965, 4413.85, 0
972, 4408.72, 0
980, 4406.15, 0
989, 4411.28, 0
996, 4408.72, 0
1003, 4402.56, 0
1011, 4406.15, 0
1018, 4410.26, 0
1028, 4405.64, 0
1034, 4401.54, 0
1043, 4398.97, 0
1049, 4395.38, 0
1058, 4395.9, 0
1065, 4397.95, 0
1074, 4397.44, 0
1082, 4397.95, 0
1090, 4397.95, 0
1097, 4400, 0
1105, 4406.67, 0
1114, 4411.28, 0
1122, 4411.79, 0
1128, 4412.31, 0
1137, 4413.33, 0
1145, 4412.82, 0
1153, 4413.85, 0
1161, 4416.41, 0
1167, 4414.87, 0
1176, 4409.23, 0
1183, 4403.59, 0
1190, 4401.54, 0
1199, 4399.49, 0
1206, 4396.41, 0
1215, 4395.9, 0
1222, 4400, 0
1231, 4398.97, 0
1239, 4390.26, 0
1247, 4385.64, 0
1253, 4388.21, 0
1262, 4388.21, 0
1270, 4387.69, 0
1278, 4393.85, 0
1285, 4398.97, 0
1294, 4397.44, 0
1301, 4401.54, 0
1309, 4410.77, 0
1316, 4412.31, 0
1325, 4410.26, 0
1333, 4411.28, 0
1341, 4406.15, 0
1348, 4403.59, 0
1356, 4411.28, 0
1364, 4416.41, 0
1372, 4411.79, 0
1380, 4407.69, 0
1386, 4405.13, 0
1395, 4400, 0
1403, 4397.95, 0
1410, 4403.59, 0
1419, 4408.21, 0
1427, 4404.62, 0
1434, 4401.03, 0
1443, 4404.1, 0
1450, 4411.28, 0
1457, 4411.79, 0
1466, 4405.13, 0
1473, 4402.05, 0
1481, 4400.51, 0
1489, 4396.92, 0
1496, 4396.92, 0
1504, 4400, 0
1513, 4401.54, 0
1520, 4405.64, 0
1527, 4409.74, 0
1536, 4412.31, 0
1544, 4411.79, 0
1551, 4410.26, 0
1561, 4412.31, 0
1567, 4414.36, 0
1576, 4413.33, 0
1583, 4412.31, 0
1592, 4412.82, 0
1598, 4412.31, 0
1606, 4412.82, 0
1614, 4414.36, 0
1622, 4412.82, 0
1630, 4412.82, 0
1638, 4415.9, 0
1646, 4414.87, 0
1653, 4410.77, 0
1661, 4410.77, 0
1668, 4411.79, 0
1677, 4411.28, 0
1685, 4411.28, 0
1692, 4411.79, 0
1700, 4412.31, 0
1709, 4411.79, 0
1716, 4408.72, 0
1725, 4409.23, 0
1732, 4413.85, 0
1738, 4414.36, 0
1747, 4413.33, 0
1755, 4416.41, 0
1762, 4416.41, 0
1771, 4410.77, 0
1778, 4407.69, 0
1786, 4412.82, 0
1794, 4413.33, 0
1802, 4409.23, 0
1811, 4409.74, 0
1816, 4408.21, 0
1824, 4398.97, 0
1833, 4395.38, 0
1842, 4401.54, 0
1849, 4404.62, 0
1857, 4403.08, 0
1864, 4403.08, 0
1872, 4404.1, 0
1880, 4404.1, 0
1887, 4404.1, 0
1895, 4403.08, 0
1904, 4400, 0
1911, 4400.51, 0
1919, 4404.1, 0
1927, 4408.21, 0
1935, 4409.74, 0
1943, 4407.69, 0
1950, 4402.56, 0
1959, 4398.46, 0
1966, 4400, 0
1975, 4402.05, 0
1982, 4403.08, 0
1991, 4406.67, 0
1997, 4413.33, 0
2004, 4415.9, 0
2013, 4413.33, 0
2021, 4413.33, 0
2029, 4410.77, 0
2036, 4403.08, 0
2044, 4397.44, 0
2052, 4397.95, 0
2060, 4401.54, 0
2068, 4402.05, 0
2077, 4404.1, 0
2084, 4406.67, 0
2091, 4404.1, 0
2099, 4404.62, 0
2107, 4411.79, 0
2115, 4415.38, 0
2122, 4411.28, 0
2130, 4409.74, 0
2138, 4406.67, 0
2146, 4398.46, 0
2153, 4396.41, 0
2162, 4406.15, 0
2169, 4413.85, 0
2177, 4413.85, 0
2185, 4410.77, 0
2194, 4407.18, 0
2201, 4399.49, 0
2210, 4396.92, 0
2216, 4407.69, 0
2225, 4413.85, 0
2232, 4404.62, 0
2241, 4398.46, 0
2248, 4404.1, 0
2255, 4403.59, 0
2263, 4398.46, 0
2271, 4404.1, 0
2279, 4413.33, 0
2287, 4412.82, 0
2295, 4405.64, 0
2302, 4398.97, 0
2310, 4397.44, 0
2317, 4398.46, 0
2327, 4397.95, 0
2333, 4396.92, 0
2341, 4401.03, 0
2349, 4404.62, 0
2357, 4400.51, 0
2365, 4401.54, 0
2374, 4406.15, 0
2380, 4405.13, 0
2388, 4405.64, 0
2396, 4410.77, 0
2403, 4412.82, 0
2410, 4410.26, 0
2420, 4408.21, 0
2428, 4407.18, 0
2435, 4411.28, 0
2443, 4414.36, 0
2451, 4409.74, 0
2460, 4408.21, 0
2469, 4411.79, 0
2475, 4411.28, 0
2481, 4407.69, 0
2490, 4408.72, 0
2498, 4413.85, 0
2506, 4415.9, 0
2513, 4415.9, 0
2521, 4414.36, 0
2529, 4414.36, 0
2537, 4413.85, 0
2544, 4408.72, 0
2552, 4402.56, 0
2560, 4404.1, 0
2568, 4410.26, 0
2576, 4411.28, 0
2584, 4410.26, 0
2592, 4411.28, 0
2599, 4408.72, 0
2607, 4403.08, 0
2615, 4402.56, 0
2622, 4404.1, 0
2631, 4399.49, 0
2639, 4395.9, 0
2646, 4400.51, 0
2654, 4408.72, 0
2662, 4413.85, 0
2670, 4413.33, 0
2678, 4416.92, 0
2685, 4425.13, 0
2693, 4426.15, 0
2700, 4417.95, 0
2709, 4411.79, 0
2717, 4410.26, 0
2725, 4412.82, 0
2732, 4414.36, 0
2740, 4412.82, 0
2748, 4411.79, 0
2756, 4414.87, 0
2764, 4417.95, 0
2772, 4418.97, 0
2779, 4420, 0
2786, 4417.95, 0
2795, 4414.36, 0
2803, 4416.92, 0
2810, 4419.49, 0
2818, 4414.87, 0
2826, 4409.74, 0
2833, 4412.82, 0
2841, 4417.44, 0
2849, 4418.46, 0
2858, 4421.54, 0
2865, 4427.69, 0
2873, 4427.69, 0
2881, 4422.05, 0
2889, 4417.95, 0
2897, 4415.9, 0
2903, 4418.97, 0
2912, 4424.1, 0
2920, 4421.54, 0
2926, 4417.44, 0
2936, 4418.46, 0
2944, 4421.03, 0
2949, 4423.59, 0
2959, 4425.64, 0
2965, 4427.18, 0
2973, 4426.67, 0
2983, 4420.51, 0
2988, 4417.44, 0
2998, 4417.44, 0
3004, 4414.87, 0
3014, 4413.85, 0
3022, 4414.87, 0
3030, 4412.31, 0
3036, 4407.69, 0
3045, 4404.1, 0
3052, 4402.05, 0
3060, 4402.05, 0
3068, 4406.15, 0
3075, 4412.82, 0
3084, 4414.87, 0
3092, 4412.82, 0
3099, 4412.31, 0
3108, 4410.77, 0
3114, 4405.13, 0
3121, 4400.51, 0
3131, 4402.05, 0
3139, 4404.62, 0
3147, 4403.59, 0
3155, 4404.1, 0
3161, 4405.64, 0
3169, 4403.59, 0
3177, 4402.56, 0
3185, 4403.08, 0
3194, 4400.51, 0
3202, 4396.92, 0
3209, 4396.41, 0
3217, 4394.36, 0
3225, 4398.97, 0
3233, 4410.77, 0
3240, 4417.44, 0
3249, 4420.51, 0
3255, 4428.21, 0
3262, 4432.82, 0
3271, 4430.77, 0
3278, 4429.23, 0
3288, 4425.13, 0
3295, 4420.51, 0
3302, 4420, 0
3310, 4418.97, 0
3317, 4416.92, 0
3325, 4418.97, 0
3334, 4418.97, 0
3340, 4416.92, 0
3349, 4420, 0
3357, 4418.97, 0
3366, 4412.82, 0
3374, 4412.82, 0
3380, 4419.49, 0
3389, 4421.03, 0
3395, 4415.9, 0
3403, 4414.36, 0
3411, 4418.46, 0
3421, 4421.54, 0
3426, 4419.49, 0
3434, 4417.44, 0
3444, 4414.36, 0
3452, 4412.82, 0
3458, 4413.33, 0
3465, 4412.82, 0
3474, 4414.36, 0
3483, 4414.87, 0
3491, 4412.31, 0
3498, 4410.26, 0
3507, 4413.85, 0
3513, 4419.49, 0
3522, 4421.03, 0
3529, 4416.41, 0
3538, 4411.28, 0
3545, 4411.79, 0
3553, 4411.79, 0
3561, 4411.79, 0
3569, 4412.31, 0
3576, 4407.18, 0
3583, 4405.64, 0
3592, 4409.74, 0
3600, 4408.21, 0
3608, 4401.54, 0
3614, 4397.44, 0, estimuli
3624, 4400, 0
3631, 4404.1, 0
3639, 4405.13, 0
3646, 4404.1, 999
3654, 4403.59, 999
3662, 4400.51, 999
3670, 4398.46, 999
3678, 4403.08, 0
3685, 4407.18, 0
3694, 4405.64, 0
3702, 4403.08, 0
3710, 4403.08, 0
3718, 4404.62, 0
3724, 4404.1, 0
3733, 4398.97, 0
3740, 4401.03, 0
3749, 4407.69, 0
3757, 4406.67, 0
3765, 4403.08, 0
3771, 4402.56, 0
3779, 4398.97, 0
3787, 4398.97, 0
3795, 4406.15, 0
3804, 4406.67, 0
3810, 4401.54, 0
3818, 4406.67, 0
3826, 4412.82, 0
3834, 4409.74, 0
3842, 4404.1, 0
3850, 4403.08, 0
3857, 4403.59, 0
3865, 4398.97, 0
3873, 4395.38, 0
3882, 4400, 0
3888, 4404.1, 0
3897, 4402.56, 0
3905, 4404.62, 0
3913, 4410.26, 0
3920, 4411.79, 0
3929, 4411.28, 0
3936, 4411.28, 0
3943, 4412.31, 0
3952, 4413.33, 0
3960, 4413.33, 0
3968, 4409.23, 0
3975, 4405.64, 0
3983, 4404.1, 0
3991, 4402.05, 0
3999, 4397.44, 0
4006, 4394.87, 0
4013, 4396.92, 0
4021, 4399.49, 0
4030, 4401.54, 0
4038, 4403.59, 0
4045, 4403.59, 0
4053, 4403.59, 0
4062, 4404.62, 0
4070, 4404.1, 0
4076, 4403.59, 0
4084, 4406.15, 0
4093, 4408.21, 0
4100, 4404.1, 0
4108, 4401.54, 0
4115, 4403.08, 0
4123, 4400.51, 0
4132, 4396.41, 0
4140, 4401.54, 0
4147, 4410.26, 0
4155, 4414.36, 0
4163, 4413.33, 0
4171, 4408.72, 0
4179, 4401.54, 0
4186, 4399.49, 0
4195, 4401.03, 0
4201, 4398.97, 0
4209, 4395.9, 0
4218, 4396.41, 0
4225, 4396.41, 0
4233, 4398.46, 0
4241, 4401.54, 0
4249, 4400, 0
4257, 4396.41, 0
4264, 4398.46, 0
4272, 4402.56, 0
4280, 4403.08, 0
4287, 4406.67, 0
4295, 4407.18, 0
4303, 4405.13, 0
4312, 4407.69, 0
4319, 4410.26, 0
4327, 4402.56, 0
4334, 4396.92, 0
4343, 4400.51, 0
4351, 4401.03, 0
4359, 4403.59, 0
4366, 4411.79, 0
4375, 4415.9, 0
4382, 4413.85, 0
4390, 4409.74, 0
4396, 4404.62, 0
4406, 4402.56, 0
4414, 4405.64, 0
4420, 4405.13, 0
4429, 4405.64, 0
4437, 4408.21, 0
4445, 4406.15, 0
4452, 4403.59, 0
4459, 4408.72, 0
4467, 4411.79, 0
4475, 4405.13, 0
4483, 4400.51, 0
4491, 4400, 0
4500, 4401.54, 0
4507, 4405.64, 0
4515, 4407.69, 0
4523, 4404.1, 0
4531, 4401.03, 0
4537, 4405.13, 0
4547, 4409.74, 0
4552, 4410.26, 0
4562, 4406.67, 0
4569, 4402.56, 0
4577, 4403.59, 0
4586, 4408.21, 0
4592, 4412.82, 0
4599, 4414.36, 0
4609, 4410.26, 0
4615, 4405.13, 0
4624, 4405.64, 0
4631, 4410.26, 0
4639, 4409.23, 0
4647, 4403.59, 0
4656, 4403.08, 0
4662, 4405.64, 0
4671, 4405.64, 0
4679, 4402.05, 0
4686, 4396.92, 0
4694, 4396.41, 0
4702, 4398.46, 0
4710, 4397.95, 0
4719, 4397.44, 0
4725, 4399.49, 0
4733, 4398.97, 0
4741, 4395.9, 0
4749, 4396.41, 0
4757, 4398.46, 0
4765, 4400, 0
4773, 4397.44, 0
4781, 4394.36, 0
4789, 4393.85, 0
4796, 4397.95, 0
4804, 4403.59, 0
4812, 4403.59, 0
4819, 4398.46, 0
4827, 4395.9, 0
4836, 4397.44, 0
4843, 4395.9, 0
4852, 4393.85, 0
4858, 4398.46, 0
4866, 4399.49, 0
4875, 4397.95, 0
4881, 4400.51, 0
4890, 4403.59, 0
4897, 4405.13, 0
4906, 4405.13, 0
4914, 4405.13, 0
4921, 4403.59, 0
4929, 4403.59, 0
4938, 4403.59, 0
4944, 4403.08, 0
4953, 4405.13, 0
4961, 4406.15, 0
4969, 4405.64, 0
4977, 4410.77, 0
4983, 4416.92, 0
4992, 4410.77, 0
4999, 4403.59, 0
5008, 4407.18, 0
5014, 4409.23, 0
5024, 4404.62, 0
5031, 4401.54, 0
5038, 4404.62, 0
5046, 4408.21, 0
5055, 4411.28, 0
5063, 4413.85, 0
5070, 4412.31, 0
5078, 4411.28, 0
5086, 4412.31, 0
5094, 4412.31, 0
5102, 4410.26, 0
5110, 4412.31, 0
5117, 4416.41, 0
5125, 4414.87, 0
5133, 4412.31, 0
5140, 4411.28, 0
5148, 4410.77, 0
5156, 4410.77, 0
5163, 4410.77, 0
5171, 4410.26, 0
5179, 4411.28, 0
5188, 4413.85, 0
5195, 4413.85, 0
5203, 4411.79, 0
5211, 4412.82, 0
5219, 4413.85, 0
5226, 4410.77, 0
5235, 4410.77, 0
5243, 4413.85, 0
5250, 4414.36, 0
5257, 4414.87, 0
5265, 4415.9, 0
5274, 4412.82, 0
5281, 4411.28, 0
5288, 4411.28, 0
5296, 4405.64, 0
5305, 4397.95, 0
5312, 4400.51, 0
5321, 4410.26, 0
5328, 4414.36, 0
5336, 4412.31, 0
5343, 4415.9, 0
5352, 4422.05, 0
5360, 4418.97, 0
5368, 4413.85, 0
5375, 4415.9, 0
5382, 4416.92, 0
5390, 4413.85, 0
5398, 4413.85, 0
5407, 4415.38, 0
5415, 4414.87, 0
5422, 4414.87, 0
5429, 4413.85, 0
5437, 4408.72, 0
5445, 4403.08, 0
5453, 4403.59, 0
5460, 4404.1, 0
5468, 4403.08, 0
5476, 4404.1, 0
5484, 4405.13, 0
5492, 4402.56, 0
5500, 4404.62, 0
5507, 4410.26, 0
5515, 4409.74, 0
5523, 4405.64, 0
5537, 4402.56, 0
5539, 4403.08, 0
5546, 4409.23, 0
5554, 4410.77, 0
5563, 4403.59, 0
5570, 4402.05, 0
5578, 4406.15, 0
5586, 4403.59, 0
5593, 4403.08, 0
5601, 4411.79, 0
5609, 4414.87, 0
5617, 4407.18, 0
5625, 4404.62, 0
5632, 4410.77, 0
5641, 4414.36, 0
5648, 4409.23, 0
5656, 4404.1, 0
5664, 4407.69, 0
5672, 4411.79, 0
5679, 4408.21, 0
5687, 4407.18, 0
5695, 4407.69, 0
5703, 4402.56, 0
5711, 4403.08, 0
5718, 4412.31, 0
5726, 4414.87, 0
5734, 4410.77, 0
5742, 4409.23, 0
5750, 4408.72, 0
5758, 4410.77, 0
5765, 4413.85, 0
5773, 4414.87, 0
5781, 4410.77, 0
5789, 4405.64, 0
5797, 4409.74, 0
5805, 4417.95, 0
5812, 4418.97, 0
5820, 4415.9, 0
5828, 4414.87, 0
5836, 4415.9, 0
5844, 4416.41, 0
5851, 4414.36, 0
5859, 4413.33, 0
5867, 4412.31, 0
5875, 4412.82, 0
5883, 4420, 0
5891, 4426.67, 0
5898, 4425.64, 0
5906, 4417.95, 0
5914, 4414.36, 0
5922, 4414.87, 0
5930, 4414.87, 0
5938, 4414.36, 0
5945, 4413.85, 0
5953, 4414.87, 0
5961, 4413.33, 0
5969, 4415.38, 0
5977, 4421.03, 0
5984, 4417.44, 0
5992, 4411.79, 0
6000, 4412.82, 0
6008, 4415.38, 0
6016, 4413.33, 0
6023, 4413.33, 0
6031, 4414.36, 0
6039, 4414.87, 0
6047, 4421.03, 0
6055, 4427.69, 0
6063, 4428.72, 0
6070, 4426.15, 0
6078, 4424.62, 0
6086, 4425.13, 0
6094, 4422.56, 0
6102, 4422.56, 0
6109, 4426.67, 0
6117, 4422.56, 0
6125, 4419.49, 0
6133, 4427.18, 0
6141, 4427.69, 0
6149, 4418.46, 0
6157, 4418.46, 0
6164, 4417.44, 0
6172, 4412.31, 0
6180, 4414.87, 0
6189, 4416.41, 0
6195, 4414.36, 0
6203, 4417.44, 0
6211, 4418.97, 0
6219, 4414.87, 0
6227, 4413.85, 0
6235, 4415.38, 0
6242, 4417.44, 0
6250, 4419.49, 0
6258, 4418.46, 0
6266, 4415.38, 0
6274, 4414.87, 0
6281, 4414.36, 0
6289, 4412.82, 0
6297, 4413.33, 0
6305, 4414.36, 0
6313, 4413.33, 0
6321, 4407.18, 0
6328, 4397.44, 0
6336, 4395.38, 0
6344, 4400, 0
6352, 4400, 0
6360, 4397.95, 0
6367, 4400, 0
6375, 4404.1, 0
6383, 4408.72, 0
6391, 4411.28, 0
6399, 4411.79, 0
6407, 4413.85, 0
6414, 4414.87, 0
6422, 4412.82, 0
6430, 4413.85, 0
6438, 4415.38, 0
6446, 4414.87, 0
6454, 4418.46, 0
6461, 4422.56, 0
6469, 4419.49, 0
6477, 4412.82, 0
6485, 4412.82, 0
6493, 4412.31, 0
6500, 4408.21, 0
6508, 4408.21, 0
6516, 4410.26, 0
6524, 4409.23, 0
6532, 4408.21, 0
6540, 4411.28, 0
6547, 4413.85, 0
6555, 4410.77, 0
6563, 4404.1, 0
6571, 4400, 0
6579, 4404.62, 0
6586, 4418.97, 0
6594, 4437.95, 0
6602, 4446.67, 0
6610, 4443.08, 0
6618, 4441.03, 0
6626, 4443.08, 0
6633, 4444.1, 0
6641, 4442.56, 0
6649, 4441.03, 0
6657, 4442.56, 0
6665, 4443.08, 0
6673, 4441.54, 0
6680, 4443.59, 0, estimuli
6688, 4441.03, 0
6696, 4431.79, 0
6704, 4427.69, 0
6712, 4431.79, 999
6719, 4439.49, 999
6727, 4441.54, 999
6735, 4437.95, 999
6743, 4437.95, 0
6751, 4437.95, 0
6759, 4432.82, 0
6766, 4432.31, 0
6774, 4433.85, 0
6782, 4432.82, 0
6790, 4431.79, 0
6798, 4431.79, 0
6805, 4432.31, 0
6813, 4432.82, 0
6821, 4428.72, 0
6829, 4424.62, 0
6837, 4424.1, 0
6844, 4421.03, 0
6852, 4416.41, 0
6860, 4417.95, 0
6868, 4417.95, 0
6876, 4418.46, 0
6884, 4425.13, 0
6891, 4425.64, 0
6899, 4421.03, 0
6907, 4425.13, 0
6915, 4428.21, 0
6923, 4421.54, 0
6930, 4416.41, 0
6938, 4415.38, 0
6946, 4415.9, 0
6954, 4423.08, 0
6962, 4428.72, 0
6970, 4428.72, 0
6977, 4427.69, 0
6985, 4427.18, 0
6993, 4427.69, 0
7001, 4428.72, 0
7010, 4429.74, 0
7017, 4431.79, 0
7024, 4433.85, 0
7032, 4433.33, 0
7040, 4432.31, 0
7048, 4425.64, 0
7056, 4417.44, 0
7063, 4415.38, 0
7071, 4415.38, 0
7079, 4413.33, 0
7087, 4410.77, 0
7095, 4412.82, 0
7103, 4415.38, 0
7110, 4412.82, 0
7118, 4415.9, 0
7126, 4424.1, 0
7134, 4424.1, 0
7142, 4421.03, 0
7149, 4425.13, 0
7157, 4426.15, 0
7165, 4422.56, 0
7173, 4423.59, 0
7181, 4427.69, 0
7189, 4426.67, 0
7196, 4423.08, 0
7204, 4423.59, 0
7212, 4422.56, 0
7220, 4419.49, 0
7228, 4420.51, 0
7235, 4424.62, 0
7243, 4426.15, 0
7251, 4428.21, 0
7259, 4426.67, 0
7267, 4418.97, 0
7275, 4417.95, 0
7282, 4423.08, 0
7290, 4422.56, 0
7298, 4415.38, 0
7306, 4413.33, 0
7314, 4419.49, 0
7322, 4419.49, 0
7329, 4415.38, 0
7337, 4418.97, 0
7345, 4422.05, 0
7353, 4418.46, 0
7361, 4412.82, 0
7368, 4411.28, 0
7376, 4413.33, 0
7384, 4417.95, 0
7392, 4423.08, 0
7400, 4427.18, 0
7408, 4429.23, 0
7415, 4428.21, 0
7423, 4426.15, 0
7431, 4427.18, 0
7439, 4429.74, 0
7447, 4429.23, 0
7454, 4429.23, 0
7462, 4429.74, 0
7470, 4429.23, 0
7478, 4430.26, 0
7486, 4429.74, 0
7494, 4420.51, 0
7501, 4415.9, 0
7509, 4424.1, 0
7517, 4430.26, 0
7525, 4425.64, 0
7533, 4423.08, 0
7540, 4422.56, 0
7548, 4421.03, 0
7556, 4417.95, 0
7564, 4415.9, 0
7572, 4411.79, 0
7580, 4406.67, 0
7587, 4406.67, 0
7595, 4408.72, 0
7603, 4410.26, 0
7611, 4409.74, 0
7619, 4407.69, 0
7626, 4403.59, 0
7634, 4398.97, 0
7642, 4402.05, 0
7650, 4407.69, 0
7658, 4407.69, 0
7666, 4409.23, 0
7673, 4411.79, 0
7681, 4406.67, 0
7689, 4405.64, 0
7697, 4413.85, 0
7705, 4409.23, 0
7712, 4400.51, 0
7720, 4404.62, 0
7728, 4406.15, 0
7736, 4397.95, 0
7744, 4395.38, 0
7752, 4406.15, 0
7759, 4414.36, 0
7767, 4412.31, 0
7775, 4411.79, 0
7783, 4416.92, 0
7791, 4420, 0
7799, 4416.41, 0
7806, 4413.85, 0
7814, 4413.33, 0
7822, 4414.36, 0
7830, 4416.41, 0
7838, 4417.95, 0
7845, 4416.41, 0
7853, 4409.23, 0
7861, 4405.13, 0
7869, 4408.72, 0
7877, 4406.15, 0
7885, 4398.97, 0
7892, 4402.05, 0
7900, 4406.15, 0
7908, 4404.1, 0
7916, 4406.15, 0
7924, 4411.28, 0
7931, 4409.23, 0
7939, 4404.62, 0
7947, 4405.64, 0
7956, 4408.21, 0
7963, 4406.67, 0
7971, 4400.51, 0
7978, 4401.03, 0
7986, 4410.77, 0
7994, 4415.9, 0
8002, 4411.28, 0
8010, 4408.21, 0
8017, 4408.21, 0
8025, 4404.62, 0
8033, 4401.54, 0
8041, 4404.1, 0
8049, 4404.1, 0
8057, 4401.54, 0
8064, 4402.05, 0
8072, 4402.56, 0
8080, 4401.03, 0
8088, 4406.15, 0
8096, 4414.36, 0
8103, 4414.87, 0
8111, 4410.77, 0
8119, 4412.31, 0
8127, 4413.85, 0
8135, 4414.36, 0
8143, 4415.38, 0
8150, 4413.33, 0
8158, 4410.26, 0
8166, 4411.28, 0
8174, 4412.31, 0
8182, 4410.26, 0
8189, 4409.23, 0
8197, 4411.79, 0
8205, 4412.31, 0
8213, 4411.79, 0
8221, 4414.36, 0
8229, 4416.41, 0
8236, 4415.9, 0
8244, 4416.92, 0
8252, 4414.87, 0
8260, 4409.23, 0
8268, 4416.41, 0
8275, 4426.67, 0
8283, 4420.51, 0
8291, 4410.77, 0
8299, 4414.87, 0
8307, 4424.1, 0
8315, 4429.74, 0
8322, 4427.69, 0
8330, 4417.95, 0
8338, 4415.9, 0
8346, 4418.46, 0
8354, 4409.74, 0
8361, 4404.1, 0
8369, 4404.62, 0
8377, 4399.49, 0
8385, 4397.44, 0
8393, 4405.13, 0
8401, 4404.1, 0
8408, 4395.38, 0
8416, 4395.38, 0
8424, 4396.92, 0
8432, 4397.95, 0
8440, 4399.49, 0
8447, 4397.95, 0
8455, 4399.49, 0
8463, 4406.15, 0
8471, 4404.1, 0
8479, 4396.41, 0
8487, 4398.46, 0
8494, 4403.08, 0
8502, 4403.59, 0
8510, 4403.59, 0
8518, 4399.49, 0
8526, 4397.44, 0
8534, 4404.1, 0
8541, 4403.59, 0
8549, 4398.46, 0
8557, 4403.59, 0
8565, 4406.67, 0
8573, 4402.56, 0
8580, 4403.08, 0
8589, 4404.62, 0
8596, 4398.46, 0
8604, 4396.92, 0
8612, 4402.05, 0
8620, 4401.03, 0
8627, 4396.41, 0
8635, 4397.44, 0
8643, 4399.49, 0
8651, 4397.44, 0
8659, 4400, 0
8666, 4400, 0
8674, 4392.82, 0
8682, 4391.79, 0
8690, 4397.44, 0
8698, 4398.97, 0
8706, 4397.44, 0
8713, 4398.46, 0
8721, 4402.05, 0
8729, 4404.62, 0
8737, 4402.56, 0
8745, 4401.03, 0
8752, 4403.59, 0
8760, 4403.08, 0
8768, 4405.64, 0
8776, 4412.31, 0
8784, 4413.33, 0
8792, 4410.26, 0
8799, 4410.77, 0
8807, 4413.85, 0
8815, 4413.85, 0
8823, 4412.31, 0
8831, 4412.82, 0
8838, 4416.41, 0
8846, 4414.36, 0
8854, 4411.79, 0
8862, 4418.46, 0
8870, 4420.51, 0
8878, 4413.85, 0
8885, 4417.95, 0
8893, 4423.08, 0
8901, 4416.41, 0
8909, 4416.92, 0
8917, 4422.56, 0
8925, 4420, 0
8932, 4416.92, 0
8940, 4416.41, 0
8948, 4414.36, 0
8956, 4419.49, 0
8964, 4423.59, 0
8971, 4418.46, 0
8979, 4414.36, 0
8987, 4414.36, 0
8995, 4413.85, 0
9003, 4414.87, 0
9011, 4417.95, 0
9018, 4415.9, 0
9026, 4411.79, 0
9036, 4413.85, 0
9042, 4416.41, 0
9050, 4414.36, 0
9057, 4415.9, 0
9065, 4419.49, 0
9073, 4415.9, 0
9081, 4413.33, 0
9089, 4413.85, 0
9097, 4416.41, 0
9104, 4421.54, 0
9112, 4426.15, 0
9120, 4422.05, 0
9128, 4418.97, 0
9136, 4420.51, 0
9143, 4418.97, 0
9151, 4419.49, 0
9159, 4424.62, 0
9167, 4427.69, 0
9175, 4426.15, 0
9183, 4423.08, 0
9190, 4421.03, 0
9198, 4416.41, 0
9206, 4415.38, 0
9214, 4421.54, 0
9222, 4427.69, 0
9229, 4426.15, 0
9237, 4425.13, 0
9245, 4427.69, 0
9253, 4426.15, 0
9261, 4422.56, 0
9269, 4418.97, 0
9276, 4415.9, 0
9284, 4413.33, 0
9292, 4410.77, 0
9300, 4410.77, 0
9308, 4411.79, 0
9315, 4411.28, 0
9323, 4412.31, 0
9331, 4413.85, 0
9339, 4413.33, 0
9347, 4418.46, 0
9355, 4428.21, 0
9362, 4429.23, 0
9370, 4427.69, 0
9379, 4430.26, 0
9386, 4427.18, 0
9394, 4419.49, 0
9401, 4419.49, 0
9409, 4420.51, 0
9417, 4416.41, 0
9425, 4414.87, 0
9433, 4415.9, 0
9441, 4415.38, 0
9448, 4416.92, 0
9456, 4420, 0
9464, 4421.54, 0
9472, 4421.54, 0
9480, 4417.44, 0
9488, 4414.36, 0
9495, 4417.95, 0
9503, 4422.05, 0
9511, 4421.54, 0
9519, 4420.51, 0
9527, 4423.59, 0
9534, 4423.59, 0
9542, 4421.54, 0
9550, 4422.56, 0
9558, 4426.15, 0
9566, 4429.23, 0
9574, 4426.67, 0
9581, 4419.49, 0
9589, 4411.79, 0
9597, 4409.74, 0
9605, 4413.85, 0
9613, 4417.95, 0
9620, 4416.92, 0
9628, 4412.31, 0
9636, 4411.28, 0
9644, 4411.79, 0
9652, 4408.21, 0
9660, 4404.1, 0
9667, 4403.08, 0
9675, 4403.59, 0
9683, 4405.64, 0, estimuli
9691, 4409.23, 0
9699, 4411.79, 0
9706, 4409.74, 0
9714, 4410.26, 999
9722, 4415.38, 999
9730, 4417.95, 999
9738, 4416.92, 999
9746, 4417.95, 0
9753, 4418.97, 0
9761, 4414.87, 0
9769, 4412.31, 0
9778, 4412.31, 0
9785, 4410.77, 0
9792, 4410.26, 0
9800, 4411.28, 0
9809, 4411.28, 0
9817, 4411.79, 0
9825, 4411.28, 0
9833, 4409.74, 0
9840, 4410.77, 0
9847, 4411.79, 0
9856, 4413.85, 0
9863, 4415.38, 0
9871, 4413.85, 0
9879, 4414.36, 0
9886, 4415.38, 0
9895, 4409.74, 0
9903, 4406.15, 0
9910, 4411.79, 0
9918, 4416.92, 0
9926, 4417.95, 0
9935, 4416.41, 0
9941, 4415.9, 0
9950, 4416.41, 0
9957, 4415.38, 0
9965, 4417.44, 0
9972, 4420.51, 0
9980, 4415.9, 0
9989, 4410.77, 0
9996, 4413.85, 0
10005, 4412.82, 0
10011, 4408.72, 0
10019, 4411.28, 0
10027, 4414.36, 0
10036, 4413.85, 0
10044, 4415.9, 0
10051, 4418.97, 0
10059, 4416.41, 0
10067, 4414.87, 0
10075, 4413.33, 0
10082, 4408.21, 0
10091, 4407.69, 0
10097, 4412.82, 0
10106, 4418.46, 0
10113, 4419.49, 0
10122, 4417.44, 0
10129, 4415.9, 0
10137, 4416.41, 0
10145, 4414.87, 0
10152, 4414.36, 0
10160, 4415.38, 0
10168, 4413.33, 0
10177, 4412.82, 0
10183, 4414.87, 0
10191, 4409.23, 0
10199, 4404.1, 0
10207, 4408.21, 0
10216, 4409.74, 0
10223, 4405.64, 0
10230, 4408.72, 0
10239, 4412.82, 0
10246, 4414.87, 0
10255, 4420, 0
10263, 4421.54, 0
10270, 4419.49, 0
10277, 4424.62, 0
10286, 4436.41, 0
10294, 4445.64, 0
10302, 4448.21, 0
10310, 4449.74, 0
10317, 4456.92, 0
10324, 4461.03, 0
10332, 4456.41, 0
10341, 4456.41, 0
10348, 4458.97, 0
10356, 4451.79, 0
10364, 4445.64, 0
10372, 4445.64, 0
10380, 4448.21, 0
10388, 4452.31, 0
10395, 4453.33, 0
10402, 4451.79, 0
10411, 4452.31, 0
10418, 4449.74, 0
10427, 4447.69, 0
10434, 4455.38, 0
10443, 4459.49, 0
10449, 4455.9, 0
10458, 4456.41, 0
10466, 4456.92, 0
10474, 4455.38, 0
10482, 4456.92, 0
10489, 4456.92, 0
10497, 4456.92, 0
10505, 4458.97, 0
10513, 4460.51, 0
10520, 4460, 0
10529, 4456.92, 0
10535, 4455.38, 0
10543, 4455.9, 0
10551, 4457.44, 0
10560, 4461.03, 0
10567, 4463.08, 0
10575, 4462.56, 0
10582, 4462.56, 0
10591, 4461.54, 0
10599, 4457.95, 0
10606, 4455.9, 0
10614, 4449.74, 0
10622, 4444.62, 0
10629, 4451.28, 0
10638, 4456.41, 0
10645, 4453.85, 0
10654, 4453.85, 0
10660, 4458.97, 0
10668, 4461.03, 0
10677, 4461.54, 0
10684, 4462.56, 0
10693, 4459.49, 0
10701, 4460, 0
10708, 4463.08, 0
10716, 4460, 0
10724, 4459.49, 0
10731, 4464.62, 0
10740, 4468.21, 0
10747, 4469.74, 0
10755, 4466.67, 0
10762, 4465.64, 0
10770, 4469.74, 0
10779, 4470.77, 0
10786, 4469.23, 0
10793, 4472.31, 0
10801, 4475.38, 0
10810, 4470.26, 0
10817, 4464.62, 0
10825, 4459.49, 0
10833, 4456.41, 0
10840, 4456.41, 0
10848, 4456.41, 0
10856, 4458.97, 0
10864, 4465.13, 0
10873, 4467.69, 0
10880, 4463.59, 0
10887, 4461.03, 0
10895, 4463.08, 0
10904, 4461.54, 0
10912, 4458.97, 0
10919, 4459.49, 0
10927, 4457.95, 0
10935, 4457.44, 0
10943, 4460, 0
10951, 4460, 0
10959, 4461.54, 0
10965, 4465.13, 0
10974, 4464.62, 0
10982, 4459.49, 0
10990, 4457.44, 0
10997, 4456.41, 0
11006, 4455.38, 0
11012, 4462.56, 0
11021, 4472.82, 0
11029, 4475.9, 0
11036, 4475.38, 0
11044, 4474.87, 0
11051, 4474.36, 0
11060, 4472.82, 0
11067, 4475.38, 0
11076, 4481.54, 0
11084, 4489.74, 0
11092, 4494.87, 0
11099, 4495.38, 0
11107, 4494.87, 0
11114, 4494.36, 0
11123, 4490.77, 0
11131, 4488.21, 0
11138, 4491.28, 0
11146, 4495.9, 0
11153, 4494.36, 0
11162, 4491.79, 0
11169, 4500, 0
11178, 4508.21, 0
11185, 4501.03, 0
11192, 4489.23, 0
11201, 4482.05, 0
11209, 4474.36, 0
11217, 4464.62, 0
11224, 4458.97, 0
11231, 4457.44, 0
11240, 4459.49, 0
11248, 4464.62, 0
11256, 4468.72, 0
11263, 4473.85, 0
11271, 4476.41, 0
11279, 4470.26, 0
11286, 4458.97, 0
11294, 4455.38, 0
11302, 4454.87, 0
11309, 4446.67, 0
11317, 4444.62, 0
11325, 4455.38, 0
11334, 4456.92, 0
11342, 4446.67, 0
11350, 4444.1, 0
11357, 4449.23, 0
11364, 4445.64, 0
11373, 4442.56, 0
11381, 4446.15, 0
11389, 4449.23, 0
11396, 4449.23, 0
11403, 4447.69, 0
11411, 4441.54, 0
11419, 4437.95, 0
11427, 4440, 0
11435, 4438.97, 0
11443, 4440, 0
11450, 4441.54, 0
11458, 4434.87, 0
11466, 4428.21, 0
11474, 4429.74, 0
11482, 4430.26, 0
11489, 4429.23, 0
11498, 4435.9, 0
11505, 4443.08, 0
11513, 4444.62, 0
11522, 4443.08, 0
11529, 4442.56, 0
11537, 4442.56, 0
11545, 4440.51, 0
11552, 4434.87, 0
11561, 4432.82, 0
11567, 4439.49, 0
11575, 4449.23, 0
11583, 4453.33, 0
11592, 4449.74, 0
11599, 4444.1, 0
11607, 4444.1, 0
11615, 4442.05, 0
11623, 4435.9, 0
11630, 4433.33, 0
11639, 4431.79, 0
11646, 4429.23, 0
11655, 4429.23, 0
11661, 4429.74, 0
11669, 4429.23, 0
11678, 4429.23, 0
11686, 4432.31, 0
11693, 4437.95, 0
11700, 4438.46, 0
11709, 4432.31, 0
11717, 4428.21, 0
11724, 4423.08, 0
11732, 4412.31, 0
11741, 4410.26, 0
11748, 4416.41, 0
11756, 4414.36, 0
11764, 4405.13, 0
11772, 4395.38, 0
11780, 4383.59, 0
11786, 4351.28, 0
11795, 4293.85, 0
11802, 4245.13, 0
11811, 4230.26, 0
11819, 4228.72, 0
11826, 4220.51, 0
11834, 4215.38, 0
11842, 4209.23, 0
11850, 4190.77, 0
11858, 4171.79, 0
11865, 4162.56, 0
11873, 4156.41, 0
11881, 4150.77, 0
11889, 4147.69, 0
11896, 4146.15, 0
11905, 4149.23, 0
11913, 4153.85, 0
11919, 4154.87, 0
11927, 4153.85, 0
11935, 4155.38, 0
11944, 4162.56, 0
11951, 4168.72, 0
11959, 4167.69, 0
11967, 4166.67, 0
11975, 4168.72, 0
11982, 4167.18, 0
11991, 4166.67, 0
11999, 4169.23, 0
12005, 4169.23, 0
12013, 4167.18, 0
12021, 4169.74, 0
12030, 4175.38, 0
12038, 4175.38, 0
12045, 4174.87, 0
12052, 4182.56, 0
12061, 4190.26, 0
12068, 4181.54, 0
12077, 4173.85, 0
12084, 4181.54, 0
12092, 4186.67, 0
12100, 4187.18, 0
12108, 4195.38, 0
12115, 4205.13, 0
12124, 4203.59, 0
12131, 4201.03, 0
12139, 4200.51, 0
12146, 4205.13, 0
12155, 4216.92, 0
12162, 4219.49, 0
12171, 4215.38, 0
12178, 4217.95, 0
12185, 4221.03, 0
12193, 4219.49, 0
12202, 4217.95, 0
12210, 4217.95, 0
12217, 4216.92, 0
12224, 4214.36, 0
12233, 4211.28, 0
12241, 4212.82, 0
12249, 4217.44, 0
12260, 4220, 0
12265, 4218.46, 0
12271, 4215.9, 0
12280, 4216.92, 0
12288, 4220, 0
12298, 4219.49, 0
12306, 4220.51, 0
12311, 4228.72, 0
12318, 4235.38, 0
12326, 4233.33, 0
12337, 4233.33, 0
12347, 4235.38, 0
12349, 4231.28, 0
12357, 4237.44, 0
12369, 4249.23, 0
12376, 4243.08, 0
12382, 4230.26, 0
12390, 4231.28, 0
12397, 4235.9, 0
12405, 4230.26, 0
12412, 4229.23, 0
12420, 4240.51, 0
12428, 4251.28, 0
12436, 4249.74, 0
12443, 4245.13, 0
12452, 4243.08, 0
12459, 4236.92, 0
12467, 4229.74, 0
12476, 4233.33, 0
12483, 4236.41, 0
12491, 4233.33, 0
12499, 4237.44, 0
12506, 4248.21, 0
12514, 4250.26, 0
12522, 4249.23, 0
12530, 4249.74, 0
12538, 4238.97, 0
12545, 4233.33, 0
12553, 4245.13, 0
12561, 4252.31, 0
12568, 4246.67, 0
12577, 4247.18, 0
12585, 4260, 0
12593, 4264.1, 0
12601, 4255.9, 0
12609, 4248.21, 0
12615, 4247.69, 0
12624, 4256.92, 0
12631, 4265.13, 0
12640, 4265.64, 0
12647, 4269.74, 0
12655, 4280, 0
12662, 4285.13, 0
12671, 4288.72, 0
12679, 4296.92, 0
12686, 4298.97, 0, estimuli
12695, 4291.79, 0
12701, 4283.59, 0
12710, 4285.64, 0
12718, 4293.85, 999
12725, 4293.85, 999
12733, 4295.9, 999
12740, 4305.13, 999
12749, 4304.1, 0
12756, 4304.1, 0
12764, 4313.85, 0
12773, 4315.38, 0
12781, 4310.26, 0
12788, 4315.38, 0
12796, 4318.46, 0
12803, 4312.82, 0
12812, 4311.79, 0
12820, 4310.26, 0
12827, 4303.59, 0
12834, 4308.21, 0
12843, 4322.56, 0
12851, 4328.21, 0
12858, 4325.64, 0
12866, 4328.21, 0
12874, 4327.18, 0
12881, 4319.49, 0
12890, 4318.46, 0
12898, 4327.69, 0
12906, 4332.82, 0
12912, 4332.31, 0
12921, 4337.95, 0
12929, 4340.51, 0
12937, 4336.92, 0
12944, 4333.33, 0
12953, 4329.23, 0
12960, 4327.69, 0
12967, 4330.77, 0
12975, 4336.92, 0
12983, 4334.87, 0
12992, 4323.08, 0
12999, 4314.36, 0
13007, 4317.44, 0
13015, 4321.03, 0
13023, 4319.49, 0
13031, 4308.21, 0
13039, 4286.67, 0
13045, 4282.05, 0
13053, 4295.38, 0
13062, 4297.95, 0
13070, 4293.85, 0
13077, 4297.44, 0
13084, 4301.03, 0
13093, 4298.97, 0
13101, 4296.92, 0
13109, 4296.92, 0
13117, 4296.41, 0
13125, 4297.44, 0
13132, 4301.03, 0
13140, 4300.51, 0
13148, 4296.92, 0
13156, 4298.46, 0
13163, 4301.03, 0
13171, 4301.03, 0
13179, 4305.64, 0
13187, 4312.31, 0
13194, 4313.85, 0
13202, 4312.31, 0
13211, 4315.9, 0
13218, 4321.54, 0
13226, 4320, 0
13233, 4316.41, 0
13242, 4320, 0
13250, 4327.18, 0
13257, 4325.64, 0
13264, 4315.9, 0
13273, 4308.72, 0
13281, 4309.23, 0
13289, 4313.33, 0
13296, 4309.23, 0
13303, 4297.95, 0
13312, 4295.38, 0
13319, 4300, 0
13328, 4300, 0
13335, 4300, 0
13344, 4305.64, 0
13350, 4310.26, 0
13358, 4312.31, 0
13367, 4317.44, 0
13375, 4323.59, 0
13382, 4325.13, 0
13390, 4324.1, 0
13398, 4327.18, 0
13406, 4331.28, 0
13414, 4330.26, 0
13422, 4327.18, 0
13430, 4324.1, 0
13437, 4321.03, 0
13444, 4322.05, 0
13453, 4323.59, 0
13460, 4326.67, 0
13468, 4326.15, 0
13475, 4321.03, 0
13483, 4322.56, 0
13492, 4326.15, 0
13500, 4316.41, 0
13507, 4309.23, 0
13516, 4318.46, 0
13523, 4314.36, 0
13530, 4294.87, 0
13538, 4293.85, 0
13546, 4302.05, 0
13555, 4287.18, 0
13561, 4269.74, 0
13569, 4275.9, 0
13578, 4281.54, 0
13585, 4276.92, 0
13594, 4280, 0
13602, 4283.59, 0
13609, 4278.97, 0
13616, 4278.97, 0
13625, 4284.62, 0
13632, 4284.1, 0
13641, 4286.67, 0
13648, 4292.82, 0
13656, 4287.69, 0
13664, 4277.95, 0
13672, 4280.51, 0
13679, 4277.95, 0
13688, 4258.46, 0
13694, 4255.38, 0
13702, 4266.67, 0
13710, 4271.28, 0
13719, 4302.56, 0
13726, 4383.08, 0
13734, 4472.31, 0
13741, 4536.92, 0
13750, 4579.49, 0
13757, 4606.15, 0
13765, 4629.23, 0
13773, 4645.64, 0
13780, 4647.18, 0
13789, 4645.64, 0
13797, 4648.72, 0
13804, 4650.26, 0
13812, 4648.72, 0
13821, 4648.72, 0
13827, 4649.74, 0
13835, 4648.21, 0
13844, 4648.72, 0
13852, 4655.38, 0
13860, 4658.46, 0
13866, 4653.33, 0
13875, 4652.31, 0
13882, 4657.95, 0
13891, 4656.92, 0
13898, 4651.79, 0
13907, 4645.64, 0
13913, 4635.9, 0
13922, 4634.87, 0
13929, 4643.59, 0
13938, 4647.69, 0
13946, 4650.77, 0
13952, 4660.51, 0
13961, 4663.08, 0
13969, 4655.38, 0
13977, 4650.77, 0
13984, 4648.21, 0
13993, 4647.18, 0
14000, 4647.69, 0
14007, 4642.05, 0
14015, 4636.92, 0
14024, 4650.26, 0
14034, 4667.69, 0
14039, 4672.31, 0
14046, 4669.23, 0
14055, 4665.64, 0
14063, 4665.64, 0
14070, 4671.28, 0
14078, 4674.87, 0
14085, 4673.85, 0
14094, 4676.41, 0
14101, 4677.95, 0
14109, 4671.28, 0
14117, 4666.67, 0
14125, 4668.72, 0
14132, 4670.77, 0
14140, 4667.69, 0
14148, 4661.54, 0
14157, 4656.41, 0
14164, 4655.38, 0
14172, 4654.87, 0
14179, 4652.31, 0
14187, 4650.26, 0
14195, 4649.74, 0
14203, 4649.23, 0
14211, 4646.15, 0
14219, 4643.08, 0
14226, 4643.59, 0
14234, 4641.54, 0
14242, 4633.33, 0
14251, 4630.26, 0
14258, 4634.87, 0
14266, 4631.28, 0
14274, 4621.54, 0
14282, 4617.44, 0
14290, 4615.9, 0
14297, 4612.82, 0
14305, 4611.28, 0
14313, 4613.33, 0
14320, 4611.79, 0
14328, 4612.31, 0
14336, 4619.49, 0
14344, 4621.03, 0
14351, 4615.38, 0
14360, 4615.9, 0
14367, 4614.87, 0
14375, 4603.59, 0
14383, 4597.95, 0
14390, 4601.54, 0
14399, 4601.54, 0
14406, 4604.1, 0
14414, 4623.08, 0
14422, 4637.44, 0
14429, 4633.33, 0
14438, 4631.28, 0
14445, 4636.41, 0
14453, 4637.44, 0
14462, 4633.85, 0
14469, 4631.28, 0
14477, 4631.79, 0
14485, 4634.36, 0
14493, 4631.79, 0
14501, 4624.62, 0
14508, 4621.03, 0
14515, 4619.49, 0
14523, 4620.51, 0
14532, 4624.62, 0
14540, 4630.77, 0
14548, 4631.79, 0
14556, 4624.1, 0
14562, 4624.62, 0
14570, 4632.31, 0
14578, 4627.69, 0
14586, 4615.38, 0
14595, 4615.38, 0
14601, 4616.92, 0
14610, 4613.33, 0
14617, 4615.38, 0
14626, 4617.44, 0
14633, 4615.9, 0
14641, 4615.38, 0
14649, 4615.38, 0
14657, 4614.87, 0
14664, 4617.44, 0
14673, 4616.41, 0
14680, 4606.67, 0
14689, 4600.51, 0
14696, 4602.56, 0
14704, 4605.64, 0
14711, 4607.69, 0
14720, 4608.21, 0
14727, 4604.62, 0
14735, 4602.05, 0
14742, 4602.56, 0
14751, 4603.08, 0
14759, 4603.08, 0
14767, 4602.05, 0
14773, 4602.05, 0
14782, 4602.56, 0
14790, 4599.49, 0
14798, 4597.95, 0
14806, 4598.46, 0
14814, 4592.82, 0
14821, 4589.74, 0
14830, 4598.97, 0
14837, 4602.05, 0
14844, 4590.77, 0
14852, 4584.1, 0
14860, 4585.13, 0
14867, 4582.56, 0
14876, 4582.56, 0
14883, 4583.59, 0
14892, 4581.54, 0
14900, 4582.05, 0
14907, 4584.62, 0
14914, 4585.13, 0
14923, 4585.64, 0
14930, 4586.15, 0
14939, 4590.77, 0
14947, 4599.49, 0
14953, 4605.13, 0
14961, 4604.1, 0
14969, 4602.56, 0
14977, 4602.56, 0
14985, 4600, 0
14992, 4589.23, 0
15000, 4581.03, 0
15008, 4585.13, 0
15016, 4587.18, 0
15025, 4583.59, 0
15032, 4589.23, 0
15040, 4595.38, 0
15047, 4589.23, 0
15056, 4583.59, 0
15064, 4586.15, 0
15072, 4582.56, 0
15078, 4576.92, 0
15087, 4582.05, 0
15094, 4585.64, 0
15103, 4583.59, 0
15110, 4585.64, 0
15118, 4592.82, 0
15126, 4596.92, 0
15133, 4602.56, 0
15142, 4612.31, 0
15149, 4617.44, 0
15158, 4612.31, 0
15164, 4604.62, 0
15173, 4603.08, 0
15181, 4602.56, 0
15189, 4602.05, 0
15197, 4599.49, 0
15205, 4591.79, 0
15212, 4584.1, 0
15220, 4583.08, 0
15228, 4584.1, 0
15235, 4576.92, 0
15244, 4570.26, 0
15250, 4569.23, 0
15258, 4562.05, 0
15267, 4552.82, 0
15274, 4552.82, 0
15282, 4551.79, 0
15291, 4538.97, 0
15297, 4528.21, 0
15306, 4531.79, 0
15313, 4534.36, 0
15322, 4531.28, 0
15330, 4530.77, 0
15338, 4528.72, 0
15344, 4524.1, 0
15353, 4524.1, 0
15360, 4524.1, 0
15368, 4520, 0
15377, 4523.08, 0
15383, 4527.69, 0
15391, 4524.1, 0
15399, 4521.03, 0
15408, 4521.54, 0
15415, 4524.62, 0
15424, 4527.18, 0
15430, 4525.64, 0
15438, 4524.1, 0
15446, 4525.13, 0
15455, 4528.72, 0
15463, 4531.28, 0
15470, 4524.62, 0
15477, 4521.54, 0
15486, 4530.26, 0
15494, 4532.31, 0
15501, 4523.08, 0
15509, 4520.51, 0
15517, 4523.59, 0
15524, 4522.05, 0
15533, 4520.51, 0
15541, 4521.03, 0
15548, 4518.46, 0
15556, 4514.36, 0
15563, 4508.72, 0
15572, 4506.15, 0
15579, 4513.33, 0
15587, 4520.51, 0
15596, 4514.87, 0
15602, 4513.85, 0
15610, 4518.46, 0
15618, 4511.79, 0
15627, 4503.59, 0
15634, 4506.67, 0
15641, 4510.26, 0
15649, 4508.21, 0
15658, 4508.72, 0
15665, 4510.77, 0
15674, 4509.23, 0
15681, 4505.64, 0
15688, 4511.28, 0
15696, 4521.54, 0
15705, 4521.03, 0
15712, 4519.49, 0
15720, 4523.08, 0
15727, 4522.56, 0
15736, 4518.97, 0
15743, 4520.51, 0
15752, 4518.46, 0
15760, 4514.36, 0
15768, 4515.9, 0
15775, 4520, 0
15783, 4522.56, 0
15790, 4521.03, 0
15799, 4517.44, 0
15806, 4515.9, 0
15813, 4513.33, 0
15821, 4507.18, 0
15830, 4504.1, 0
15838, 4504.62, 0
15846, 4504.1, 0
15853, 4505.13, 0
15861, 4507.18, 0
15868, 4509.74, 0
15877, 4513.33, 0
15884, 4510.77, 0
15893, 4508.21, 0
15900, 4509.23, 0
15908, 4508.21, 0
15915, 4505.64, 0
15923, 4505.64, 0
15931, 4507.18, 0
15940, 4509.23, 0
15946, 4511.28, 0
15955, 4509.74, 0
15962, 4508.72, 0
15971, 4515.9, 0
15979, 4522.05, 0
15987, 4521.03, 0
15993, 4520.51, 0
16002, 4524.1, 0
16010, 4518.46, 0
16017, 4508.72, 0
16025, 4505.64, 0
16032, 4504.62, 0
16040, 4503.59, 0
16048, 4502.56, 0
16057, 4504.62, 0
16064, 4505.13, 0
16072, 4497.44, 0
16080, 4491.28, 0
16087, 4492.82, 0
16096, 4494.87, 0
16103, 4491.28, 0
16112, 4488.72, 0
16118, 4489.23, 0
16127, 4492.82, 0
16134, 4493.33, 0
16142, 4489.23, 0
16150, 4487.18, 0
16158, 4488.72, 0
16165, 4489.23, 0
16173, 4484.1, 0
16182, 4480.51, 0
16190, 4480.51, 0
16198, 4473.33, 0
16205, 4466.67, 0
16213, 4468.21, 0
16221, 4465.64, 0
16229, 4460, 0
16236, 4461.54, 0
16245, 4464.1, 0
16251, 4460.51, 0
16259, 4459.49, 0
16267, 4459.49, 0
16275, 4459.49, 0
16284, 4460, 0
16292, 4460.51, 0
16298, 4461.54, 0
16307, 4463.08, 0
16314, 4464.62, 0
16322, 4464.1, 0
16330, 4460.51, 0
16337, 4457.95, 0
16345, 4456.92, 0
16353, 4456.41, 0
16361, 4456.41, 0
16369, 4457.95, 0
16377, 4461.54, 0
16385, 4461.54, 0
16392, 4457.44, 0
16401, 4457.95, 0
16409, 4460.51, 0
16416, 4458.97, 0
16424, 4458.46, 0
16431, 4460, 0
16440, 4458.46, 0
16447, 4456.41, 0
16456, 4458.46, 0
16462, 4458.97, 0
16471, 4456.92, 0
16479, 4456.92, 0
16486, 4458.97, 0
16495, 4451.79, 0
16503, 4443.59, 0
16509, 4448.72, 0
16517, 4458.97, 0
16525, 4460, 0
16534, 4454.36, 0
16547, 4448.21, 0
16549, 4443.59, 0
16556, 4444.1, 0
16564, 4444.1, 0
16572, 4441.54, 0
16580, 4442.56, 0
16589, 4444.62, 0
16595, 4445.64, 0
16603, 4450.77, 0
16611, 4454.36, 0
16620, 4452.31, 0
16628, 4449.23, 0
16636, 4445.64, 0
16643, 4442.56, 0
16650, 4440, 0
16659, 4437.95, 0
16666, 4439.49, 0
16674, 4441.03, 0
16681, 4437.44, 0
16690, 4436.92, 0
16697, 4443.59, 0
16706, 4445.64, 0
16713, 4438.46, 0
16722, 4431.79, 0
16729, 4435.38, 0
16737, 4443.08, 0
16744, 4444.62, 0
16753, 4443.08, 0
16760, 4443.59, 0
16767, 4442.56, 0
16777, 4443.08, 0
16783, 4446.15, 0
16791, 4440, 0
16800, 4429.74, 0
16807, 4431.28, 0
16815, 4434.87, 0
16823, 4433.33, 0
16831, 4437.44, 0
16839, 4441.54, 0
16846, 4434.87, 0
16855, 4429.23, 0
16862, 4428.72, 0
16870, 4429.74, 0
16878, 4430.77, 0
16885, 4430.77, 0
16893, 4437.44, 0
16900, 4444.1, 0
16909, 4441.03, 0
16916, 4434.36, 0
16925, 4429.23, 0
16932, 4428.72, 0
16940, 4430.77, 0
16948, 4429.74, 0
16956, 4424.62, 0
16963, 4424.62, 0
16972, 4428.72, 0
16979, 4430.26, 0
16986, 4430.26, 0
16994, 4428.21, 0
17002, 4421.03, 0
17010, 4414.36, 0
17018, 4416.41, 0
17027, 4420, 0
17033, 4415.9, 0
17042, 4411.79, 0
17050, 4415.9, 0
17057, 4416.41, 0
17065, 4411.79, 0
17073, 4413.85, 0
17080, 4416.41, 0
17089, 4413.33, 0
17096, 4412.31, 0
17104, 4413.85, 0
17113, 4413.33, 0
17119, 4413.85, 0
17127, 4413.85, 0
17135, 4410.77, 0
17143, 4415.9, 0
17151, 4422.05, 0
17160, 4419.49, 0
17166, 4419.49, 0
17174, 4423.59, 0
17183, 4422.05, 0
17191, 4417.95, 0
17198, 4416.41, 0
17206, 4413.85, 0
17214, 4414.36, 0
17222, 4416.92, 0
17230, 4414.87, 0
17238, 4412.82, 0
17245, 4412.82, 0
17252, 4411.79, 0
17261, 4412.82, 0
17269, 4413.33, 0
17277, 4408.21, 0
17284, 4405.64, 0, estimuli
17292, 4410.77, 0
17299, 4413.33, 0
17307, 4412.31, 0
17316, 4413.85, 999
17323, 4414.87, 999
17332, 4409.23, 999
17338, 4406.15, 999
17347, 4410.26, 0
17354, 4411.79, 0
17363, 4408.21, 0
17371, 4405.64, 0
17377, 4400.51, 0
17385, 4398.46, 0
17393, 4404.1, 0
17401, 4406.15, 0
17410, 4405.13, 0
17417, 4411.28, 0
17425, 4414.36, 0
17432, 4411.28, 0
17441, 4413.33, 0
17448, 4411.28, 0
17457, 4403.59, 0
17464, 4404.62, 0
17472, 4408.72, 0
17480, 4405.13, 0
17488, 4401.54, 0
17496, 4405.13, 0
17504, 4409.74, 0
17511, 4411.28, 0
17518, 4407.18, 0
17526, 4398.46, 0
17535, 4395.38, 0
17543, 4401.54, 0
17549, 4403.59, 0
17558, 4400.51, 0
17565, 4405.64, 0
17573, 4409.23, 0
17582, 4402.05, 0
17590, 4399.49, 0
17597, 4402.05, 0
17604, 4397.44, 0
17613, 4393.85, 0
17621, 4397.44, 0
17629, 4397.95, 0
17635, 4395.9, 0
17644, 4398.46, 0
17652, 4403.59, 0
17660, 4404.1, 0
17668, 4401.54, 0
17676, 4401.03, 0
17682, 4401.03, 0
17691, 4402.05, 0
17699, 4403.08, 0
17707, 4400.51, 0
17715, 4396.92, 0
17723, 4397.95, 0
17729, 4397.95, 0
17738, 4400.51, 0
17745, 4409.23, 0
17753, 4410.77, 0
17762, 4400, 0
17769, 4396.41, 0
17777, 4400.51, 0
17784, 4398.97, 0
17793, 4396.92, 0
17800, 4398.46, 0
17808, 4398.97, 0
17815, 4397.95, 0
17824, 4398.46, 0
17832, 4396.92, 0
17839, 4396.92, 0
17847, 4396.41, 0
17855, 4392.31, 0
17862, 4387.69, 0
17870, 4385.64, 0
17879, 4389.23, 0
17886, 4394.36, 0
17895, 4399.49, 0
17902, 4398.46, 0
17909, 4391.28, 0
17918, 4389.23, 0
17926, 4396.41, 0
17933, 4402.05, 0
17941, 4400, 0
17950, 4396.92, 0
17957, 4393.85, 0
17965, 4392.82, 0
17973, 4391.28, 0
17980, 4386.67, 0
17987, 4387.69, 0
17995, 4395.38, 0
18003, 4397.95, 0
18012, 4392.82, 0
18020, 4392.82, 0
18026, 4396.92, 0
18034, 4397.95, 0
18042, 4396.92, 0
18050, 4394.87, 0
18059, 4394.87, 0
18066, 4397.95, 0
18073, 4396.41, 0
18081, 4392.31, 0
18090, 4395.38, 0
18098, 4396.41, 0
18106, 4393.85, 0
18113, 4397.44, 0
18120, 4401.03, 0
18129, 4397.95, 0
18137, 4396.41, 0
18145, 4398.97, 0
18152, 4402.05, 0
18160, 4401.54, 0
18168, 4398.46, 0
18175, 4396.92, 0
18184, 4397.95, 0
18192, 4402.05, 0
18198, 4405.64, 0
18207, 4403.08, 0
18214, 4399.49, 0
18223, 4400.51, 0
18231, 4402.56, 0
18239, 4403.59, 0
18245, 4403.59, 0
18254, 4403.59, 0
18262, 4407.18, 0
18270, 4411.79, 0
18277, 4413.33, 0
18284, 4411.79, 0
18293, 4412.31, 0
18301, 4410.77, 0
18309, 4408.72, 0
18317, 4411.28, 0
18325, 4412.31, 0
18332, 4407.69, 0
18340, 4407.69, 0
18348, 4410.26, 0
18356, 4403.59, 0
18364, 4396.41, 0
18372, 4398.46, 0
18379, 4399.49, 0
18387, 4397.44, 0
18395, 4397.44, 0
18403, 4397.95, 0
18411, 4398.46, 0
18418, 4399.49, 0
18426, 4397.44, 0
18433, 4396.92, 0
18442, 4397.95, 0
18449, 4397.95, 0
18457, 4396.41, 0
18464, 4395.38, 0
18473, 4397.95, 0
18481, 4400, 0
18489, 4398.97, 0
18497, 4398.46, 0
18504, 4398.97, 0
18512, 4398.46, 0
18520, 4397.44, 0
18528, 4397.44, 0
18536, 4397.44, 0
18544, 4396.92, 0
18550, 4394.36, 0
18559, 4391.79, 0
18567, 4394.87, 0
18574, 4398.97, 0
18583, 4399.49, 0
18590, 4397.95, 0
18597, 4398.97, 0
18605, 4400.51, 0
18613, 4392.82, 0
18621, 4388.21, 0
18629, 4394.36, 0
18636, 4393.85, 0
18644, 4387.18, 0
18652, 4386.15, 0
18660, 4390.26, 0
18668, 4394.87, 0
18676, 4393.33, 0
18683, 4387.69, 0
18692, 4387.18, 0
18700, 4386.67, 0
18708, 4383.08, 0
18715, 4383.59, 0
18722, 4383.08, 0
18731, 4381.03, 0
18739, 4384.62, 0
18747, 4383.59, 0
18755, 4376.41, 0
18762, 4377.44, 0
18769, 4383.08, 0
18777, 4384.62, 0
18786, 4380, 0
18794, 4370.77, 0
18802, 4369.23, 0
18808, 4376.92, 0
18817, 4382.05, 0
18824, 4386.67, 0
18832, 4395.38, 0
18841, 4400.51, 0
18849, 4399.49, 0
18855, 4396.92, 0
18864, 4392.31, 0
18871, 4386.15, 0
18879, 4384.62, 0
18888, 4387.69, 0
18895, 4386.67, 0
18902, 4381.54, 0
18911, 4383.59, 0
18918, 4389.23, 0
18927, 4386.15, 0
18934, 4389.23, 0
18942, 4398.97, 0
18950, 4393.33, 0
18958, 4380, 0
18965, 4382.56, 0
18974, 4386.67, 0
18981, 4384.62, 0
18989, 4389.23, 0
18996, 4391.79, 0
19005, 4388.72, 0
19012, 4394.36, 0
19020, 4400.51, 0
19028, 4396.92, 0
19035, 4395.9, 0
19044, 4397.44, 0
19052, 4396.41, 0
19060, 4396.92, 0
19066, 4397.44, 0
19075, 4397.44, 0
19082, 4397.95, 0
19090, 4398.46, 0
19098, 4398.46, 0
19107, 4396.41, 0
19113, 4395.9, 0
19122, 4397.95, 0
19130, 4400, 0
19138, 4398.46, 0
19146, 4397.44, 0
19153, 4398.97, 0
19161, 4400, 0
19169, 4398.97, 0
19177, 4397.44, 0
19185, 4398.97, 0
19193, 4397.95, 0
19200, 4391.28, 0
19208, 4386.15, 0
19215, 4383.59, 0
19224, 4382.05, 0
19232, 4384.1, 0
19240, 4387.18, 0
19246, 4390.26, 0
19255, 4394.36, 0
19263, 4400, 0
19271, 4398.46, 0
19278, 4395.38, 0
19285, 4396.41, 0
19293, 4394.36, 0
19301, 4393.33, 0
19309, 4395.9, 0
19318, 4398.97, 0
19325, 4404.1, 0
19332, 4411.28, 0
19340, 4414.36, 0
19348, 4413.33, 0
19357, 4409.23, 0
19364, 4404.1, 0
19372, 4403.08, 0
19380, 4402.56, 0
19388, 4395.9, 0
19396, 4391.28, 0
19404, 4388.72, 0
19412, 4385.13, 0
19418, 4388.21, 0
19427, 4394.87, 0
19434, 4397.44, 0
19443, 4399.49, 0
19451, 4401.54, 0
19457, 4402.56, 0
19465, 4396.92, 0
19473, 4390.26, 0
19482, 4391.28, 0
19490, 4393.33, 0
19497, 4389.23, 0
19505, 4387.18, 0
19513, 4394.36, 0
19521, 4395.9, 0
19528, 4392.82, 0
19536, 4396.92, 0
19543, 4402.56, 0
19551, 4408.21, 0
19560, 4413.33, 0
19568, 4412.31, 0
19576, 4411.28, 0
19584, 4413.33, 0
19591, 4408.72, 0
19599, 4404.1, 0
19607, 4407.69, 0
19615, 4404.62, 0
19623, 4397.44, 0
19630, 4396.92, 0
19638, 4401.03, 0
19646, 4402.05, 0
19653, 4400.51, 0
19662, 4397.95, 0
19669, 4396.92, 0
19677, 4400.51, 0
19684, 4404.62, 0
19693, 4403.08, 0
19701, 4398.46, 0
19709, 4397.44, 0
19715, 4398.46, 0
19723, 4396.41, 0
19731, 4397.44, 0
19740, 4399.49, 0
19747, 4397.44, 0
19756, 4398.97, 0
19763, 4407.69, 0
19770, 4409.74, 0
19778, 4405.13, 0
19787, 4404.62, 0
19795, 4403.59, 0
19802, 4398.46, 0
19810, 4396.41, 0
19817, 4396.92, 0
19826, 4396.92, 0
19833, 4398.97, 0
19842, 4397.95, 0
19848, 4395.38, 0
19857, 4395.9, 0
19864, 4397.44, 0
19873, 4400.51, 0
19880, 4401.03, 0
19888, 4391.28, 0
19896, 4385.64, 0
19903, 4391.79, 0
19912, 4392.82, 0
19920, 4388.72, 0
19927, 4392.82, 0
19934, 4397.95, 0
19943, 4397.44, 0
19950, 4398.46, 0
19959, 4403.08, 0
19967, 4406.67, 0
19974, 4410.26, 0
19982, 4415.38, 0
19989, 4416.41, 0
19998, 4408.21, 0
20006, 4402.56, 0
20013, 4407.69, 0
20020, 4415.9, 0
20028, 4417.95, 0
20037, 4416.92, 0
20045, 4423.08, 0
20052, 4431.79, 0
20061, 4432.31, 0
20067, 4430.26, 0
20076, 4435.9, 0
20083, 4440.51, 0
20092, 4439.49, 0
20099, 4441.03, 0
20107, 4444.62, 0
20114, 4441.54, 0
20123, 4440, 0
20131, 4446.15, 0
20139, 4451.28, 0
20147, 4448.21, 0
20154, 4444.1, 0
20161, 4444.1, 0
20169, 4445.13, 0
20177, 4447.69, 0
20186, 4449.74, 0
20192, 4447.69, 0
20201, 4447.69, 0
20209, 4454.87, 0
20217, 4461.54, 0
20225, 4458.97, 0
20233, 4456.41, 0
20239, 4460, 0
20247, 4460.51, 0
20256, 4458.97, 0
20264, 4460.51, 0
20271, 4460, 0
20279, 4456.41, 0
20286, 4457.95, 0
20295, 4460, 0
20302, 4458.46, 0
20311, 4455.9, 0
20319, 4452.31, 0
20325, 4450.77, 0
20333, 4455.38, 0
20342, 4461.03, 0
20349, 4455.38, 0
20358, 4445.64, 0
20364, 4448.72, 0
20373, 4455.38, 0
20380, 4449.74, 0
20389, 4442.05, 0
20397, 4444.1, 0
20405, 4440.51, 0
20412, 4429.74, 0
20420, 4431.28, 0
20428, 4442.05, 0
20436, 4446.15, 0
20444, 4446.15, 0
20450, 4448.72, 0
20458, 4447.69, 0
20466, 4444.62, 0
20475, 4444.62, 0
20483, 4446.15, 0
20490, 4445.64, 0
20497, 4442.56, 0
20506, 4442.56, 0
20514, 4445.64, 0
20522, 4449.74, 0
20530, 4451.79, 0
20537, 4455.9, 0
20545, 4458.97, 0
20552, 4455.9, 0
20560, 4450.26, 0
20569, 4446.15, 0
20577, 4445.64, 0
20583, 4444.62, 0
20592, 4441.54, 0
20600, 4438.97, 0
20608, 4438.46, 0
20616, 4441.03, 0
20624, 4442.05, 0
20631, 4440, 0
20639, 4440.51, 0
20647, 4441.03, 0
20655, 4436.92, 0
20663, 4435.38, 0
20669, 4440.51, 0
20678, 4444.62, 0
20685, 4443.08, 0
20693, 4445.64, 0
20702, 4443.08, 0
20709, 4429.74, 0
20717, 4443.08, 0
20725, 4460.51, 0
20733, 4444.62, 0
20741, 4434.87, 0
20749, 4442.56, 0
20755, 4420.51, 0
20764, 4391.79, 0
20772, 4440.51, 0
20780, 4622.05, 0
20787, 4922.56, 0
20796, 5214.36, 0
20802, 5585.64, 0
20810, 6343.08, 0
20819, 7257.95, 0
20827, 7753.85, 0
20834, 7821.54, 0
20842, 7824.62, 0
20850, 7838.46, 0
20858, 7804.62, 0
20865, 7776.92, 0
20874, 7771.28, 0
20881, 7769.23, 0
20889, 7768.21, 0
20897, 7767.69, 0
20905, 7769.23, 0
20913, 7768.72, 0
20921, 7767.69, 0
20929, 7767.69, 0
20936, 7767.69, 0
20944, 7767.69, 0
20952, 7767.69, 0
20960, 7767.69, 0
20967, 7767.69, 0
20975, 7767.69, 0
20983, 7767.69, 0
20990, 7767.69, 0
20998, 7767.69, 0
21007, 7767.69, 0
21013, 7767.69, 0
21021, 7767.69, 0
21029, 7767.69, 0
21037, 7767.69, 0
21046, 7767.69, 0
21053, 7767.69, 0
21061, 7767.69, 0
21069, 7767.69, 0
21077, 7767.69, 0
21084, 7767.69, 0
21092, 7767.69, 0
21100, 7767.69, 0
21107, 7767.69, 0
21115, 7767.69, 0
21124, 7767.69, 0
21132, 7767.69, 0
21140, 7767.69, 0
21146, 7767.69, 0
21155, 7767.69, 0
21163, 7767.69, 0
21171, 7767.69, 0
21178, 7767.69, 0
21187, 7767.69, 0
21194, 7767.69, 0
21202, 7767.69, 0
21210, 7767.69, 0
21218, 7767.69, 0
21226, 7767.69, 0
21232, 7767.69, 0
21241, 7767.69, 0
21248, 7767.69, 0
21257, 7767.69, 0
21265, 7767.69, 0
21273, 7768.21, 0
21280, 7767.69, 0
21287, 7767.69, 0
21296, 7768.21, 0
21303, 7766.15, 0
21312, 7763.08, 0
21319, 7762.56, 0
21327, 7764.62, 0
21335, 7765.64, 0
21343, 7764.62, 0
21350, 7764.1, 0
21359, 7764.62, 0
21365, 7765.64, 0
21374, 7765.13, 0
21381, 7765.64, 0
21390, 7765.13, 0
21397, 7765.64, 0
21405, 7766.67, 0
21413, 7762.05, 0
21421, 7756.41, 0
21429, 7755.38, 0
21437, 7755.38, 0
21445, 7749.23, 0
21452, 7741.03, 0
21459, 7738.46, 0
21467, 7734.87, 0
21475, 7727.18, 0
21484, 7724.62, 0
21491, 7726.67, 0
21499, 7726.15, 0
21507, 7726.15, 0
21515, 7726.67, 0
21523, 7722.05, 0
21531, 7713.33, 0
21537, 7711.28, 0
21546, 7712.31, 0
21554, 7702.56, 0
21562, 7693.33, 0
21570, 7692.31, 0
21578, 7686.67, 0
21584, 7674.36, 0
21593, 7668.72, 0
21601, 7660.51, 0
21608, 7641.03, 0
21617, 7629.23, 0
21624, 7626.15, 0
21632, 7618.97, 0
21640, 7607.18, 0
21647, 7599.49, 0
21656, 7588.21, 0
21663, 7572.31, 0
21670, 7562.56, 0
21678, 7552.82, 0
21686, 7540.51, 0
21695, 7534.87, 0
21703, 7532.31, 0
21710, 7518.46, 0
21717, 7502.05, 0
21726, 7492.82, 0
21734, 7482.56, 0
21741, 7470.26, 0
21750, 7460.51, 0
21756, 7453.85, 0
21765, 7444.1, 0
21773, 7430.77, 0
21781, 7418.46, 0
21789, 7410.77, 0
21795, 7403.08, 0
21804, 7392.31, 0
21812, 7384.62, 0
21820, 7378.46, 0
21827, 7372.82, 0
21835, 7367.18, 0
21842, 7360, 0
21851, 7351.28, 0
21859, 7344.1, 0
21866, 7335.38, 0
21874, 7326.15, 0
21882, 7320.51, 0
21890, 7315.38, 0
21898, 7309.74, 0
21905, 7302.05, 0
21913, 7293.85, 0
21922, 7291.28, 0
21929, 7288.72, 0
21937, 7280, 0
21944, 7273.85, 0
21953, 7278.97, 0
21961, 7279.49, 0
21967, 7267.69, 0
21976, 7260.51, 0
21984, 7261.54, 0
21992, 7255.9, 0
22000, 7242.05, 0
22007, 7230.77, 0
22015, 7223.59, 0
22023, 7216.41, 0
22031, 7208.72, 0
22039, 7195.9, 0
22047, 7186.15, 0
22054, 7182.05, 0
22062, 7172.31, 0
22069, 7161.54, 0
22078, 7151.28, 0
22085, 7137.95, 0
22094, 7128.72, 0
22100, 7123.59, 0
22109, 7109.23, 0
22117, 7094.87, 0
22125, 7090.77, 0
22133, 7081.54, 0
22140, 7069.23, 0
22148, 7061.03, 0
22156, 7054.36, 0
22164, 7047.69, 0
22172, 7040.51, 0
22180, 7032.82, 0
22187, 7023.08, 0
22195, 7013.33, 0
22203, 7000.51, 0
22211, 6989.23, 0
22219, 6983.08, 0
22227, 6972.82, 0
22233, 6960, 0
22242, 6948.72, 0
22249, 6939.49, 0
22258, 6930.26, 0
22266, 6921.03, 0
22272, 6910.26, 0
22280, 6897.95, 0
22289, 6884.62, 0
22297, 6871.79, 0
22305, 6868.21, 0
22313, 6863.08, 0
22319, 6850.26, 0
22328, 6843.08, 0
22336, 6835.9, 0
22344, 6826.15, 0
22352, 6819.49, 0
22359, 6812.82, 0
22367, 6803.08, 0
22375, 6789.74, 0
22382, 6778.46, 0
22391, 6771.28, 0
22398, 6757.95, 0
22406, 6744.62, 0
22413, 6742.56, 0
22422, 6737.44, 0
22429, 6722.56, 0
22438, 6713.85, 0
22445, 6707.18, 0
22453, 6697.44, 0
22461, 6688.21, 0
22469, 6676.92, 0
22477, 6666.15, 0
22485, 6655.9, 0
22492, 6649.74, 0
22500, 6647.18, 0
22508, 6638.97, 0
22515, 6631.79, 0
22524, 6629.74, 0
22531, 6623.08, 0
22539, 6614.87, 0
22547, 6609.23, 0
22555, 6597.44, 0
22563, 6586.15, 0
22570, 6580, 0
22578, 6571.79, 0
22586, 6563.08, 0
22593, 6557.44, 0
22601, 6549.23, 0
22610, 6536.41, 0
22617, 6529.23, 0
22625, 6530.77, 0
22633, 6526.15, 0
22640, 6514.87, 0
22648, 6506.15, 0
22657, 6499.49, 0
22663, 6486.15, 0
22671, 6474.87, 0
22679, 6468.21, 0
22687, 6457.95, 0
22695, 6450.26, 0
22704, 6449.74, 0
22711, 6450.26, 0
22718, 6452.31, 0
22727, 6451.79, 0
22735, 6443.08, 0
22742, 6433.85, 0
22750, 6432.31, 0
22757, 6427.69, 0
22766, 6414.87, 0
22774, 6403.59, 0
22782, 6400.51, 0
22790, 6391.79, 0
22796, 6379.49, 0
22805, 6375.38, 0
22813, 6371.79, 0
22820, 6362.56, 0
22829, 6354.36, 0
22835, 6349.74, 0
22843, 6345.64, 0
22851, 6337.95, 0
22859, 6326.67, 0
22867, 6318.97, 0
22876, 6317.44, 0
22883, 6307.69, 0
22891, 6294.36, 0
22899, 6287.18, 0
22907, 6281.54, 0
22914, 6273.33, 0
22922, 6261.54, 0
22930, 6253.85, 0
22938, 6248.72, 0
22946, 6241.54, 0
22954, 6233.33, 0
22962, 6222.56, 0
22969, 6213.33, 0
22977, 6210.26, 0
22985, 6205.13, 0
22993, 6197.95, 0
23000, 6192.31, 0
23008, 6189.23, 0
23016, 6181.03, 0
23024, 6170.77, 0
23032, 6164.62, 0
23040, 6159.49, 0
23047, 6152.31, 0
23054, 6144.62, 0
23063, 6135.38, 0
23070, 6123.08, 0
23079, 6112.31, 0
23086, 6103.59, 0
23095, 6094.36, 0
23102, 6088.21, 0
23110, 6077.44, 0
23117, 6067.18, 0
23126, 6064.1, 0
23133, 6058.97, 0
23141, 6048.72, 0
23149, 6043.59, 0
23157, 6036.41, 0
23165, 6022.56, 0
23173, 6017.95, 0
23180, 6017.44, 0
23188, 6011.28, 0
23195, 6003.59, 0
23204, 5997.95, 0
23212, 5989.74, 0
23220, 5980, 0
23227, 5970.77, 0
23234, 5962.05, 0
23243, 5958.97, 0
23251, 5956.92, 0
23259, 5950.77, 0
23266, 5943.08, 0
23274, 5934.36, 0
23282, 5923.59, 0
23290, 5912.82, 0
23297, 5908.21, 0
23305, 5907.18, 0
23313, 5901.03, 0
23321, 5889.74, 0
23328, 5880, 0
23337, 5873.85, 0
23345, 5866.15, 0
23353, 5858.46, 0
23359, 5851.79, 0
23368, 5843.08, 0
23376, 5833.33, 0
23384, 5827.18, 0
23392, 5818.46, 0
23399, 5810.77, 0
23407, 5811.28, 0
23415, 5806.15, 0
23423, 5796.92, 0
23431, 5790.77, 0
23439, 5784.1, 0
23446, 5780, 0
23454, 5775.9, 0
23462, 5765.13, 0
23470, 5760, 0
23478, 5764.62, 0
23485, 5756.41, 0
23493, 5745.64, 0
23500, 5746.67, 0
23508, 5742.56, 0
23517, 5734.36, 0
23525, 5726.67, 0
23532, 5722.05, 0
23540, 5714.87, 0
23552, 5705.13, 0
23556, 5698.97, 0
23563, 5692.82, 0
23570, 5685.13, 0
23579, 5680.51, 0
23587, 5684.62, 0
23595, 5685.13, 0
23603, 5673.33, 0
23610, 5658.97, 0
23617, 5652.82, 0
23626, 5650.26, 0
23633, 5640, 0
23641, 5632.31, 0
23649, 5630.26, 0
23658, 5624.62, 0
23665, 5618.97, 0
23673, 5620.51, 0
23681, 5619.49, 0
23689, 5607.69, 0
23696, 5600, 0
23704, 5598.46, 0
23711, 5589.74, 0
23719, 5582.05, 0
23727, 5580.51, 0
23736, 5580, 0
23744, 5577.44, 0
23751, 5574.87, 0
23758, 5568.21, 0
23766, 5555.9, 0
23775, 5550.77, 0
23782, 5547.69, 0
23790, 5539.49, 0
23798, 5534.36, 0
23806, 5532.82, 0
23814, 5525.13, 0
23822, 5515.9, 0
23829, 5513.33, 0
23837, 5507.18, 0
23844, 5501.03, 0
23853, 5502.05, 0
23861, 5498.46, 0
23868, 5489.74, 0
23876, 5486.67, 0
23884, 5485.64, 0
23891, 5478.46, 0
23900, 5471.28, 0
23907, 5469.23, 0
23915, 5463.08, 0
23923, 5451.28, 0
23931, 5442.56, 0
23939, 5437.95, 0
23946, 5432.31, 0
23955, 5426.67, 0
23961, 5422.05, 0
23969, 5415.38, 0
23978, 5409.74, 0
23986, 5408.72, 0
23993, 5406.67, 0
24002, 5398.46, 0
24009, 5391.79, 0
24017, 5386.15, 0
24025, 5379.49, 0
24033, 5377.95, 0
24041, 5373.33, 0
24047, 5364.62, 0
24056, 5362.05, 0
24063, 5361.03, 0
24071, 5355.38, 0
24080, 5351.79, 0
24088, 5344.62, 0
24095, 5333.85, 0
24102, 5328.21, 0
24111, 5322.56, 0
24118, 5314.36, 0
24127, 5307.69, 0
24134, 5302.56, 0
24142, 5296.92, 0
24149, 5290.26, 0
24157, 5283.08, 0
24165, 5283.08, 0
24174, 5283.59, 0
24180, 5276.41, 0
24189, 5266.67, 0
24197, 5265.13, 0
24205, 5266.15, 0
24213, 5263.59, 0
24221, 5258.46, 0
24228, 5252.31, 0
24236, 5247.69, 0
24244, 5244.1, 0
24251, 5238.46, 0
24260, 5229.74, 0
24267, 5228.72, 0
24274, 5230.77, 0
24282, 5222.56, 0
24291, 5214.36, 0
24299, 5214.36, 0
24306, 5208.72, 0
24314, 5198.97, 0
24322, 5198.97, 0
24330, 5197.95, 0
24337, 5185.64, 0
24346, 5181.54, 0
24353, 5180, 0
24361, 5171.28, 0
24369, 5164.62, 0
24377, 5158.46, 0
24384, 5149.74, 0
24393, 5150.26, 0
24399, 5152.82, 0
24407, 5143.08, 0
24416, 5132.31, 0
24424, 5132.31, 0
24432, 5132.31, 0
24439, 5127.69, 0
24447, 5118.97, 0
24455, 5118.97, 0
24463, 5125.64, 0
24470, 5113.85, 0
24479, 5086.67, 0
24485, 5066.67, 0
24494, 5063.08, 0
24501, 5040.51, 0
24510, 4958.97, 0
24517, 4848.21, 0
24525, 4745.13, 0
24532, 4624.62, 0
24541, 4466.67, 0
24549, 4318.46, 0
24557, 4208.21, 0
24564, 4111.28, 0
24572, 4009.74, 0, estimuli
24580, 3891.28, 0
24587, 3780, 0
24595, 3693.33, 0
24604, 3614.36, 999
24611, 3537.95, 999
24618, 3471.79, 999
24627, 3424.1, 999
24635, 3400, 0
24643, 3387.69, 0
24651, 3378.46, 0
24658, 3383.59, 0
24666, 3413.85, 0
24674, 3453.85, 0
24682, 3493.85, 0
24690, 3545.64, 0
24697, 3603.59, 0
24704, 3648.72, 0
24712, 3687.18, 0
24720, 3736.92, 0
24729, 3786.67, 0
24737, 3820, 0
24744, 3851.28, 0
24752, 3891.28, 0
24759, 3927.69, 0
24768, 3953.33, 0
24776, 3973.85, 0
24784, 3994.36, 0
24790, 4009.23, 0
24799, 4017.95, 0
24807, 4025.13, 0
24814, 4037.95, 0
24823, 4052.82, 0
24830, 4060.51, 0
24837, 4060, 0
24846, 4061.03, 0
24854, 4068.72, 0
24862, 4078.46, 0
24870, 4085.13, 0
24877, 4086.67, 0
24885, 4088.72, 0
24892, 4095.9, 0
24901, 4110.26, 0
24908, 4121.03, 0
24916, 4123.08, 0
24924, 4128.72, 0
24932, 4137.95, 0
24939, 4138.97, 0
24948, 4137.44, 0
24955, 4139.49, 0
24963, 4139.49, 0
24970, 4136.92, 0
24979, 4136.41, 0
24987, 4138.97, 0
24994, 4141.54, 0
25001, 4137.44, 0
25010, 4140, 0
25018, 4150.26, 0
25026, 4145.64, 0
25033, 4138.46, 0
25042, 4147.69, 0
25049, 4154.87, 0
25057, 4149.74, 0
25064, 4150.26, 0
25073, 4153.85, 0
25081, 4151.79, 0
25089, 4150.77, 0
25095, 4151.79, 0
25104, 4152.82, 0
25112, 4152.82, 0
25119, 4153.33, 0
25128, 4153.33, 0
25135, 4152.82, 0
25142, 4151.79, 0
25150, 4157.44, 0
25159, 4166.67, 0
25166, 4170.77, 0
25175, 4170.26, 0
25181, 4168.72, 0
25190, 4169.74, 0
25197, 4169.74, 0
25206, 4169.74, 0
25214, 4167.18, 0
25220, 4166.15, 0
25229, 4167.18, 0
25236, 4166.15, 0
25244, 4165.13, 0
25252, 4169.74, 0
25260, 4168.72, 0
25268, 4157.44, 0
25276, 4156.92, 0
25283, 4168.72, 0
25292, 4172.82, 0
25300, 4167.18, 0
25307, 4165.13, 0
25314, 4168.21, 0
25323, 4165.13, 0
25330, 4156.41, 0
25339, 4151.79, 0
25346, 4151.28, 0
25354, 4152.31, 0
25362, 4161.54, 0
25369, 4171.28, 0
25378, 4170.77, 0
25385, 4164.62, 0
25393, 4164.62, 0
25401, 4164.62, 0
25408, 4156.41, 0
25417, 4153.85, 0
25425, 4165.64, 0
25432, 4173.33, 0
25440, 4167.69, 0
25447, 4168.21, 0
25456, 4171.28, 0
25463, 4167.69, 0
25472, 4166.15, 0
25479, 4168.72, 0
25487, 4168.72, 0
25495, 4166.15, 0
25502, 4165.64, 0
25511, 4167.69, 0
25519, 4168.72, 0
25525, 4168.72, 0
25533, 4168.21, 0
25542, 4167.18, 0
25550, 4167.18, 0
25558, 4168.21, 0
25564, 4167.18, 0
25573, 4166.15, 0
25581, 4165.13, 0
25588, 4164.62, 0
25597, 4166.15, 0
25605, 4168.21, 0
25612, 4169.74, 0
25619, 4168.72, 0
25628, 4167.18, 0
25635, 4173.33, 0
25643, 4176.92, 0
25652, 4171.79, 0
25659, 4166.15, 0
25667, 4167.18, 0
25675, 4177.44, 0
25683, 4183.08, 0
25691, 4174.87, 0
25698, 4167.69, 0
25706, 4171.28, 0
25713, 4174.36, 0
25722, 4170.77, 0
25730, 4167.69, 0
25738, 4166.15, 0
25744, 4167.69, 0
25753, 4167.69, 0
25761, 4165.64, 0
25769, 4166.15, 0
25777, 4165.64, 0
25783, 4167.69, 0
25791, 4170.26, 0
25800, 4168.21, 0
25807, 4167.18, 0
25816, 4168.72, 0
25824, 4164.1, 0
25831, 4153.85, 0
25839, 4151.28, 0
25847, 4153.85, 0
25855, 4153.85, 0
25863, 4154.36, 0
25869, 4156.41, 0
25878, 4154.87, 0
25886, 4154.36, 0
25894, 4155.9, 0
25902, 4154.36, 0
25910, 4151.79, 0
25917, 4153.85, 0
25925, 4156.41, 0
25933, 4154.87, 0
25941, 4152.31, 0
25948, 4152.31, 0
25956, 4153.33, 0
25963, 4152.82, 0
25972, 4155.38, 0
25980, 4155.9, 0
25988, 4150.77, 0
25996, 4157.95, 0
26002, 4164.62, 0
26011, 4160.51, 0
26018, 4161.54, 0
26027, 4165.64, 0
26035, 4163.59, 0
26042, 4163.08, 0
26050, 4169.23, 0
26057, 4168.21, 0
26065, 4159.49, 0
26074, 4157.44, 0
26081, 4156.92, 0
26089, 4154.36, 0
26097, 4157.44, 0
26105, 4162.05, 0
26113, 4155.38, 0
26121, 4154.36, 0
26128, 4168.72, 0
26136, 4170.77, 0
26144, 4157.44, 0
26152, 4157.44, 0
26160, 4165.13, 0
26167, 4157.95, 0
26175, 4156.41, 0
26183, 4164.1, 0
26190, 4162.56, 0
26199, 4156.92, 0
26207, 4159.49, 0
26215, 4161.54, 0
26222, 4163.59, 0
26230, 4170.26, 0
26238, 4164.62, 0
26246, 4157.95, 0
26253, 4163.59, 0
26261, 4168.21, 0
26269, 4166.15, 0
26277, 4163.59, 0
26284, 4167.69, 0
26293, 4170.26, 0
26300, 4168.21, 0
26307, 4171.79, 0
26316, 4177.95, 0
26323, 4177.44, 0
26332, 4168.72, 0
26340, 4166.67, 0
26347, 4169.74, 0
26354, 4169.74, 0
26363, 4167.69, 0
26371, 4170.26, 0
26379, 4171.79, 0
26387, 4170.77, 0
26394, 4170.77, 0
26401, 4171.28, 0
26409, 4170.26, 0
26417, 4168.72, 0
26426, 4170.26, 0
26432, 4176.92, 0
26440, 4177.95, 0
26448, 4170.77, 0
26457, 4173.33, 0
26464, 4183.08, 0
26473, 4184.1, 0
26480, 4181.54, 0
26488, 4183.59, 0
26495, 4184.1, 0
26503, 4184.1, 0
26511, 4184.62, 0
26519, 4180.51, 0
26527, 4180.51, 0
26534, 4185.13, 0
26542, 4178.97, 0
26551, 4173.33, 0
26559, 4181.03, 0
26565, 4184.62, 0
26574, 4180.51, 0
26581, 4182.05, 0
26590, 4184.1, 0
26597, 4182.56, 0
26604, 4184.1, 0
26612, 4187.69, 0
26620, 4188.72, 0
26628, 4190.77, 0
26637, 4190.77, 0
26645, 4186.67, 0
26652, 4192.31, 0
26659, 4198.97, 0
26668, 4191.28, 0
26676, 4182.56, 0
26683, 4184.62, 0
26691, 4187.69, 0
26699, 4185.64, 0
26707, 4183.59, 0
26714, 4188.21, 0
26723, 4197.95, 0
26731, 4195.9, 0
26738, 4184.1, 0
26746, 4184.1, 0
26754, 4193.85, 0
26762, 4192.31, 0
26770, 4184.62, 0
26778, 4187.69, 0
26784, 4192.82, 0
26793, 4187.69, 0
26800, 4183.59, 0
26808, 4187.18, 0
26817, 4185.13, 0
26824, 4182.05, 0
26832, 4181.54, 0
26840, 4184.1, 0
26847, 4185.64, 0
26856, 4182.05, 0
26864, 4180.51, 0
26871, 4182.05, 0
26878, 4183.08, 0
26887, 4183.59, 0
26894, 4185.13, 0
26902, 4185.13, 0
26910, 4183.59, 0
26918, 4183.08, 0
26926, 4183.59, 0
26933, 4185.13, 0
26942, 4184.62, 0
26949, 4186.15, 0
26957, 4187.69, 0
26965, 4184.1, 0
26973, 4190.26, 0
26980, 4198.97, 0
26989, 4195.9, 0
26996, 4191.79, 0
27004, 4196.92, 0
27012, 4207.18, 0
27020, 4194.87, 0
27027, 4151.79, 0
27036, 4139.49, 0
27043, 4166.67, 0
27051, 4157.44, 0
27059, 4103.59, 0
27066, 4040.51, 0
27075, 3952.82, 0
27081, 3851.79, 0
27090, 3751.79, 0
27097, 3627.69, 0
27106, 3511.79, 0
27114, 3445.13, 0
27122, 3392.31, 0
27129, 3330.26, 0
27137, 3267.18, 0
27145, 3193.85, 0
27152, 3106.67, 0
27161, 3031.79, 0
27169, 2981.03, 0
27176, 2947.69, 0
27184, 2935.9, 0
27191, 2935.38, 0
27200, 2936.41, 0
27208, 2949.74, 0
27215, 2976.92, 0
27223, 3003.08, 0
27231, 3021.54, 0
27239, 3042.05, 0
27246, 3073.85, 0
27254, 3120, 0
27262, 3171.79, 0
27269, 3216.41, 0
27278, 3252.82, 0
27285, 3283.59, 0
27294, 3312.82, 0
27301, 3337.44, 0
27309, 3358.46, 0
27316, 3381.03, 0
27325, 3406.67, 0
27333, 3424.1, 0
27341, 3433.33, 0
27347, 3445.64, 0
27356, 3456.41, 0
27364, 3464.62, 0
27372, 3473.85, 0
27380, 3483.59, 0
27387, 3493.85, 0
27395, 3499.49, 0
27402, 3508.72, 0
27411, 3527.18, 0
27419, 3541.03, 0
27426, 3547.69, 0
27434, 3558.46, 0
27442, 3571.28, 0
27450, 3579.49, 0
27467, 3586.67, 0
27468, 3595.38, 0
27472, 3602.56, 0
27481, 3604.1, 0
27488, 3608.21, 0
27496, 3617.95, 0
27504, 3624.62, 0
27513, 3629.23, 0
27519, 3636.41, 0
27527, 3636.41, 0
27535, 3636.92, 0
27544, 3646.67, 0
27551, 3652.82, 0
27559, 3653.85, 0
27566, 3655.9, 0
27574, 3658.97, 0, estimuli
27583, 3666.15, 0
27591, 3676.92, 0
27599, 3683.59, 0
27606, 3685.64, 999
27614, 3688.72, 999
27622, 3691.79, 999
27629, 3698.97, 999
27638, 3703.08, 0
27645, 3700, 0
27653, 3704.62, 0
27661, 3715.38, 0
27669, 3716.41, 0
27677, 3715.38, 0
27684, 3720.51, 0
27692, 3726.15, 0
27699, 3732.82, 0
27708, 3738.46, 0
27715, 3737.44, 0
27724, 3734.87, 0
27731, 3736.92, 0
27739, 3736.92, 0
27746, 3735.9, 0
27755, 3741.54, 0
27763, 3749.74, 0
27771, 3752.31, 0
27778, 3752.82, 0
27786, 3756.41, 0
27794, 3754.87, 0
27801, 3756.41, 0
27810, 3767.69, 0
27818, 3771.79, 0
27825, 3771.28, 0
27833, 3776.92, 0
27841, 3776.92, 0
27849, 3769.74, 0
27857, 3769.74, 0
27864, 3770.26, 0
27872, 3769.74, 0
27880, 3777.44, 0
27888, 3783.08, 0
27896, 3789.23, 0
27903, 3798.97, 0
27911, 3802.05, 0
27918, 3805.13, 0
27926, 3815.9, 0
27934, 3821.03, 0
27943, 3820.51, 0
27949, 3825.64, 0
27957, 3824.1, 0
27965, 3815.38, 0
27973, 3820, 0
27981, 3832.31, 0
27990, 3834.36, 0
27996, 3834.36, 0
28005, 3844.62, 0
28013, 3851.28, 0
28020, 3849.74, 0
28029, 3848.72, 0
28036, 3848.72, 0
28043, 3848.21, 0
28051, 3848.21, 0
28060, 3849.23, 0
28068, 3855.9, 0
28076, 3864.1, 0
28082, 3864.1, 0
28091, 3863.08, 0
28099, 3870.26, 0
28107, 3880.51, 0
28114, 3883.08, 0
28122, 3880.51, 0
28130, 3879.49, 0
28138, 3879.49, 0
28146, 3880.51, 0
28154, 3882.56, 0
28161, 3882.05, 0
28169, 3885.64, 0
28177, 3894.36, 0
28184, 3898.97, 0
28193, 3896.92, 0
28201, 3895.9, 0
28208, 3896.92, 0
28216, 3898.46, 0
28224, 3904.1, 0
28232, 3908.72, 0
28239, 3907.69, 0
28248, 3908.21, 0
28255, 3911.79, 0
28263, 3912.31, 0
28271, 3914.87, 0
28279, 3922.05, 0
28287, 3925.64, 0
28294, 3924.62, 0
28301, 3925.64, 0
28310, 3928.72, 0
28318, 3927.18, 0
28326, 3928.72, 0
28333, 3937.44, 0
28341, 3941.54, 0
28349, 3940.51, 0
28357, 3941.03, 0
28365, 3943.59, 0
28372, 3947.18, 0
28380, 3950.26, 0
28388, 3948.21, 0
28395, 3943.59, 0
28403, 3945.13, 0
28412, 3952.31, 0
28420, 3957.44, 0
28426, 3957.44, 0
28435, 3954.87, 0
28442, 3958.97, 0
28451, 3967.18, 0
28458, 3970.77, 0
28466, 3969.74, 0
28474, 3972.31, 0
28481, 3974.36, 0
28490, 3973.33, 0
28497, 3973.85, 0
28506, 3976.41, 0
28513, 3977.95, 0
28520, 3976.92, 0
28529, 3977.44, 0
28537, 3981.03, 0
28544, 3980, 0
28553, 3976.41, 0
28560, 3975.38, 0
28568, 3974.87, 0
28576, 3970.26, 0
28584, 3965.64, 0
28592, 3966.15, 0
28599, 3972.31, 0
28607, 3973.85, 0
28615, 3970.77, 0
28623, 3974.87, 0
28631, 3982.05, 0
28638, 3986.15, 0
28646, 3988.21, 0
28654, 3989.23, 0
28662, 3989.23, 0
28670, 3990.26, 0
28678, 3990.77, 0
28685, 3990.26, 0
28693, 3989.23, 0
28701, 3988.21, 0
28709, 3988.72, 0
28717, 3989.23, 0
28724, 3989.23, 0
28732, 3986.15, 0
28740, 3983.59, 0
28748, 3987.69, 0
28756, 3993.85, 0
28764, 3996.41, 0
28771, 3998.97, 0
28779, 4003.08, 0
28786, 4004.62, 0
28795, 4004.1, 0
28802, 4004.1, 0
28810, 4001.54, 0
28818, 4002.05, 0
28826, 4005.13, 0
28833, 4002.05, 0
28841, 3998.46, 0
28849, 4002.56, 0
28856, 4007.69, 0
28864, 4006.15, 0
28873, 4001.54, 0
28881, 4002.05, 0
28888, 4004.62, 0
28896, 4004.1, 0
28903, 4005.64, 0
28911, 4013.85, 0
28920, 4016.92, 0
28927, 4014.87, 0
28935, 4016.41, 0
28943, 4018.46, 0
28951, 4018.46, 0
28959, 4018.46, 0
28966, 4020, 0
28974, 4024.1, 0
28982, 4024.1, 0
28990, 4022.56, 0
28997, 4025.64, 0
29006, 4030.26, 0
29014, 4028.72, 0
29022, 4024.62, 0
29030, 4025.13, 0
29036, 4025.64, 0
29045, 4025.64, 0
29053, 4029.23, 0
29061, 4033.85, 0
29069, 4033.33, 0
29076, 4032.82, 0
29084, 4037.44, 0
29092, 4038.97, 0
29100, 4033.33, 0
29108, 4027.18, 0
29115, 4026.15, 0
29123, 4029.23, 0
29130, 4032.82, 0
29139, 4036.41, 0
29147, 4035.38, 0
29155, 4034.36, 0
29162, 4041.54, 0
29170, 4049.23, 0
29177, 4049.74, 0
29186, 4050.26, 0
29194, 4050.26, 0
29202, 4049.74, 0
29208, 4053.85, 0
29217, 4055.38, 0
29225, 4052.31, 0
29233, 4049.74, 0
29241, 4049.74, 0
29247, 4055.38, 0
29256, 4061.03, 0
29264, 4056.41, 0
29272, 4051.79, 0
29280, 4055.9, 0
29288, 4059.49, 0
29295, 4058.46, 0
29303, 4059.49, 0
29311, 4065.64, 0
29319, 4067.18, 0
29327, 4060, 0
29334, 4058.97, 0
29342, 4068.72, 0
29349, 4070.26, 0
29358, 4065.13, 0
29365, 4067.18, 0
29374, 4069.23, 0
29381, 4067.69, 0
29389, 4066.67, 0
29397, 4065.64, 0
29404, 4066.15, 0
29412, 4071.28, 0
29421, 4074.87, 0
29428, 4074.36, 0
29436, 4075.38, 0
29443, 4074.87, 0
29451, 4076.41, 0
29460, 4080.51, 0
29466, 4080.51, 0
29475, 4080, 0
29483, 4082.05, 0
29491, 4084.62, 0
29499, 4080.51, 0
29507, 4069.74, 0
29514, 4069.23, 0
29521, 4075.38, 0
29530, 4071.79, 0
29538, 4064.62, 0
29546, 4070.77, 0
29553, 4075.9, 0
29561, 4071.28, 0
29568, 4069.23, 0
29577, 4071.79, 0
29584, 4074.87, 0
29592, 4078.46, 0
29600, 4082.56, 0
29608, 4085.13, 0
29615, 4083.59, 0
29624, 4082.05, 0
29632, 4080, 0
29639, 4081.54, 0
29647, 4082.56, 0
29655, 4080.51, 0
29663, 4084.1, 0
29671, 4090.77, 0
29679, 4090.77, 0
29685, 4088.21, 0
29694, 4089.74, 0
29702, 4090.26, 0
29709, 4089.74, 0
29718, 4088.21, 0
29725, 4089.23, 0
29733, 4095.9, 0
29741, 4094.87, 0
29749, 4086.15, 0
29757, 4087.18, 0
29765, 4092.82, 0
29772, 4095.9, 0
29779, 4102.56, 0
29787, 4107.18, 0
29796, 4103.59, 0
29803, 4103.59, 0
29811, 4107.18, 0
29818, 4106.15, 0
29827, 4103.59, 0
29835, 4103.08, 0
29842, 4105.13, 0
29850, 4108.21, 0
29858, 4106.67, 0
29865, 4103.08, 0
29874, 4103.59, 0
29882, 4107.18, 0
29890, 4109.23, 0
29897, 4109.23, 0
29905, 4108.72, 0
29913, 4109.23, 0
29921, 4107.18, 0
29929, 4109.23, 0
29936, 4112.82, 0
29944, 4109.74, 0
29952, 4109.74, 0
29959, 4118.97, 0
29967, 4123.08, 0
29976, 4119.49, 0
29983, 4118.97, 0
29991, 4120.51, 0
29999, 4119.49, 0
30006, 4117.95, 0
30015, 4116.41, 0
30023, 4117.95, 0
30030, 4120.51, 0
30038, 4121.54, 0
30046, 4122.05, 0
30053, 4123.08, 0
30062, 4123.08, 0
30069, 4123.59, 0
30077, 4122.56, 0
30085, 4121.54, 0
30093, 4122.56, 0
30100, 4121.54, 0
30109, 4126.15, 0
30116, 4130.77, 0
30124, 4129.23, 0
30131, 4130.26, 0
30140, 4134.87, 0
30148, 4135.38, 0
30156, 4134.36, 0
30163, 4136.92, 0
30171, 4137.95, 0
30179, 4135.38, 0
30187, 4132.82, 0
30194, 4130.77, 0
30202, 4135.38, 0
30209, 4144.62, 0
30217, 4147.18, 0
30226, 4144.62, 0
30234, 4148.72, 0
30242, 4150.26, 0
30248, 4145.13, 0
30256, 4147.18, 0
30265, 4153.33, 0
30273, 4150.77, 0
30280, 4149.74, 0
30287, 4153.33, 0
30296, 4152.82, 0
30303, 4154.36, 0
30311, 4156.92, 0
30319, 4155.38, 0
30328, 4159.49, 0
30335, 4166.67, 0
30343, 4168.72, 0
30351, 4168.72, 0
30359, 4165.64, 0
30366, 4156.92, 0
30374, 4151.79, 0
30381, 4153.85, 0
30390, 4152.31, 0
30397, 4152.31, 0
30406, 4155.38, 0
30414, 4152.82, 0
30421, 4153.33, 0
30429, 4155.38, 0
30437, 4152.31, 0
30445, 4150.77, 0
30453, 4152.82, 0
30462, 4154.36, 0
30468, 4155.38, 0
30475, 4155.38, 0
30484, 4155.9, 0
30492, 4160, 0
30500, 4158.97, 0
30507, 4153.33, 0
30515, 4151.79, 0
30523, 4150.77, 0
30531, 4148.72, 0
30539, 4149.74, 0
30547, 4154.36, 0
30554, 4156.41, 0
30562, 4156.92, 0
30570, 4160, 0
