0, 4423.08
1, 4514.36
2, 4621.54
3, 4540
4, 4336.41
5, 4237.95
6, 4401.54
7, 4618.97
8, 4640.51
9, 4512.82
10, 4446.67
11, 4543.59
12, 4665.64
13, 4603.08
14, 4424.1
15, 4405.13
16, 4562.05
17, 4544.62
18, 4368.72
19, 4393.33
20, 4495.9
21, 4466.15
22, 4376.41
23, 4335.9
24, 4413.85
25, 4536.92
26, 4537.95
27, 4353.85
28, 4219.49
29, 4297.95
30, 4410.77
31, 4418.97
32, 4338.97
33, 4299.49
34, 4480.51
35, 4661.03
36, 4350.77
37, 4294.36
38, 4392.82
39, 4554.36
40, 4640.51
41, 4505.13
42, 4334.87
43, 4397.95
44, 4441.03
45, 4283.08
46, 4171.79
47, 4215.9
48, 4265.13
49, 4311.79
50, 4404.62
51, 4411.28
52, 4346.67
53, 4382.56
54, 4422.05
55, 4392.82
56, 4405.13
57, 4482.56
58, 4566.67
59, 4511.79
60, 4444.1
61, 4336.92
62, 4400.51
63, 4563.59
64, 4594.87
65, 4412.82
66, 4237.95
67, 4300.51
68, 4438.46
69, 4425.13
70, 4336.92
71, 4325.64
72, 4419.49
73, 4451.79
74, 4311.28
75, 4133.33
76, 4119.49
77, 4255.9
78, 4283.59
79, 4249.23
80, 4375.9
81, 4535.9
82, 4560
83, 4443.59
84, 4259.49
85, 4249.74
86, 4407.18
87, 4539.49
88, 4532.82
89, 4450.77
90, 4497.44
91, 4696.41
92, 4685.64
93, 4485.64
94, 4456.92
95, 4501.03
96, 4467.18
97, 4463.59
98, 4324.62
99, 4224.62
100, 4320.51
101, 4474.36
102, 4490.26
103, 4348.72
104, 4299.49
105, 4459.49
106, 4596.41
107, 4676.41
108, 4687.69
109, 4721.03
110, 4938.46
111, 4928.21
112, 4660
113, 4631.79
114, 4766.15
115, 4735.9
116, 4552.82
117, 4466.15
118, 4623.59
119, 4857.44
120, 4767.69
121, 4777.44
122, 4675.38
123, 4641.54
124, 4821.03
125, 4966.15
126, 4942.56
127, 4812.31
128, 4788.72
129, 5050.26
130, 5096.41
131, 4762.56
132, 4690.77
133, 4892.82
134, 4847.69
135, 4631.79
136, 4590.77
137, 4695.38
138, 4846.15
139, 4975.38
140, 4865.64
141, 4630.26
142, 4678.46
143, 4864.62
144, 4896.41
145, 4845.13
146, 4777.44
147, 4792.82
148, 4900.51
149, 4846.15
150, 4740.51
151, 4894.87
152, 5070.26
153, 5006.15
154, 4751.28
155, 4520
156, 4573.33
157, 4790.77
158, 4806.15
159, 4649.23
160, 4580.51
161, 4663.59
162, 4707.18
163, 4545.64
164, 4378.97
165, 4402.56
166, 4541.03
167, 4615.38
168, 4667.69
169, 4582.05
170, 4474.87
171, 4593.33
172, 4845.64
173, 4929.74
174, 4740.51
175, 4510.77
176, 4507.18
177, 4591.28
178, 4532.31
179, 4430.77
180, 4578.46
181, 4457.95
182, 4275.9
183, 4242.56
184, 4596.92
185, 4952.31
186, 5064.62
187, 5220.51
188, 5112.82
189, 4610.26
190, 4371.28
191, 4358.46
192, 4020.51
193, 3751.28
194, 3916.92
195, 4113.33
196, 4301.03
197, 4484.62
198, 4595.9
199, 4738.97
200, 4927.18
201, 4861.03
202, 4687.18
203, 4741.54
204, 4247.69
205, 4422.56
206, 4567.69
207, 4509.23
208, 4371.28
209, 4441.54
210, 4558.46
211, 4482.56
212, 4305.13
213, 4347.18
214, 4655.9
215, 4815.9
216, 4746.67
217, 4674.36
218, 4618.97
219, 4560.51
220, 4480.51
221, 4424.62
222, 4496.41
223, 4748.21
224, 5014.87
225, 4920
226, 4704.62
227, 4836.41
228, 5022.56
229, 4891.79
230, 4615.9
231, 4621.54
232, 4930.77
233, 5088.72
234, 4907.18
235, 4618.46
236, 4363.08
237, 4233.33
238, 4324.62
239, 4490.77
240, 4493.85
241, 4522.05
242, 4700.51
243, 4801.54
244, 4647.18
245, 4460.51
246, 4576.92
247, 4835.9
248, 4856.41
249, 4621.03
250, 4558.46
251, 4785.64
252, 4946.15
253, 4915.38
254, 4770.26
255, 4668.21
256, 4795.9
257, 4917.44
258, 4809.74
259, 4675.38
260, 4653.85
261, 4680
262, 4615.38
263, 4508.21
264, 4498.46
265, 4513.85
266, 4640
267, 4633.33
268, 4488.21
269, 4387.69
270, 4492.31
271, 4625.13
272, 4595.38
273, 4518.46
274, 4531.79
275, 4598.46
276, 4911.79
277, 4812.31
278, 4568.21
279, 4584.62
280, 4733.85
281, 4763.59
282, 4642.56
283, 4485.13
284, 4495.38
285, 4589.23
286, 4535.38
287, 4383.08
288, 4345.64
289, 4490.26
290, 4647.18
291, 4595.9
292, 4473.33
293, 4648.72
294, 4935.9
295, 4828.72
296, 4583.59
297, 4596.92
298, 4728.72
299, 4809.74
300, 4873.85
301, 4662.56
302, 4537.95
303, 4692.31
304, 4896.92
305, 4848.72
306, 4617.44
307, 4537.95
308, 4756.41
309, 4889.74
310, 4672.82
311, 4455.9
312, 4545.64
313, 4765.13
314, 4752.82
315, 4545.13
316, 4523.08
317, 4684.62
318, 4701.03
319, 4498.46
320, 4400
321, 4572.82
322, 4763.08
323, 4777.95
324, 4600.51
325, 4429.23
326, 4536.92
327, 4786.15
328, 4852.82
329, 4645.13
330, 4524.62
331, 4737.44
332, 4901.54
333, 4840.51
334, 4734.36
335, 4707.18
336, 4671.28
337, 4890.26
338, 4817.44
339, 4629.23
340, 4707.69
341, 4863.59
342, 4807.69
343, 4630.26
344, 4588.21
345, 4766.15
346, 4944.1
347, 4923.08
348, 4743.08
349, 4683.08
350, 4862.56
351, 4951.79
352, 4836.41
353, 4758.97
354, 4811.28
355, 4900
356, 4820
357, 4617.44
358, 4618.46
359, 4835.38
360, 4928.21
361, 4906.67
362, 4682.05
363, 4541.54
364, 4687.18
365, 4878.97
366, 4810.77
367, 4622.05
368, 4618.46
369, 4742.56
370, 4804.62
371, 4898.46
372, 4933.85
373, 4827.18
374, 4824.62
375, 4819.49
376, 4744.1
377, 4843.59
378, 5094.87
379, 5214.87
380, 5002.56
381, 4816.41
382, 4990.77
383, 5191.79
384, 5047.69
385, 5040.51
386, 4880.51
387, 4831.79
388, 4990.26
389, 5054.36
390, 4947.69
391, 4904.62
392, 5001.03
393, 5121.03
394, 5013.85
395, 4772.31
396, 4796.92
397, 5052.31
398, 5150.77
399, 4951.79
400, 4786.15
401, 4955.9
402, 5227.18
403, 5214.36
404, 4891.28
405, 4689.74
406, 4863.59
407, 5078.97
408, 5065.64
409, 4883.08
410, 4764.62
411, 4895.38
412, 5049.23
413, 4931.79
414, 4755.38
415, 4939.49
416, 5237.44
417, 5182.05
418, 4856.92
419, 4669.74
420, 4831.28
421, 5046.15
422, 4943.59
423, 4673.85
424, 4632.31
425, 4842.05
426, 4964.1
427, 4889.74
428, 4769.74
429, 4760.51
430, 4895.38
431, 4917.95
432, 4786.67
433, 4602.05
434, 4696.41
435, 4922.56
436, 4962.05
437, 4763.08
438, 4572.82
439, 4676.92
440, 4939.49
441, 4968.72
442, 4696.92
443, 4557.44
444, 4750.77
445, 4944.62
446, 5005.64
447, 4952.82
448, 4896.41
449, 5015.38
450, 5005.13
451, 4747.69
452, 4682.56
453, 4820.51
454, 4800
455, 4628.72
456, 4781.03
457, 4625.13
458, 4761.03
459, 4977.44
460, 4972.31
461, 4780
462, 4725.13
463, 4911.28
464, 5026.67
465, 4950.77
466, 4824.62
467, 4815.9
468, 4950.26
469, 4928.72
470, 4758.46
471, 4803.08
472, 4982.05
473, 4960.51
474, 4730.26
475, 4610.77
476, 4770.77
477, 4957.95
478, 4937.95
479, 4766.15
480, 4735.9
481, 4690.26
482, 4798.97
483, 4891.79
484, 4813.85
485, 4733.85
486, 4822.56
487, 4974.36
488, 4898.46
489, 4731.28
490, 4805.13
491, 4956.92
492, 4928.21
493, 4720
494, 4609.23
495, 4808.21
496, 5036.41
497, 4997.95
498, 4760
499, 4580
500, 4636.41
501, 4769.23
502, 4744.1
503, 4624.1
504, 4731.79
505, 4830.77
506, 4937.44
507, 4810.26
508, 4605.13
509, 4700
510, 4950.26
511, 4977.44
512, 4738.97
513, 4617.95
514, 4822.05
515, 5024.1
516, 4830.77
517, 4812.31
518, 4639.49
519, 4607.69
520, 4788.72
521, 4851.79
522, 4733.85
523, 4716.41
524, 4829.23
525, 4881.54
526, 4765.64
527, 4700
528, 4791.28
529, 5031.28
530, 5262.56
531, 4969.23
532, 5188.72
533, 5502.05
534, 5627.69
535, 6682.56
536, 7117.95
537, 6328.72
538, 6139.49
539, 6303.08
540, 5656.92
541, 5983.59
542, 6183.08
543, 6091.28
544, 5880
545, 5643.08
546, 5318.46
547, 5246.67
548, 5418.46
549, 5345.13
550, 5203.59
551, 5177.44
552, 5263.59
553, 5395.9
554, 5390.26
555, 5256.92
556, 5221.03
557, 5393.33
558, 5564.62
559, 5586.15
560, 5506.67
561, 5513.33
562, 5641.54
563, 5616.41
564, 5521.03
565, 5356.41
566, 5433.85
567, 5607.18
568, 5605.13
569, 5441.03
570, 5328.72
571, 5432.82
572, 5598.46
573, 5582.05
574, 5393.33
575, 5290.26
576, 5428.72
577, 5564.62
578, 5492.31
579, 5360.51
580, 5388.21
581, 5534.87
582, 5518.97
583, 5403.59
584, 5452.82
585, 5538.46
586, 5486.67
587, 5365.64
588, 5406.15
589, 5278.46
590, 5366.67
591, 5554.36
592, 5564.1
593, 5393.85
594, 5334.36
595, 5484.62
596, 5551.28
597, 5443.08
598, 5365.13
599, 5414.36
600, 5505.13
601, 5459.49
602, 5353.85
603, 5408.21
604, 5516.92
605, 5489.23
606, 5337.44
607, 5240.51
608, 5327.69
609, 5475.9
610, 5496.41
611, 5355.38
612, 5220
613, 5207.18
614, 5312.82
615, 5365.64
616, 5322.56
617, 5291.79
618, 5329.23
619, 5390.77
620, 5335.38
621, 5246.15
622, 5310.26
623, 5396.41
624, 5377.95
625, 5264.1
626, 5165.13
627, 5226.67
628, 5348.72
629, 5347.18
630, 5201.03
631, 5103.59
632, 5205.64
633, 5354.87
634, 5356.41
635, 5241.54
636, 5226.67
637, 5251.28
638, 5273.33
639, 5233.85
640, 5158.46
641, 5195.38
642, 5289.23
643, 5274.87
644, 5160.51
645, 5155.9
646, 5293.33
647, 5365.13
648, 5331.28
649, 5219.49
650, 5084.62
651, 5093.85
652, 5205.64
653, 5198.97
654, 5089.23
655, 5078.46
656, 5189.74
657, 5241.54
658, 5213.85
659, 5208.21
660, 5129.23
661, 5267.18
662, 5254.36
663, 5118.46
664, 5050.26
665, 5105.13
666, 5179.49
667, 5230.26
668, 5218.46
669, 5190.77
670, 5231.28
671, 5190.77
672, 5024.1
673, 4972.31
674, 5077.44
675, 5167.18
676, 5168.21
677, 5153.33
678, 5191.28
679, 5216.41
680, 5167.18
681, 5042.56
682, 4983.59
683, 5098.46
684, 5151.79
685, 5163.08
686, 5133.85
687, 5096.92
688, 5002.56
689, 4987.18
690, 5087.69
691, 5148.72
692, 5140.51
693, 5156.41
694, 5220
695, 5213.33
696, 5146.67
697, 5124.62
698, 5134.87
699, 5146.15
700, 5076.41
701, 4985.64
702, 5024.1
703, 5106.15
704, 5117.95
705, 5053.33
706, 4991.79
707, 5057.44
708, 5128.21
709, 5189.74
710, 5105.13
711, 5030.26
712, 5089.23
713, 5226.67
714, 5195.38
715, 5031.28
716, 4996.41
717, 5055.9
718, 5045.64
719, 4936.92
720, 4885.13
721, 4976.41
722, 5102.05
723, 5158.97
724, 5095.9
725, 5025.64
726, 5058.97
727, 5108.21
728, 5129.23
729, 5115.38
730, 5102.56
731, 5186.67
732, 5053.85
733, 5045.13
734, 5020
735, 5055.9
736, 5126.67
737, 5164.1
738, 5076.41
739, 4975.9
740, 5048.21
741, 5130.26
742, 5046.67
743, 4913.33
744, 4913.33
745, 5023.59
746, 5066.15
747, 5029.23
748, 4963.08
749, 4895.9
750, 4942.56
751, 5032.31
752, 5022.05
753, 4993.33
754, 5028.72
755, 5068.72
756, 5111.79
757, 5054.87
758, 4933.33
759, 4946.67
760, 5083.08
761, 5147.69
762, 5027.69
763, 4886.15
764, 4931.79
765, 5049.74
766, 5054.87
767, 4982.56
768, 4942.05
769, 4969.23
770, 4960
771, 4890.26
772, 4864.1
773, 4921.03
774, 4989.74
775, 4959.49
776, 4926.67
777, 4978.97
778, 4998.46
779, 4981.54
780, 5071.28
781, 5018.46
782, 4962.56
783, 5027.18
784, 5090.77
785, 5045.13
786, 4943.59
787, 4866.15
788, 4892.31
789, 4955.9
790, 4953.85
791, 4906.67
792, 4889.23
793, 4931.79
794, 4933.85
795, 4907.18
796, 4948.72
797, 4999.49
798, 5003.08
799, 4947.18
800, 4897.95
801, 4923.59
802, 4960.51
803, 4990.26
804, 5007.18
805, 4932.82
806, 4954.87
807, 5040.51
808, 5012.82
809, 4893.33
810, 4874.36
811, 4945.13
812, 5004.62
813, 4983.59
814, 4908.21
815, 4862.56
816, 4858.46
817, 4899.49
818, 4901.03
819, 4862.56
820, 4903.08
821, 4972.31
822, 4976.41
823, 4914.87
824, 4887.69
825, 4952.31
826, 4961.54
827, 4908.21
828, 4915.38
829, 4963.08
830, 4965.64
831, 4948.72
832, 4893.33
833, 4840.51
834, 4872.82
835, 4897.44
836, 4885.64
837, 4870.26
838, 4846.15
839, 4863.08
840, 4887.18
841, 4882.56
842, 4854.36
843, 4844.62
844, 4903.08
845, 4926.67
846, 4892.31
847, 4885.64
848, 4911.28
849, 4965.13
850, 4986.67
851, 4980
852, 4864.1
853, 4888.21
854, 4845.13
855, 4765.64
856, 4755.9
857, 4812.31
858, 4868.21
859, 4883.08
860, 4899.49
861, 4894.36
862, 4848.21
863, 4865.13
864, 4890.26
865, 4849.23
866, 4838.97
867, 4904.1
868, 4976.92
869, 4933.85
870, 4865.64
871, 4910.26
872, 4964.1
873, 4956.41
874, 4871.79
875, 4782.05
876, 4868.21
877, 4899.49
878, 4942.56
879, 4911.79
880, 4868.21
881, 4882.05
882, 4935.38
883, 4926.15
884, 4866.67
885, 4856.92
886, 4871.28
887, 4866.15
888, 4855.38
889, 4860.51
890, 4855.9
891, 4840
892, 4868.72
893, 4865.64
894, 4825.13
895, 4849.23
896, 4870.77
897, 4849.74
898, 4825.13
899, 4852.31
900, 4868.21
901, 4897.44
902, 5109.23
903, 4591.28
904, 3535.38
905, 4829.74
906, 7517.44
907, 7518.97
908, 6193.85
909, 6290.26
910, 6242.05
911, 5368.21
912, 5050.26
913, 4830.77
914, 4538.46
915, 5072.31
916, 5573.33
917, 5584.1
918, 5372.31
919, 5249.74
920, 5190.77
921, 4973.85
922, 4793.33
923, 4681.03
924, 4376.92
925, 4433.85
926, 4467.69
927, 4532.82
928, 4676.41
929, 4744.62
930, 4772.31
931, 4791.79
932, 4787.69
933, 4834.36
934, 4874.87
935, 4863.59
936, 4829.23
937, 4824.1
938, 4911.79
939, 4982.05
940, 4953.33
941, 4893.85
942, 4847.18
943, 4866.67
944, 4903.59
945, 4884.62
946, 4839.49
947, 4804.1
948, 4808.72
949, 4824.62
950, 4747.69
951, 4718.97
952, 4815.9
953, 4869.23
954, 4849.23
955, 4814.87
956, 4804.62
957, 4871.79
958, 4925.64
959, 4914.87
960, 4897.95
961, 4908.21
962, 4950.77
963, 4923.59
964, 4836.92
965, 4822.56
966, 4860.51
967, 4892.82
968, 4849.23
969, 4828.72
970, 4940.51
971, 5004.1
972, 4832.31
973, 4839.49
974, 4810.26
975, 4807.69
976, 4888.72
977, 4934.36
978, 4885.64
979, 4845.13
980, 4877.95
981, 4926.15
982, 4884.62
983, 4854.87
984, 4934.36
985, 5020.51
986, 5029.23
987, 4940.51
988, 4882.56
989, 4951.79
990, 4981.54
991, 4891.28
992, 4789.74
993, 4816.41
994, 4966.67
995, 5013.85
996, 4925.64
997, 4898.97
998, 4869.74
999, 4886.67
1000, 4902.56
1001, 4861.03
1002, 4834.36
1003, 4888.21
1004, 4993.85
1005, 5067.69
1006, 4964.62
1007, 4823.08
1008, 4851.79
1009, 4919.49
1010, 4928.21
1011, 4895.38
1012, 4872.82
1013, 4951.79
1014, 5030.77
1015, 4998.97
1016, 4933.33
1017, 4906.67
1018, 4920.51
1019, 4875.38
1020, 4917.95
1021, 4870.77
1022, 4932.82
1023, 4920.51
1024, 4846.15
1025, 4800.51
1026, 4812.31
1027, 4881.03
1028, 4911.28
1029, 4889.74
1030, 4846.15
1031, 4818.46
1032, 4862.56
1033, 4911.28
1034, 4885.13
1035, 4854.36
1036, 4883.08
1037, 4924.62
1038, 4893.33
1039, 4854.36
1040, 4881.03
1041, 4884.62
1042, 4858.97
1043, 4801.03
1044, 4791.79
1045, 4756.92
1046, 4814.36
1047, 4874.87
1048, 4883.08
1049, 4828.21
1050, 4789.74
1051, 4848.21
1052, 4902.05
1053, 4895.38
1054, 4849.74
1055, 4802.05
1056, 4818.97
1057, 4825.64
1058, 4811.28
1059, 4862.56
1060, 4917.44
1061, 4927.18
1062, 4883.59
1063, 4826.15
1064, 4834.87
1065, 4861.54
1066, 4829.74
1067, 4736.92
1068, 4827.18
1069, 4809.74
1070, 4856.41
1071, 4942.56
1072, 4936.92
1073, 4838.97
1074, 4774.87
1075, 4820.51
1076, 4870.26
1077, 4894.87
1078, 4897.44
1079, 4854.36
1080, 4874.36
1081, 4882.56
1082, 4783.59
1083, 4708.72
1084, 4747.69
1085, 4832.31
1086, 4821.54
1087, 4802.05
1088, 4888.21
1089, 4916.92
1090, 4853.33
1091, 4813.33
1092, 4728.21
1093, 4771.79
1094, 4815.38
1095, 4811.28
1096, 4809.23
1097, 4841.54
1098, 4846.67
1099, 4850.77
1100, 4822.56
1101, 4791.28
1102, 4863.59
1103, 4918.46
1104, 4848.72
1105, 4739.49
1106, 4694.36
1107, 4727.69
1108, 4749.23
1109, 4730.26
1110, 4724.62
1111, 4770.77
1112, 4841.03
1113, 4827.18
1114, 4752.82
1115, 4727.18
1116, 4786.67
1117, 4842.05
1118, 4842.05
1119, 4803.59
1120, 4770.77
1121, 4787.69
1122, 4768.72
1123, 4683.59
1124, 4637.95
1125, 4681.03
1126, 4733.85
1127, 4721.03
1128, 4720
1129, 4755.38
1130, 4772.31
1131, 4801.03
1132, 4785.64
1133, 4733.85
1134, 4744.62
1135, 4786.67
1136, 4786.67
1137, 4713.33
1138, 4692.31
1139, 4765.64
1140, 4664.62
1141, 4689.74
1142, 4726.15
1143, 4709.74
1144, 4701.54
1145, 4759.49
1146, 4761.03
1147, 4747.18
1148, 4842.56
1149, 4887.18
1150, 4797.44
1151, 4721.03
1152, 4737.95
1153, 4785.64
1154, 4765.13
1155, 4728.72
1156, 4736.41
1157, 4748.72
1158, 4741.54
1159, 4727.69
1160, 4732.82
1161, 4696.92
1162, 4634.36
1163, 4662.56
1164, 4735.38
1165, 4813.33
1166, 4775.38
1167, 4731.79
1168, 4783.59
1169, 4862.05
1170, 4815.38
1171, 4736.41
1172, 4747.18
1173, 4770.77
1174, 4780.51
1175, 4744.1
1176, 4700.51
1177, 4736.92
1178, 4783.59
1179, 4786.15
1180, 4730.77
1181, 4690.77
1182, 4743.08
1183, 4759.49
1184, 4713.85
1185, 4707.18
1186, 4753.85
1187, 4911.28
1188, 4312.31
1189, 3645.13
1190, 5670.77
1191, 7331.28
1192, 6576.92
1193, 6376.41
1194, 6524.1
1195, 5356.41
1196, 4869.23
1197, 5130.26
1198, 4405.64
1199, 3991.79
1200, 4349.74, estimuli
1201, 4661.03
1202, 4990.26
1203, 4925.13
1204, 4604.62
1205, 4526.15
1206, 4573.85
1207, 4431.79
1208, 4248.72
1209, 4144.62
1210, 4039.49
1211, 4055.38
1212, 4300
1213, 4325.64
1214, 4321.54
1215, 4275.38
1216, 4319.49
1217, 4395.38
1218, 4400.51
1219, 4417.44
1220, 4452.82
1221, 4496.41
1222, 4515.38
1223, 4493.85
1224, 4504.1
1225, 4527.69
1226, 4511.28
1227, 4463.59
1228, 4441.54
1229, 4469.74
1230, 4486.15
1231, 4511.28
1232, 4527.18
1233, 4516.92
1234, 4546.67
1235, 4573.33
1236, 4556.92
1237, 4500
1238, 4507.18
1239, 4703.08
1240, 4774.36
1241, 4517.95
1242, 4321.03
1243, 4394.87
1244, 4555.38
1245, 4760
1246, 4880.51
1247, 4849.74
1248, 4847.18
1249, 4780
1250, 4440
1251, 4146.15
1252, 4259.49
1253, 4556.92
1254, 4795.9
1255, 4958.46
1256, 4885.13
1257, 4570.77
1258, 4301.03
1259, 4187.18
1260, 5026.15
1261, 4695.9
1262, 4361.54
1263, 4238.46
1264, 4382.05
1265, 4575.9
1266, 4784.62
1267, 5066.67
1268, 5128.72
1269, 4872.31
1270, 4499.49
1271, 4228.72
1272, 4860.51
1273, 4637.95
1274, 4423.59
1275, 4274.87
1276, 4315.38
1277, 4560.51
1278, 4870.77
1279, 4979.49
1280, 4853.85
1281, 4697.44
1282, 4489.74
1283, 4304.1
1284, 4355.38
1285, 4612.31
1286, 4886.15
1287, 5038.46
1288, 5010.26
1289, 4752.82
1290, 4417.95
1291, 4303.08
1292, 4444.62
1293, 4648.21
1294, 4769.74
1295, 4844.62
1296, 4857.44
1297, 4675.38
1298, 4414.36
1299, 4288.72
1300, 4391.28
1301, 4684.1
1302, 4890.26
1303, 4912.31
1304, 4884.1
1305, 4743.59
1306, 4475.38
1307, 4291.28
1308, 4923.08
1309, 4617.44
1310, 4431.79
1311, 4399.49
1312, 4490.26
1313, 4657.44
1314, 4891.79
1315, 5162.56
1316, 5159.49
1317, 4809.74
1318, 4476.41
1319, 4339.49
1320, 4349.74
1321, 4494.87
1322, 4771.28
1323, 5007.69
1324, 4976.41
1325, 4745.64
1326, 4515.9
1327, 4483.59
1328, 4612.31
1329, 4809.23
1330, 5122.05
1331, 5177.44
1332, 4522.05
1333, 4806.15
1334, 5098.46
1335, 5185.64
1336, 5081.54
1337, 4845.13
1338, 4577.95
1339, 4464.62
1340, 4573.33
1341, 4829.23
1342, 5044.62
1343, 5144.62
1344, 5146.67
1345, 4909.74
1346, 4577.44
1347, 4461.03
1348, 4566.15
1349, 4772.31
1350, 4921.54
1351, 4952.82
1352, 4932.82
1353, 4886.67
1354, 4871.79
1355, 4890.26
1356, 4798.46
1357, 4796.41
1358, 4828.21
1359, 4825.64
1360, 4815.38
1361, 4874.87
1362, 4887.69
1363, 4816.41
1364, 4753.33
1365, 4741.03
1366, 4786.67
1367, 4826.15
1368, 4807.18
1369, 4741.03
1370, 4705.13
1371, 4733.85
1372, 4774.87
1373, 4816.41
1374, 4827.69
1375, 4836.41
1376, 4894.36
1377, 4880
1378, 4790.26
1379, 4785.64
1380, 4829.74
1381, 4783.08
1382, 4806.15
1383, 4834.87
1384, 4787.69
1385, 4788.21
1386, 4764.1
1387, 4654.36
1388, 4583.59
1389, 4607.18
1390, 4702.56
1391, 4789.23
1392, 4801.03
1393, 4775.38
1394, 4794.87
1395, 4832.82
1396, 4814.36
1397, 4797.44
1398, 4789.74
1399, 4764.62
1400, 4769.23
1401, 4759.49
1402, 4760
1403, 4837.95
1404, 4697.44
1405, 4693.33
1406, 4740
1407, 4783.08
1408, 4812.31
1409, 4848.21
1410, 4826.15
1411, 4760
1412, 4720
1413, 4712.31
1414, 4730.77
1415, 4718.97
1416, 4697.44
1417, 4736.41
1418, 4781.54
1419, 4795.38
1420, 4773.85
1421, 4761.54
1422, 4780
1423, 4770.77
1424, 4767.69
1425, 4766.15
1426, 4722.05
1427, 4718.46
1428, 4772.31
1429, 4749.74
1430, 4699.49
1431, 4698.46
1432, 4752.82
1433, 4812.31
1434, 4750.77
1435, 4652.82
1436, 4678.46
1437, 4737.44
1438, 4761.03
1439, 4737.44
1440, 4677.95
1441, 4707.69
1442, 4790.77
1443, 4773.33
1444, 4689.74
1445, 4678.46
1446, 4732.31
1447, 4753.33
1448, 4748.21
1449, 4729.23
1450, 4710.77
1451, 4755.38
1452, 4629.74
1453, 4588.21
1454, 4585.13
1455, 4677.95
1456, 4741.54
1457, 4720.51
1458, 4674.87
1459, 4683.08
1460, 4755.9
1461, 4788.21
1462, 4775.9
1463, 4749.74
1464, 4691.79
1465, 4687.18
1466, 4734.87
1467, 4744.62
1468, 4733.85
1469, 4757.44
1470, 4783.08
1471, 4756.92
1472, 4736.41
1473, 4721.54
1474, 4657.95
1475, 4634.36
1476, 4729.74
1477, 4708.21
1478, 4643.59
1479, 4674.87
1480, 4710.77
1481, 4676.41
1482, 4669.74
1483, 4720.51
1484, 4788.21
1485, 4800.51
1486, 4739.49
1487, 4686.67
1488, 4693.85
1489, 4720.51
1490, 4688.21
1491, 4655.9
1492, 4675.9
1493, 4677.95
1494, 4693.33
1495, 4723.08
1496, 4715.9
1497, 4701.03
1498, 4678.97
1499, 4683.59
1500, 4725.64
1501, 4739.49
1502, 4721.54
1503, 4705.13
1504, 4694.36
1505, 4709.74
1506, 4753.33
1507, 4764.62
1508, 4755.38
1509, 4725.64
1510, 4665.64
1511, 4612.82
1512, 4615.9
1513, 4677.44
1514, 4674.87
1515, 4636.41
1516, 4697.95
1517, 4768.21
1518, 4745.13
1519, 4672.82
1520, 4627.69
1521, 4628.72
1522, 4601.03
1523, 4571.79
1524, 4749.23
1525, 4809.23
1526, 4803.59
1527, 4730.26
1528, 4669.74
1529, 4649.23
1530, 4641.03
1531, 4665.13
1532, 4725.64
1533, 4707.18
1534, 4654.87
1535, 4695.9
1536, 4716.92
1537, 4674.87
1538, 4668.72
1539, 4653.33
1540, 4592.31
1541, 4551.28
1542, 4560
1543, 4572.31
1544, 4581.54
1545, 4648.21
1546, 4703.08
1547, 4685.64
1548, 4633.33
1549, 4762.56
1550, 4765.64
1551, 4693.85
1552, 4665.64
1553, 4658.97
1554, 4682.56
1555, 4700.51
1556, 4667.18
1557, 4636.41
1558, 4661.54
1559, 4694.36
1560, 4595.9
1561, 4583.59
1562, 4606.67
1563, 4626.15
1564, 4624.1
1565, 4631.28
1566, 4603.59
1567, 4586.15
1568, 4661.03
1569, 4714.36
1570, 4699.49
1571, 4676.92
1572, 4672.82
1573, 4673.85
1574, 4629.74
1575, 4586.15
1576, 4590.77
1577, 4632.31
1578, 4676.92
1579, 4651.79
1580, 4605.13
1581, 4646.15
1582, 4734.36
1583, 4760.51
1584, 4682.05
1585, 4593.33
1586, 4574.36
1587, 4590.26
1588, 4612.31
1589, 4602.56
1590, 4587.18
1591, 4634.36
1592, 4686.67
1593, 4705.64
1594, 4702.56
1595, 4685.64
1596, 4579.49
1597, 4655.38
1598, 4635.38
1599, 4582.05
1600, 4605.64
1601, 4635.9
1602, 4673.33
1603, 4705.64
1604, 4666.67
1605, 4610.26
1606, 4616.92
1607, 4686.15
1608, 4688.21
1609, 4650.26
1610, 4700.51
1611, 4718.46
1612, 4654.36
1613, 4615.9
1614, 4597.95
1615, 4587.69
1616, 4596.41
1617, 4591.79
1618, 4556.92
1619, 4582.56
1620, 4601.03
1621, 4603.59
1622, 4574.36
1623, 4559.49
1624, 4602.56
1625, 4623.08
1626, 4621.03
1627, 4624.1
1628, 4610.26
1629, 4631.28
1630, 4683.59
1631, 4688.21
1632, 4633.85
1633, 4596.41
1634, 4611.28
1635, 4614.87
1636, 4592.82
1637, 4569.74
1638, 4586.15
1639, 4662.56
1640, 4684.62
1641, 4626.67
1642, 4598.46
1643, 4611.79
1644, 4575.38
1645, 4608.21
1646, 4629.74
1647, 4684.62
1648, 4740
1649, 4691.79
1650, 4622.05
1651, 4592.31
1652, 4513.33
1653, 4456.41
1654, 4498.97
1655, 4573.33
1656, 4601.54
1657, 4611.79
1658, 4652.31
1659, 4675.9
1660, 4703.59
1661, 4728.72
1662, 4666.15
1663, 4625.64
1664, 4647.69
1665, 4613.33
1666, 4567.69
1667, 4607.18
1668, 4650.26
1669, 4653.85
1670, 4587.69
1671, 4546.15
1672, 4589.23
1673, 4619.49
1674, 4599.49
1675, 4589.23
1676, 4605.13
1677, 4656.41
1678, 4683.08
1679, 4642.05
1680, 4569.23
1681, 4542.05
1682, 4618.97
1683, 4653.33
1684, 4577.95
1685, 4570.26
1686, 4651.79
1687, 4693.33
1688, 4663.08
1689, 4645.64
1690, 4655.38
1691, 4630.26
1692, 4589.23
1693, 4561.03
1694, 4576.92
1695, 4646.15
1696, 4663.08
1697, 4612.82
1698, 4585.13
1699, 4627.18
1700, 4670.26
1701, 4644.62
1702, 4562.56
1703, 4523.59
1704, 4560.51
1705, 4590.26
1706, 4595.38
1707, 4612.82
1708, 4635.38
1709, 4648.21
1710, 4646.67
1711, 4636.41
1712, 4593.85
1713, 4546.15
1714, 4560
1715, 4588.21
1716, 4707.18
1717, 4653.85
1718, 4574.36
1719, 4540
1720, 4536.92
1721, 4513.33
1722, 4497.44
1723, 4556.92
1724, 4647.69
1725, 4694.36
1726, 4657.44
1727, 4602.56
1728, 4606.67
1729, 4596.92
1730, 4545.13
1731, 4522.56
1732, 4545.64
1733, 4593.33
1734, 4626.15
1735, 4649.23
1736, 4649.23
1737, 4594.87
1738, 4569.74
1739, 4590.77
1740, 4589.23
1741, 4616.41
1742, 4619.49
1743, 4626.15
1744, 4636.92
1745, 4614.87
1746, 4568.21
1747, 4572.82
1748, 4591.28
1749, 4574.87
1750, 4563.08
1751, 4587.18
1752, 4626.67
1753, 4587.69
1754, 4506.15
1755, 4513.33
1756, 4582.56
1757, 4632.82
1758, 4622.05
1759, 4578.46
1760, 4569.23
1761, 4577.95
1762, 4574.87
1763, 4544.1
1764, 4611.28
1765, 4655.9
1766, 4678.97
1767, 4636.92
1768, 4577.95
1769, 4552.82
1770, 4543.59
1771, 4565.13
1772, 4574.87
1773, 4555.38
1774, 4546.15
1775, 4570.26
1776, 4631.79
1777, 4617.95
1778, 4540.51
1779, 4538.97
1780, 4556.92
1781, 4550.77
1782, 4566.15
1783, 4603.59
1784, 4628.72
1785, 4618.97
1786, 4610.26
1787, 4625.13
1788, 4463.08
1789, 4486.15
1790, 4585.13
1791, 4618.97
1792, 4554.36
1793, 4563.59
1794, 4605.64
1795, 4587.69
1796, 4554.36
1797, 4546.15
1798, 4551.79
1799, 4550.26
1800, 4551.79
1801, 4552.82
1802, 4585.13
1803, 4641.03
1804, 4612.82
1805, 4580
1806, 4626.67
1807, 4652.82
1808, 4618.97
1809, 4551.28
1810, 4490.26
1811, 4468.21
1812, 4592.82
1813, 4588.21
1814, 4564.1
1815, 4531.79
1816, 4497.95
1817, 4491.79
1818, 4491.28
1819, 4506.15
1820, 4535.9
1821, 4532.82
1822, 4527.18
1823, 4560
1824, 4601.03
1825, 4593.33
1826, 4556.92
1827, 4562.05
1828, 4557.95
1829, 4551.79
1830, 4581.03
1831, 4574.87
1832, 4586.67
1833, 4600.51
1834, 4526.67
1835, 4472.31
1836, 4514.36
1837, 4514.87
1838, 4490.77
1839, 4456.92
1840, 4461.54
1841, 4508.21
1842, 4524.62
1843, 4539.49
1844, 4570.26
1845, 4563.08
1846, 4562.05
1847, 4560
1848, 4531.28
1849, 4518.46
1850, 4528.21
1851, 4544.62
1852, 4546.15
1853, 4583.08
1854, 4667.69
1855, 4700
1856, 4655.38
1857, 4584.62
1858, 4552.82
1859, 4551.79
1860, 4583.08
1861, 4608.72
1862, 4556.41
1863, 4534.87
1864, 4561.54
1865, 4594.87
1866, 4584.62
1867, 4544.62
1868, 4532.82
1869, 4528.21
1870, 4540.51
1871, 4551.28
1872, 4510.77
1873, 4477.95
1874, 4516.92
1875, 4565.64
1876, 4548.21
1877, 4553.85
1878, 4588.21
1879, 4506.15
1880, 4415.9
1881, 4462.05
1882, 4567.69
1883, 4626.15
1884, 4549.74
1885, 4490.77
1886, 4447.69
1887, 4484.62
1888, 4549.74
1889, 4588.72
1890, 4575.38
1891, 4554.87
1892, 4587.18
1893, 4572.82
1894, 4480
1895, 4430.26
1896, 4483.59
1897, 4548.72
1898, 4542.56
1899, 4517.95
1900, 4512.31
1901, 4544.62
1902, 4607.18
1903, 4581.54
1904, 4511.28
1905, 4517.95
1906, 4534.36
1907, 4515.38
1908, 4489.74
1909, 4457.44
1910, 4451.79
1911, 4502.05
1912, 4549.74
1913, 4558.97
1914, 4541.54
1915, 4528.72
1916, 4567.69
1917, 4537.44
1918, 4430.77
1919, 4429.23
1920, 4529.23
1921, 4595.9
1922, 4565.13
1923, 4538.46
1924, 4597.44
1925, 4621.03
1926, 4537.44
1927, 4431.79
1928, 4378.46
1929, 4367.18
1930, 4383.08
1931, 4430.26
1932, 4586.15
1933, 4572.31
1934, 4541.54
1935, 4550.77
1936, 4566.15
1937, 4551.79
1938, 4523.59
1939, 4503.08
1940, 4539.49
1941, 4552.82
1942, 4512.82
1943, 4542.05
1944, 4622.56
1945, 4635.38
1946, 4535.9
1947, 4425.13
1948, 4431.28
1949, 4501.03
1950, 4508.21
1951, 4433.85
1952, 4405.64
1953, 4483.08
1954, 4527.69
1955, 4471.79
1956, 4466.67
1957, 4514.87
1958, 4565.64
1959, 4584.62
1960, 4547.69
1961, 4503.08
1962, 4513.33
1963, 4539.49
1964, 4561.03
1965, 4525.64
1966, 4463.08
1967, 4498.97
1968, 4594.36
1969, 4598.46
1970, 4499.49
1971, 4491.79
1972, 4588.21
1973, 4558.97
1974, 4470.77
1975, 4500.51
1976, 4555.38
1977, 4549.23
1978, 4485.13
1979, 4429.23
1980, 4415.38
1981, 4481.54
1982, 4523.59
1983, 4487.69
1984, 4446.15
1985, 4469.74
1986, 4536.92
1987, 4565.13
1988, 4548.72
1989, 4507.69
1990, 4526.67
1991, 4622.05
1992, 4647.18
1993, 4663.59
1994, 4704.1
1995, 4596.41
1996, 4578.46
1997, 4646.15
1998, 4118.97
1999, 3504.1
2000, 4090.77
2001, 5183.59
2002, 5478.46
2003, 5454.36
2004, 4058.97
2005, 3883.59
2006, 3999.49
2007, 4342.56
2008, 4643.08
2009, 4756.41
2010, 4677.95
2011, 4504.62
2012, 4391.79
2013, 4284.1
2014, 4055.9
2015, 3850.77
2016, 3827.69, estimuli
2017, 3897.95
2018, 3937.44
2019, 3968.72
2020, 4091.79
2021, 4197.44
2022, 4173.33
2023, 4150.26
2024, 4176.92
2025, 4225.13
2026, 4266.15
2027, 4278.97
2028, 4449.23
2029, 4467.18
2030, 4456.92
2031, 4423.59
2032, 4439.49
2033, 4456.92
2034, 4432.82
2035, 4420
2036, 4422.56
2037, 4422.05
2038, 4420
2039, 4449.74
2040, 4462.56
2041, 4432.31
2042, 4440
2043, 4464.62
2044, 4455.9
2045, 4440
2046, 4443.08
2047, 4453.85
2048, 4536.41
2049, 4688.72
2050, 4643.59
2051, 4393.85
2052, 4803.08
2053, 4823.08
2054, 4762.05
2055, 4631.79
2056, 4356.41
2057, 4182.56
2058, 4364.62
2059, 4623.59
2060, 4825.13
2061, 5027.18
2062, 4980
2063, 4645.64
2064, 4301.03
2065, 4171.79
2066, 4310.77
2067, 4540.51
2068, 4805.13
2069, 5054.36
2070, 5042.56
2071, 4807.69
2072, 4500
2073, 4263.08
2074, 4325.13
2075, 4618.46
2076, 4491.79
2077, 4259.49
2078, 4287.18
2079, 4599.49
2080, 4958.97
2081, 5123.59
2082, 5014.87
2083, 4740.51
2084, 4476.41
2085, 4354.36
2086, 4418.97
2087, 4620
2088, 4861.54
2089, 5047.69
2090, 5020
2091, 4709.23
2092, 4365.13
2093, 4247.18
2094, 4371.28
2095, 4648.72
2096, 4897.44
2097, 5008.72
2098, 4981.54
2099, 4795.38
2100, 4843.08
2101, 4979.49
2102, 4944.62
2103, 4739.49
2104, 4483.08
2105, 4333.33
2106, 4387.69
2107, 4609.74
2108, 4868.72
2109, 5043.59
2110, 4977.95
2111, 4704.1
2112, 4471.79
2113, 4413.85
2114, 4494.36
2115, 4633.85
2116, 4847.69
2117, 5029.74
2118, 4961.03
2119, 4715.9
2120, 4459.49
2121, 4290.77
2122, 4344.1
2123, 4572.31
2124, 4524.1
2125, 4380.51
2126, 4421.03
2127, 4587.69
2128, 4796.92
2129, 4912.31
2130, 4846.67
2131, 4678.97
2132, 4489.23
2133, 4387.69
2134, 4430.26
2135, 4602.05
2136, 4843.08
2137, 4962.05
2138, 4847.18
2139, 4608.72
2140, 4401.54
2141, 4308.21
2142, 4357.44
2143, 4544.1
2144, 4782.56
2145, 4932.82
2146, 4897.44
2147, 4713.85
2148, 4833.33
2149, 4954.87
2150, 4907.69
2151, 4672.82
2152, 4416.92
2153, 4299.49
2154, 4356.92
2155, 4588.21
2156, 4783.08
2157, 4745.64
2158, 4595.9
2159, 4567.18
2160, 4648.21
2161, 4649.74
2162, 4596.92
2163, 4603.59
2164, 4663.08
2165, 4723.08
2166, 4702.05
2167, 4635.38
2168, 4622.56
2169, 4641.54
2170, 4636.41
2171, 4588.21
2172, 4631.28
2173, 4583.08
2174, 4595.9
2175, 4646.15
2176, 4634.36
2177, 4553.85
2178, 4517.44
2179, 4580.51
2180, 4616.92
2181, 4602.56
2182, 4594.87
2183, 4582.56
2184, 4589.74
2185, 4576.92
2186, 4524.62
2187, 4522.05
2188, 4594.36
2189, 4645.13
2190, 4600.51
2191, 4598.97
2192, 4705.64
2193, 4748.21
2194, 4697.95
2195, 4664.1
2196, 4499.49
2197, 4528.21
2198, 4578.46
2199, 4616.92
2200, 4615.9
2201, 4614.87
2202, 4633.85
2203, 4655.9
2204, 4621.03
2205, 4576.41
2206, 4587.69
2207, 4585.13
2208, 4573.85
2209, 4582.56
2210, 4592.31
2211, 4628.21
2212, 4683.08
2213, 4696.92
2214, 4630.26
2215, 4581.03
2216, 4616.41
2217, 4611.28
2218, 4593.33
2219, 4632.31
2220, 4584.1
2221, 4609.23
2222, 4617.95
2223, 4603.08
2224, 4620.51
2225, 4670.77
2226, 4710.26
2227, 4731.28
2228, 4680.51
2229, 4614.87
2230, 4623.59
2231, 4628.72
2232, 4590.26
2233, 4533.85
2234, 4503.59
2235, 4547.69
2236, 4585.13
2237, 4572.31
2238, 4558.46
2239, 4561.03
2240, 4622.05
2241, 4685.64
2242, 4640.51
2243, 4563.59
2244, 4547.69
2245, 4580.51
2246, 4573.33
2247, 4558.97
2248, 4575.38
2249, 4616.41
2250, 4597.95
2251, 4541.54
2252, 4498.97
2253, 4496.92
2254, 4561.54
2255, 4608.72
2256, 4608.72
2257, 4630.77
2258, 4673.33
2259, 4688.21
2260, 4636.41
2261, 4571.28
2262, 4544.1
2263, 4547.69
2264, 4599.49
2265, 4636.92
2266, 4630.26
2267, 4623.59
2268, 4576.41
2269, 4618.46
2270, 4551.28
2271, 4432.31
2272, 4430.77
2273, 4515.38
2274, 4538.46
2275, 4522.56
2276, 4563.08
2277, 4638.97
2278, 4687.18
2279, 4642.56
2280, 4551.28
2281, 4515.9
2282, 4565.64
2283, 4655.9
2284, 4650.26
2285, 4581.03
2286, 4576.41
2287, 4592.31
2288, 4589.23
2289, 4559.49
2290, 4489.23
2291, 4454.36
2292, 4617.44
2293, 4614.87
2294, 4552.31
2295, 4545.64
2296, 4574.36
2297, 4578.46
2298, 4553.85
2299, 4552.82
2300, 4590.77
2301, 4614.36
2302, 4625.13
2303, 4602.56
2304, 4553.33
2305, 4555.9
2306, 4585.13
2307, 4572.31
2308, 4506.67
2309, 4473.33
2310, 4562.05
2311, 4640.51
2312, 4594.87
2313, 4519.49
2314, 4527.18
2315, 4610.77
2316, 4599.49
2317, 4585.64
2318, 4546.15
2319, 4556.92
2320, 4583.59
2321, 4610.26
2322, 4586.67
2323, 4512.82
2324, 4466.67
2325, 4444.1
2326, 4442.05
2327, 4450.26
2328, 4482.05
2329, 4567.18
2330, 4589.74
2331, 4547.18
2332, 4601.03
2333, 4697.95
2334, 4680
2335, 4597.95
2336, 4605.64
2337, 4635.9
2338, 4598.46
2339, 4580
2340, 4552.31
2341, 4557.95
2342, 4554.36
2343, 4523.59
2344, 4517.44
2345, 4561.03
2346, 4569.23
2347, 4518.46
2348, 4531.28
2349, 4582.56
2350, 4568.21
2351, 4509.74
2352, 4482.05
2353, 4509.23
2354, 4512.31
2355, 4515.9
2356, 4584.1
2357, 4638.46
2358, 4615.38
2359, 4552.31
2360, 4528.21
2361, 4557.44
2362, 4582.56
2363, 4593.85
2364, 4508.72
2365, 4521.54
2366, 4543.59
2367, 4572.82
2368, 4586.15
2369, 4593.85
2370, 4583.08
2371, 4544.62
2372, 4567.18
2373, 4593.85
2374, 4516.92
2375, 4444.1
2376, 4487.18
2377, 4566.15
2378, 4557.95
2379, 4521.03
2380, 4525.64
2381, 4538.97
2382, 4593.33
2383, 4600.51
2384, 4493.33
2385, 4455.38
2386, 4527.18
2387, 4583.59
2388, 4427.69
2389, 4463.59
2390, 4522.05
2391, 4571.79
2392, 4570.26
2393, 4543.08
2394, 4568.72
2395, 4623.08
2396, 4647.18
2397, 4609.74
2398, 4561.03
2399, 4571.28
2400, 4578.97
2401, 4569.23
2402, 4572.31
2403, 4585.64
2404, 4616.41
2405, 4620
2406, 4590.26
2407, 4562.56
2408, 4553.33
2409, 4549.74
2410, 4505.13
2411, 4488.72
2412, 4488.21
2413, 4564.62
2414, 4588.21
2415, 4551.28
2416, 4503.59
2417, 4506.15
2418, 4575.38
2419, 4609.23
2420, 4595.9
2421, 4592.82
2422, 4580
2423, 4573.85
2424, 4597.44
2425, 4622.05
2426, 4583.08
2427, 4519.49
2428, 4534.36
2429, 4542.05
2430, 4487.69
2431, 4476.92
2432, 4514.87
2433, 4530.26
2434, 4509.74
2435, 4510.26
2436, 4460
2437, 4472.31
2438, 4513.33
2439, 4507.69
2440, 4460.51
2441, 4464.62
2442, 4554.87
2443, 4587.69
2444, 4573.33
2445, 4613.33
2446, 4623.08
2447, 4577.44
2448, 4567.18
2449, 4587.69
2450, 4570.77
2451, 4522.05
2452, 4487.18
2453, 4450.26
2454, 4451.79
2455, 4510.77
2456, 4534.36
2457, 4517.95
2458, 4494.36
2459, 4488.21
2460, 4484.62
2461, 4521.54
2462, 4513.85
2463, 4515.9
2464, 4530.26
2465, 4512.31
2466, 4525.13
2467, 4550.26
2468, 4563.59
2469, 4602.05
2470, 4600.51
2471, 4554.87
2472, 4561.54
2473, 4603.08
2474, 4572.31
2475, 4501.03
2476, 4488.72
2477, 4496.41
2478, 4508.21
2479, 4554.87
2480, 4546.67
2481, 4466.15
2482, 4420
2483, 4448.72
2484, 4589.74
2485, 4598.46
2486, 4543.08
2487, 4500
2488, 4507.69
2489, 4498.97
2490, 4502.56
2491, 4503.08
2492, 4471.28
2493, 4511.79
2494, 4588.72
2495, 4580.51
2496, 4519.49
2497, 4488.21
2498, 4480
2499, 4444.62
2500, 4428.21
2501, 4441.03
2502, 4449.74
2503, 4495.38
2504, 4531.28
2505, 4504.1
2506, 4467.18
2507, 4476.92
2508, 4568.72
2509, 4568.21
2510, 4538.46
2511, 4510.26
2512, 4550.77
2513, 4564.1
2514, 4486.15
2515, 4442.05
2516, 4490.77
2517, 4577.95
2518, 4684.1
2519, 4761.03
2520, 4694.36
2521, 4635.38
2522, 4705.64
2523, 4136.41
2524, 2998.46
2525, 3372.82
2526, 4903.59
2527, 5201.03
2528, 4614.87
2529, 4244.62
2530, 4087.69
2531, 3960
2532, 3753.33, estimuli
2533, 3512.31
2534, 3379.49
2535, 3717.44
2536, 4127.69
2537, 4049.74
2538, 3583.08
2539, 3181.54
2540, 3168.21
2541, 3382.56
2542, 3355.9
2543, 3140.51
2544, 3095.38
2545, 3223.08
2546, 3286.67
2547, 3156.92
2548, 3062.05
2549, 3224.1
2550, 3393.85
2551, 3366.15
2552, 3345.64
2553, 3411.28
2554, 3592.82
2555, 3728.21
2556, 3670.77
2557, 3510.26
2558, 3434.36
2559, 3484.1
2560, 3652.31
2561, 3762.05
2562, 3563.59
2563, 3466.67
2564, 3807.69
2565, 3945.13
2566, 3479.49
2567, 3169.23
2568, 3455.9
2569, 3696.92
2570, 3703.59
2571, 3880.51
2572, 4102.05
2573, 4132.82
2574, 3982.05
2575, 3662.05
2576, 3311.79
2577, 3297.44
2578, 3680.51
2579, 4122.56
2580, 3238.97
2581, 3036.41
2582, 3462.05
2583, 4113.85
2584, 4417.44
2585, 4256.92
2586, 3908.21
2587, 3637.95
2588, 3361.03
2589, 3181.03
2590, 3415.9
2591, 3916.41
2592, 4290.26
2593, 4302.05
2594, 3961.03
2595, 3454.36
2596, 3238.46
2597, 3528.72
2598, 3800.51
2599, 3864.62
2600, 4151.79
2601, 4405.13
2602, 4171.79
2603, 3670.77
2604, 4221.03
2605, 4148.72
2606, 4000.51
2607, 3768.21
2608, 3427.69
2609, 3334.36
2610, 3688.72
2611, 4175.38
2612, 4441.03
2613, 4403.08
2614, 4069.74
2615, 3732.82
2616, 3687.18
2617, 3711.79
2618, 3721.54
2619, 4022.56
2620, 4418.97
2621, 4404.62
2622, 4000
2623, 3674.87
2624, 3614.36
2625, 3645.13
2626, 3791.28
2627, 4108.21
2628, 3374.36
2629, 3432.31
2630, 3888.21
2631, 4296.41
2632, 4385.64
2633, 4249.74
2634, 4094.36
2635, 3977.95
2636, 3749.74
2637, 3566.67
2638, 3797.44
2639, 4286.67
2640, 4554.36
2641, 4410.77
2642, 4101.54
2643, 3847.69
2644, 3598.46
2645, 3512.31
2646, 3775.9
2647, 4164.1
2648, 4431.28
2649, 4449.23
2650, 4151.28
2651, 3710.77
2652, 4404.1
2653, 4521.03
2654, 4276.41
2655, 3811.79
2656, 3500
2657, 3593.85
2658, 3988.21
2659, 4390.77
2660, 4502.56
2661, 4316.92
2662, 4075.38
2663, 3805.13
2664, 3540.51
2665, 3544.1
2666, 3892.31
2667, 4332.31
2668, 4571.28
2669, 4493.85
2670, 4099.49
2671, 3716.92
2672, 3671.28
2673, 3746.15
2674, 3877.95
2675, 4245.64
2676, 4090.26
2677, 4066.67
2678, 4041.54
2679, 4040.51
2680, 4068.72
2681, 4151.79
2682, 4228.21
2683, 4213.33
2684, 4134.87
2685, 4164.62
2686, 4286.67
2687, 4251.28
2688, 4140
2689, 4144.62
2690, 4180
2691, 4205.64
2692, 4160
2693, 4032.31
2694, 4011.28
2695, 4123.08
2696, 4187.18
2697, 4090.77
2698, 3986.15
2699, 4049.74
2700, 4176.92
2701, 4234.36
2702, 4209.23
2703, 4176.41
2704, 4210.26
2705, 4306.67
2706, 4298.97
2707, 4183.59
2708, 4094.87
2709, 4099.49
2710, 4175.38
2711, 4178.97
2712, 4137.95
2713, 4177.44
2714, 4218.46
2715, 4235.38
2716, 4243.59
2717, 4218.46
2718, 4213.33
2719, 4240
2720, 4236.41
2721, 4147.69
2722, 4089.74
2723, 4202.05
2724, 4315.9
2725, 4321.03
2726, 4233.85
2727, 4116.92
2728, 4152.31
2729, 4268.72
2730, 4231.79
2731, 4149.74
2732, 4218.97
2733, 4278.97
2734, 4192.31
2735, 4068.72
2736, 4047.18
2737, 4097.44
2738, 4145.13
2739, 4236.41
2740, 4283.59
2741, 4263.08
2742, 4323.08
2743, 4360.51
2744, 4327.18
2745, 4341.54
2746, 4390.77
2747, 4430.77
2748, 4430.77
2749, 4383.59
2750, 4311.28
2751, 4425.64
2752, 4555.38
2753, 4528.72
2754, 4397.95
2755, 4291.28
2756, 4331.28
2757, 4388.21
2758, 4257.44
2759, 4088.72
2760, 4112.31
2761, 4235.9
2762, 4261.03
2763, 4207.69
2764, 4206.67
2765, 4275.38
2766, 4350.26
2767, 4331.79
2768, 4245.13
2769, 4249.23
2770, 4370.77
2771, 4450.26
2772, 4378.97
2773, 4186.15
2774, 4098.97
2775, 4164.62
2776, 4208.21
2777, 4189.23
2778, 4155.9
2779, 4168.72
2780, 4314.87
2781, 4420.51
2782, 4337.95
2783, 4253.33
2784, 4303.59
2785, 4374.87
2786, 4307.18
2787, 4204.62
2788, 4230.26
2789, 4291.79
2790, 4283.08
2791, 4212.31
2792, 4203.59
2793, 4305.13
2794, 4366.15
2795, 4327.69
2796, 4263.08
2797, 4280
2798, 4307.18
2799, 4335.38
2800, 4313.85
2801, 4245.64
2802, 4226.15
2803, 4232.31
2804, 4215.38
2805, 4167.18
2806, 4121.03
2807, 4165.13
2808, 4292.31
2809, 4354.36
2810, 4247.69
2811, 4166.15
2812, 4271.79
2813, 4356.92
2814, 4316.92
2815, 4246.67
2816, 4234.87
2817, 4310.26
2818, 4327.69
2819, 4247.18
2820, 4196.41
2821, 4136.92
2822, 4164.62
2823, 4186.15
2824, 4136.92
2825, 4105.64
2826, 4176.92
2827, 4262.56
2828, 4304.62
2829, 4262.05
2830, 4181.03
2831, 4208.72
2832, 4302.56
2833, 4331.28
2834, 4256.41
2835, 4183.59
2836, 4241.03
2837, 4319.49
2838, 4339.49
2839, 4371.79
2840, 4413.85
2841, 4425.64
2842, 4369.74
2843, 4282.56
2844, 3994.36
2845, 4001.54
2846, 4166.15
2847, 4298.97
2848, 4247.69
2849, 4185.64
2850, 4300.51
2851, 4430.77
2852, 4450.26
2853, 4375.9
2854, 4268.72
2855, 4263.08
2856, 4315.9
2857, 4335.9
2858, 4378.46
2859, 4432.31
2860, 4430.77
2861, 4361.54
2862, 4303.59
2863, 4336.41
2864, 4351.28
2865, 4230.77
2866, 4078.46
2867, 4107.69
2868, 4210.26
2869, 4257.44
2870, 4317.44
2871, 4264.62
2872, 4182.05
2873, 4235.38
2874, 4394.87
2875, 4417.95
2876, 4338.97
2877, 4356.41
2878, 4395.9
2879, 4360
2880, 4288.72
2881, 4251.28
2882, 4260.51
2883, 4308.72
2884, 4368.72
2885, 4317.95
2886, 4198.97
2887, 4206.15
2888, 4329.74
2889, 4400
2890, 4319.49
2891, 4236.92
2892, 4256.92
2893, 4309.74
2894, 4329.23
2895, 4274.36
2896, 4245.64
2897, 4300.51
2898, 4385.13
2899, 4337.44
2900, 4216.92
2901, 4259.49
2902, 4356.92
2903, 4288.72
2904, 4136.92
2905, 4109.23
2906, 4217.44
2907, 4353.85
2908, 4431.79
2909, 4354.36
2910, 4273.33
2911, 4381.54
2912, 4433.85
2913, 4296.41
2914, 4222.05
2915, 4272.82
2916, 4282.56
2917, 4336.41
2918, 4297.44
2919, 4212.31
2920, 4237.44
2921, 4326.67
2922, 4366.15
2923, 4288.21
2924, 4197.95
2925, 4267.18
2926, 4350.26
2927, 4293.33
2928, 4218.97
2929, 4281.54
2930, 4447.69
2931, 4520
2932, 4416.92
2933, 4257.95
2934, 4181.03
2935, 4211.79
2936, 4237.44
2937, 4230.77
2938, 4271.28
2939, 4353.85
2940, 4365.13
2941, 4287.69
2942, 4211.28
2943, 4212.31
2944, 4341.54
2945, 4452.82
2946, 4406.15
2947, 4301.54
2948, 4291.79
2949, 4374.36
2950, 4402.56
2951, 4321.03
2952, 4262.56
2953, 4313.85
2954, 4383.59
2955, 4331.79
2956, 4213.85
2957, 4185.64
2958, 4267.69
2959, 4355.38
2960, 4287.69
2961, 4168.72
2962, 4267.69
2963, 4444.1
2964, 4372.82
2965, 4342.05
2966, 4331.28
2967, 4339.49
2968, 4386.67
2969, 4400.51
2970, 4348.21
2971, 4325.64
2972, 4355.38
2973, 4392.31
2974, 4344.1
2975, 4263.59
2976, 4308.21
2977, 4442.05
2978, 4493.33
2979, 4348.72
2980, 4190.77
2981, 4233.85
2982, 4313.33
2983, 4238.97
2984, 4123.59
2985, 4141.03
2986, 4278.97
2987, 4350.77
2988, 4415.9
2989, 4340
2990, 4296.92
2991, 4299.49
2992, 4345.13
2993, 4323.08
2994, 4259.49
2995, 4316.92
2996, 4447.18
2997, 4500.51
2998, 4388.21
2999, 4256.92
3000, 4318.46
3001, 4445.64
3002, 4437.95
3003, 4315.9
3004, 4229.74
3005, 4302.05
3006, 4421.03
3007, 4444.62
3008, 4409.23
3009, 4389.74
3010, 4411.28
3011, 4392.82
3012, 4309.23
3013, 4243.08
3014, 4290.26
3015, 4407.18
3016, 4364.62
3017, 4257.44
3018, 4325.13
3019, 4429.74
3020, 4422.05
3021, 4348.21
3022, 4287.18
3023, 4351.28
3024, 4186.15
3025, 3087.18
3026, 3378.46
3027, 4507.69
3028, 5293.33
3029, 6176.92
3030, 6127.69
3031, 4922.05
3032, 4692.82
3033, 5056.92
3034, 4439.49
3035, 3949.74
3036, 4964.62, estimuli
3037, 4767.69
3038, 4789.74
3039, 4743.08
3040, 4494.87
3041, 4352.82
3042, 4390.77
3043, 4372.82
3044, 4358.46
3045, 4703.08
3046, 4977.95
3047, 5031.79
3048, 5232.31
3049, 5156.92
3050, 4940.51
3051, 4963.08
3052, 4976.41
3053, 5014.87
3054, 4997.95
3055, 4886.67
3056, 4951.28
3057, 5127.69
3058, 5123.08
3059, 4978.46
3060, 4923.59
3061, 4996.41
3062, 5048.21
3063, 4990.77
3064, 4905.13
3065, 4916.41
3066, 4981.03
3067, 5024.1
3068, 5101.03
3069, 5152.31
3070, 5015.9
3071, 4811.28
3072, 5355.9
3073, 5188.21
3074, 4962.05
3075, 4806.67
3076, 4645.64
3077, 4614.87
3078, 4727.69
3079, 4935.38
3080, 5295.38
3081, 5465.64
3082, 5174.87
3083, 4779.49
3084, 4613.33
3085, 4655.9
3086, 4826.15
3087, 5115.38
3088, 5376.92
3089, 5371.79
3090, 5171.79
3091, 4902.56
3092, 4579.49
3093, 4470.26
3094, 4774.87
3095, 5165.64
3096, 4520.51
3097, 4471.79
3098, 4725.13
3099, 5036.41
3100, 5258.97
3101, 5244.1
3102, 5015.38
3103, 4735.38
3104, 4514.87
3105, 4523.08
3106, 4782.05
3107, 5077.95
3108, 5318.46
3109, 5412.82
3110, 5133.85
3111, 4666.15
3112, 4449.23
3113, 4563.08
3114, 4796.41
3115, 4946.67
3116, 5090.77
3117, 5280
3118, 5226.15
3119, 4863.08
3120, 5061.03
3121, 5126.67
3122, 4974.36
3123, 4727.18
3124, 4531.28
3125, 4502.56
3126, 4702.05
3127, 5047.69
3128, 5317.44
3129, 5227.69
3130, 4903.08
3131, 4691.28
3132, 4583.08
3133, 4543.08
3134, 4650.77
3135, 4910.77
3136, 5214.36
3137, 5293.33
3138, 5052.82
3139, 4743.59
3140, 4521.03
3141, 4443.08
3142, 4618.46
3143, 4956.92
3144, 4492.82
3145, 4461.03
3146, 4666.15
3147, 4948.72
3148, 5032.82
3149, 4963.59
3150, 4937.44
3151, 4832.82
3152, 4622.05
3153, 4535.38
3154, 4679.49
3155, 4976.41
3156, 5214.36
3157, 5178.46
3158, 4923.08
3159, 4646.67
3160, 4474.36
3161, 4464.62
3162, 4644.62
3163, 4927.69
3164, 5161.03
3165, 5225.13
3166, 5027.18
3167, 4694.87
3168, 4929.74
3169, 5022.56
3170, 4948.72
3171, 4645.13
3172, 4416.92
3173, 4453.85
3174, 4707.18
3175, 4985.13
3176, 5067.18
3177, 4934.87
3178, 4810.77
3179, 4815.38
3180, 4807.18
3181, 4782.05
3182, 4782.05
3183, 4793.85
3184, 4883.08
3185, 4922.56
3186, 4844.1
3187, 4816.41
3188, 4834.36
3189, 4771.28
3190, 4665.13
3191, 4623.59
3192, 4724.62
3193, 4800.51
3194, 4822.05
3195, 4864.1
3196, 4897.95
3197, 4832.31
3198, 4745.64
3199, 4685.13
3200, 4711.28
3201, 4875.38
3202, 4948.72
3203, 4735.38
3204, 4540
3205, 4594.36
3206, 4638.46
3207, 4588.21
3208, 4669.23
3209, 4787.69
3210, 4824.62
3211, 4892.31
3212, 4892.31
3213, 4780
3214, 4722.05
3215, 4732.31
3216, 4758.46
3217, 4832.82
3218, 4814.87
3219, 4772.82
3220, 4807.18
3221, 4802.56
3222, 4751.79
3223, 4727.69
3224, 4720.51
3225, 4721.03
3226, 4735.9
3227, 4781.03
3228, 4780.51
3229, 4716.41
3230, 4718.46
3231, 4762.05
3232, 4745.13
3233, 4733.33
3234, 4816.92
3235, 4904.62
3236, 4840.51
3237, 4734.87
3238, 4763.59
3239, 4829.74
3240, 4766.67
3241, 4801.54
3242, 4734.36
3243, 4609.23
3244, 4616.92
3245, 4720.51
3246, 4738.97
3247, 4633.33
3248, 4574.87
3249, 4678.97
3250, 4744.1
3251, 4701.03
3252, 4676.41
3253, 4648.21
3254, 4592.82
3255, 4546.15
3256, 4545.64
3257, 4587.69
3258, 4646.15
3259, 4731.79
3260, 4766.67
3261, 4732.82
3262, 4728.72
3263, 4746.67
3264, 4688.21
3265, 4727.69
3266, 4688.72
3267, 4668.21
3268, 4725.64
3269, 4751.79
3270, 4714.36
3271, 4650.26
3272, 4605.64
3273, 4664.1
3274, 4737.44
3275, 4736.92
3276, 4746.67
3277, 4762.05
3278, 4722.56
3279, 4639.49
3280, 4601.03
3281, 4627.69
3282, 4633.85
3283, 4652.82
3284, 4679.49
3285, 4656.41
3286, 4656.92
3287, 4707.18
3288, 4792.82
3289, 4738.97
3290, 4738.97
3291, 4770.26
3292, 4775.38
3293, 4730.26
3294, 4665.64
3295, 4642.56
3296, 4683.59
3297, 4754.87
3298, 4742.05
3299, 4664.1
3300, 4644.62
3301, 4676.41
3302, 4694.87
3303, 4649.23
3304, 4597.95
3305, 4634.36
3306, 4729.23
3307, 4854.36
3308, 4885.13
3309, 4783.59
3310, 4737.44
3311, 4731.79
3312, 4704.1
3313, 4676.41
3314, 4724.1
3315, 4780
3316, 4738.46
3317, 4613.85
3318, 4519.49
3319, 4517.44
3320, 4608.72
3321, 4727.18
3322, 4717.44
3323, 4677.95
3324, 4740
3325, 4772.31
3326, 4758.46
3327, 4756.92
3328, 4770.77
3329, 4786.15
3330, 4740.51
3331, 4690.77
3332, 4697.44
3333, 4727.69
3334, 4762.05
3335, 4749.74
3336, 4646.15
3337, 4562.56
3338, 4588.72
3339, 4693.85
3340, 4731.79
3341, 4673.85
3342, 4664.1
3343, 4746.15
3344, 4750.26
3345, 4652.31
3346, 4595.9
3347, 4611.79
3348, 4631.28
3349, 4625.64
3350, 4656.92
3351, 4695.38
3352, 4686.15
3353, 4703.08
3354, 4687.69
3355, 4618.46
3356, 4617.44
3357, 4652.82
3358, 4651.79
3359, 4637.95
3360, 4626.15
3361, 4617.44
3362, 4643.59
3363, 4661.54
3364, 4665.64
3365, 4661.54
3366, 4643.59
3367, 4661.03
3368, 4655.38
3369, 4602.05
3370, 4615.9
3371, 4697.44
3372, 4727.18
3373, 4648.21
3374, 4601.54
3375, 4685.13
3376, 4741.54
3377, 4666.15
3378, 4567.69
3379, 4582.05
3380, 4671.28
3381, 4696.41
3382, 4663.59
3383, 4640
3384, 4568.72
3385, 4620.51
3386, 4674.36
3387, 4696.41
3388, 4693.33
3389, 4713.33
3390, 4721.54
3391, 4703.08
3392, 4670.26
3393, 4640
3394, 4633.33
3395, 4629.23
3396, 4615.9
3397, 4599.49
3398, 4633.85
3399, 4715.9
3400, 4708.21
3401, 4641.03
3402, 4618.46
3403, 4603.08
3404, 4616.41
3405, 4684.62
3406, 4727.69
3407, 4690.77
3408, 4650.77
3409, 4572.82
3410, 4610.26
3411, 4625.13
3412, 4597.95
3413, 4665.13
3414, 4694.36
3415, 4612.31
3416, 4584.62
3417, 4650.26
3418, 4671.28
3419, 4604.1
3420, 4588.21
3421, 4536.92
3422, 4537.95
3423, 4587.69
3424, 4643.59
3425, 4626.67
3426, 4575.38
3427, 4603.08
3428, 4654.87
3429, 4644.62
3430, 4603.08
3431, 4593.85
3432, 4625.64
3433, 4643.59
3434, 4627.18
3435, 4593.33
3436, 4600
3437, 4657.44
3438, 4646.15
3439, 4591.79
3440, 4610.26
3441, 4665.64
3442, 4697.44
3443, 4681.03
3444, 4559.49
3445, 4566.15
3446, 4584.1
3447, 4605.13
3448, 4620
3449, 4629.74
3450, 4641.03
3451, 4668.21
3452, 4673.85
3453, 4628.21
3454, 4552.31
3455, 4529.23
3456, 4597.95
3457, 4636.41
3458, 4595.9
3459, 4572.82
3460, 4592.82
3461, 4613.33
3462, 4596.41
3463, 4590.77
3464, 4629.74
3465, 4630.77
3466, 4614.36
3467, 4642.05
3468, 4663.08
3469, 4613.85
3470, 4535.9
3471, 4537.95
3472, 4567.69
3473, 4569.74
3474, 4578.97
3475, 4560
3476, 4548.21
3477, 4584.62
3478, 4605.64
3479, 4632.31
3480, 4645.13
3481, 4624.1
3482, 4572.82
3483, 4563.59
3484, 4595.9
3485, 4610.26
3486, 4526.67
3487, 4451.28
3488, 4517.44
3489, 4593.33
3490, 4599.49
3491, 4607.69
3492, 4612.31
3493, 4583.08
3494, 4546.15
3495, 4552.82
3496, 4583.59
3497, 4614.36
3498, 4655.9
3499, 4637.44
3500, 4555.9
3501, 4520.51
3502, 4550.26
3503, 4602.05
3504, 4622.56
3505, 4631.28
3506, 4590.77
3507, 4554.87
3508, 4544.62
3509, 4508.21
3510, 4450.77
3511, 4457.44
3512, 4542.05
3513, 4600.51
3514, 4625.13
3515, 4634.36
3516, 4584.62
3517, 4544.1
3518, 4545.13
3519, 4514.36
3520, 4465.64
3521, 4481.03
3522, 4540.51
3523, 4533.33
3524, 4508.21
3525, 4562.05
3526, 4610.26
3527, 4624.62
3528, 4590.77
3529, 4615.38
3530, 4594.87
3531, 4595.38
3532, 4583.59
3533, 4551.28
3534, 4531.28
3535, 4516.92
3536, 4538.97
3537, 4549.74
3538, 4524.62
3539, 4528.72
3540, 4534.87
3541, 4528.72
3542, 4550.77
3543, 4597.44
3544, 4634.36
3545, 4649.23
3546, 4656.92
3547, 4638.46
3548, 4592.82
3549, 4567.69
3550, 4540.51
3551, 4512.31
3552, 4502.56
3553, 4495.9
3554, 4536.41
3555, 4561.03
3556, 4513.33
3557, 4456.41
3558, 4495.9
3559, 4548.72
3560, 4524.1
3561, 4570.77
3562, 4691.79
3563, 4654.36
3564, 4659.49
3565, 4796.92
3566, 4289.23
3567, 3290.77
3568, 3544.1
3569, 4964.62
3570, 5512.31
3571, 5112.82
3572, 4748.72
3573, 4545.13
3574, 4386.15
3575, 4045.13
3576, 4554.87, estimuli
3577, 4297.44
3578, 4216.41
3579, 4198.46
3580, 3926.15
3581, 3705.13
3582, 3610.26
3583, 3493.33
3584, 3466.67
3585, 3581.03
3586, 3885.13
3587, 4246.67
3588, 4252.82
3589, 4278.97
3590, 4466.67
3591, 4456.41
3592, 4455.9
3593, 4501.03
3594, 4492.82
3595, 4501.54
3596, 4547.18
3597, 4644.62
3598, 4684.1
3599, 4649.23
3600, 4538.97
3601, 4624.62
3602, 4741.03
3603, 4764.1
3604, 4673.33
3605, 4702.56
3606, 4919.49
3607, 4886.15
3608, 4519.49
3609, 4318.46
3610, 4444.1
3611, 4649.23
3612, 4782.56
3613, 4880.51
3614, 4958.46
3615, 4965.64
3616, 4831.28
3617, 4482.56
3618, 4195.38
3619, 4291.79
3620, 4630.77
3621, 4963.59
3622, 5064.62
3623, 4928.21
3624, 4556.41
3625, 4929.23
3626, 5102.56
3627, 5002.56
3628, 4815.38
3629, 4621.03
3630, 4405.13
3631, 4375.9
3632, 4618.46
3633, 4976.92
3634, 5280
3635, 5221.03
3636, 4788.72
3637, 4387.18
3638, 4200.51
3639, 4307.69
3640, 4644.62
3641, 4862.56
3642, 4939.49
3643, 5036.41
3644, 4891.79
3645, 4443.08
3646, 4176.92
3647, 4326.15
3648, 4810.77
3649, 4487.18
3650, 4340
3651, 4342.56
3652, 4405.13
3653, 4720
3654, 5051.28
3655, 4936.92
3656, 4504.62
3657, 4212.82
3658, 4158.97
3659, 4234.36
3660, 4422.05
3661, 4656.41
3662, 4858.46
3663, 4883.08
3664, 4640
3665, 4342.05
3666, 4230.26
3667, 4333.85
3668, 4520
3669, 4754.36
3670, 5017.44
3671, 5016.92
3672, 4300
3673, 4677.44
3674, 4766.67
3675, 4618.46
3676, 4406.67
3677, 4254.36
3678, 4362.56
3679, 4494.87
3680, 4624.62
3681, 5006.67
3682, 5176.92
3683, 4954.36
3684, 4737.44
3685, 4593.85
3686, 4444.62
3687, 4384.62
3688, 4568.72
3689, 4889.23
3690, 5061.03
3691, 4995.9
3692, 4746.67
3693, 4461.54
3694, 4344.1
3695, 4495.38
3696, 4769.74
3697, 4886.15
3698, 4861.03
3699, 4842.56
3700, 4701.03
3701, 4394.36
3702, 4225.13
3703, 4379.49
3704, 4646.67
3705, 4817.95
3706, 4939.49
3707, 4987.69
3708, 4589.23
3709, 4929.74
3710, 5111.79
3711, 4936.92
3712, 4596.41
3713, 4425.13
3714, 4405.64
3715, 4433.33
3716, 4536.92
3717, 4710.77
3718, 4860.51
3719, 4824.62
3720, 4667.18
3721, 4618.46
3722, 4666.67
3723, 4686.15
3724, 4676.41
3725, 4665.13
3726, 4646.67
3727, 4650.77
3728, 4668.21
3729, 4635.38
3730, 4618.97
3731, 4681.03
3732, 4587.69
3733, 4621.03
3734, 4581.54
3735, 4553.85
3736, 4593.33
3737, 4674.87
3738, 4672.82
3739, 4577.95
3740, 4567.69
3741, 4635.38
3742, 4629.23
3743, 4546.67
3744, 4531.79
3745, 4598.46
3746, 4649.23
3747, 4671.28
3748, 4646.67
3749, 4617.95
3750, 4632.82
3751, 4635.9
3752, 4614.87
3753, 4557.44
3754, 4513.85
3755, 4604.1
3756, 4683.08
3757, 4646.15
3758, 4581.03
3759, 4558.46
3760, 4544.1
3761, 4520
3762, 4504.1
3763, 4521.54
3764, 4571.79
3765, 4617.44
3766, 4637.44
3767, 4597.95
3768, 4573.85
3769, 4624.62
3770, 4655.38
3771, 4648.72
3772, 4626.67
3773, 4594.36
3774, 4607.18
3775, 4615.9
3776, 4582.56
3777, 4580
3778, 4620.51
3779, 4654.36
3780, 4547.69
3781, 4527.69
3782, 4540
3783, 4564.62
3784, 4562.05
3785, 4591.28
3786, 4587.69
3787, 4517.95
3788, 4535.9
3789, 4612.31
3790, 4612.31
3791, 4575.9
3792, 4570.77
3793, 4615.38
3794, 4650.77
3795, 4600
3796, 4526.67
3797, 4531.79
3798, 4563.59
3799, 4515.9
3800, 4466.15
3801, 4504.1
3802, 4549.74
3803, 4570.26
3804, 4613.85
3805, 4586.67
3806, 4534.36
3807, 4568.72
3808, 4615.38
3809, 4601.03
3810, 4587.69
3811, 4620.51
3812, 4639.49
3813, 4592.82
3814, 4528.72
3815, 4494.87
3816, 4520
3817, 4605.13
3818, 4628.21
3819, 4572.82
3820, 4555.9
3821, 4561.54
3822, 4567.18
3823, 4565.13
3824, 4535.38
3825, 4517.95
3826, 4524.62
3827, 4526.15
3828, 4669.23
3829, 4601.54
3830, 4596.41
3831, 4614.36
3832, 4580.51
3833, 4525.64
3834, 4472.31
3835, 4449.23
3836, 4498.46
3837, 4537.44
3838, 4518.46
3839, 4497.44
3840, 4516.41
3841, 4588.72
3842, 4595.9
3843, 4501.03
3844, 4481.54
3845, 4546.15
3846, 4568.72
3847, 4542.05
3848, 4534.36
3849, 4558.97
3850, 4575.9
3851, 4595.9
3852, 4494.87
3853, 4556.41
3854, 4603.59
3855, 4566.67
3856, 4507.18
3857, 4474.36
3858, 4504.1
3859, 4567.18
3860, 4569.23
3861, 4500.51
3862, 4467.18
3863, 4477.95
3864, 4473.85
3865, 4497.44
3866, 4535.38
3867, 4541.54
3868, 4528.72
3869, 4512.82
3870, 4548.72
3871, 4589.23
3872, 4544.62
3873, 4519.49
3874, 4536.92
3875, 4510.77
3876, 4461.54
3877, 4450.26
3878, 4444.1
3879, 4523.08
3880, 4546.15
3881, 4482.56
3882, 4526.67
3883, 4604.62
3884, 4577.95
3885, 4557.44
3886, 4598.97
3887, 4591.79
3888, 4511.79
3889, 4475.38
3890, 4515.38
3891, 4542.05
3892, 4523.08
3893, 4517.95
3894, 4540
3895, 4538.46
3896, 4521.54
3897, 4518.97
3898, 4470.77
3899, 4425.64
3900, 4455.9
3901, 4550.77
3902, 4627.69
3903, 4616.92
3904, 4581.54
3905, 4567.69
3906, 4564.62
3907, 4534.87
3908, 4500
3909, 4505.13
3910, 4547.69
3911, 4575.9
3912, 4553.85
3913, 4540.51
3914, 4532.31
3915, 4462.56
3916, 4381.54
3917, 4387.18
3918, 4479.49
3919, 4571.28
3920, 4589.23
3921, 4582.05
3922, 4588.72
3923, 4571.79
3924, 4479.49
3925, 4532.82
3926, 4555.9
3927, 4487.69
3928, 4467.18
3929, 4508.21
3930, 4533.33
3931, 4506.15
3932, 4472.31
3933, 4524.1
3934, 4574.36
3935, 4515.38
3936, 4454.87
3937, 4490.77
3938, 4558.97
3939, 4558.46
3940, 4506.67
3941, 4476.92
3942, 4473.33
3943, 4464.62
3944, 4462.56
3945, 4496.92
3946, 4518.97
3947, 4522.56
3948, 4584.62
3949, 4610.77
3950, 4556.41
3951, 4547.18
3952, 4576.41
3953, 4562.05
3954, 4500.51
3955, 4462.05
3956, 4476.41
3957, 4478.97
3958, 4475.9
3959, 4478.46
3960, 4537.44
3961, 4520.51
3962, 4447.69
3963, 4367.69
3964, 4343.08
3965, 4373.33
3966, 4425.13
3967, 4462.56
3968, 4462.05
3969, 4448.72
3970, 4472.82
3971, 4556.41
3972, 4609.74
3973, 4525.13
3974, 4442.56
3975, 4508.72
3976, 4615.38
3977, 4629.23
3978, 4551.79
3979, 4493.33
3980, 4537.44
3981, 4566.15
3982, 4488.72
3983, 4405.64
3984, 4451.28
3985, 4444.62
3986, 4483.59
3987, 4517.44
3988, 4491.79
3989, 4469.74
3990, 4465.13
3991, 4466.67
3992, 4469.23
3993, 4482.05
3994, 4513.85
3995, 4551.28
3996, 4581.54
3997, 4563.59
3998, 4515.38
3999, 4523.08
4000, 4552.31
4001, 4528.72
4002, 4501.03
4003, 4493.33
4004, 4476.41
4005, 4464.62
4006, 4467.69
4007, 4451.28
4008, 4485.13
4009, 4493.85
4010, 4474.36
4011, 4444.1
4012, 4481.54
4013, 4563.59
4014, 4583.08
4015, 4556.41
4016, 4536.92
4017, 4514.87
4018, 4497.95
4019, 4466.15
4020, 4408.72
4021, 4369.23
4022, 4421.03
4023, 4528.21
4024, 4507.69
4025, 4427.69
4026, 4480.51
4027, 4557.95
4028, 4545.13
4029, 4496.92
4030, 4486.15
4031, 4523.59
4032, 4571.79
4033, 4555.38
4034, 4525.64
4035, 4556.92
4036, 4562.56
4037, 4487.69
4038, 4410.26
4039, 4420
4040, 4487.18
4041, 4518.97
4042, 4499.49
4043, 4472.82
4044, 4467.69
4045, 4470.77
4046, 4459.49
4047, 4442.56
4048, 4407.69
4049, 4380
4050, 4433.85
4051, 4529.23
4052, 4571.28
4053, 4542.56
4054, 4525.64
4055, 4568.21
4056, 4543.08
4057, 4477.95
4058, 4455.9
4059, 4487.18
4060, 4509.74
4061, 4528.21
4062, 4499.49
4063, 4441.54
4064, 4468.72
4065, 4524.1
4066, 4489.23
4067, 4427.18
4068, 4452.82
4069, 4524.62
4070, 4533.33
4071, 4513.85
4072, 4491.28
4073, 4452.82
4074, 4446.15
4075, 4476.41
4076, 4508.72
4077, 4486.15
4078, 4448.72
4079, 4503.59
4080, 4565.13
4081, 4504.1
4082, 4438.46
4083, 4468.21
4084, 4522.05
4085, 4483.59
4086, 4393.85
4087, 4336.92
4088, 4356.92
4089, 4437.44
4090, 4498.97
4091, 4517.95
4092, 4555.9
4093, 4595.9
4094, 4557.95
4095, 4488.21
4096, 4457.95
4097, 4446.67
4098, 4455.38
4099, 4490.77
4100, 4506.67
4101, 4491.28
4102, 4519.49
4103, 4592.31
4104, 4558.97
4105, 4496.92
4106, 4571.28
4107, 4596.92
4108, 4478.46
4109, 4409.74
4110, 4464.62
4111, 4508.21
4112, 4538.97
4113, 4649.23
4114, 4649.74
4115, 4669.74
4116, 4503.08
4117, 5365.13
4118, 5207.69
4119, 4797.44
4120, 4721.54
4121, 4774.87
4122, 4364.62
4123, 3749.23
4124, 3406.15
4125, 3374.36
4126, 3617.44
4127, 3645.13
4128, 3621.54, estimuli
4129, 3393.33
4130, 3348.72
4131, 3481.54
4132, 3361.03
4133, 3111.28
4134, 3089.23
4135, 3209.23
4136, 3360
4137, 3430.77
4138, 3408.21
4139, 3551.28
4140, 3756.41
4141, 3683.08
4142, 3535.9
4143, 3612.31
4144, 3784.1
4145, 3808.21
4146, 3700.51
4147, 3688.21
4148, 3805.64
4149, 3946.15
4150, 4038.97
4151, 4029.74
4152, 3718.46
4153, 3716.41
4154, 3793.33
4155, 3843.59
4156, 3871.28
4157, 3940.51
4158, 3986.15
4159, 3998.97
4160, 4190.77
4161, 4295.38
4162, 3987.18
4163, 3726.67
4164, 3704.1
4165, 3725.64
4166, 4002.56
4167, 4382.05
4168, 4433.33
4169, 4314.36
4170, 4204.1
4171, 3816.41
4172, 3376.92
4173, 3478.97
4174, 3837.44
4175, 4093.33
4176, 4478.46
4177, 4731.79
4178, 4459.49
4179, 3887.18
4180, 3532.82
4181, 3616.92
4182, 3888.72
4183, 4133.85
4184, 4387.18
4185, 4502.05
4186, 4378.46
4187, 4082.56
4188, 4589.23
4189, 4580.51
4190, 4370.26
4191, 4064.62
4192, 3784.1
4193, 3614.36
4194, 3725.64
4195, 4161.54
4196, 4632.31
4197, 4750.26
4198, 4424.1
4199, 4008.72
4200, 3756.92
4201, 3633.85
4202, 3707.18
4203, 4053.85
4204, 4456.41
4205, 4614.87
4206, 4415.38
4207, 3990.26
4208, 3628.72
4209, 3634.36
4210, 4001.03
4211, 4355.9
4212, 3777.95
4213, 3664.1
4214, 3845.64
4215, 4292.31
4216, 4702.56
4217, 4666.15
4218, 4294.36
4219, 4001.03
4220, 3772.82
4221, 3575.9
4222, 3687.69
4223, 4113.85
4224, 4489.74
4225, 4591.28
4226, 4433.85
4227, 4090.77
4228, 3834.87
4229, 3905.64
4230, 4120.51
4231, 4383.08
4232, 4769.74
4233, 4907.18
4234, 4562.56
4235, 4079.49
4236, 4633.33
4237, 4543.08
4238, 4345.13
4239, 4055.9
4240, 3722.56
4241, 3666.67
4242, 3985.64
4243, 4396.92
4244, 4647.69
4245, 4694.36
4246, 4545.13
4247, 4251.79
4248, 3937.44
4249, 3767.18
4250, 3887.69
4251, 4266.15
4252, 4675.9
4253, 4830.77
4254, 4588.21
4255, 4176.41
4256, 3944.62
4257, 3948.72
4258, 4093.33
4259, 4321.54
4260, 3838.46
4261, 3935.9
4262, 4427.69
4263, 4723.08
4264, 4655.9
4265, 4578.46
4266, 4453.85
4267, 4133.33
4268, 3846.15
4269, 3787.18
4270, 3968.21
4271, 4331.28
4272, 4563.59
4273, 4414.87
4274, 4192.31
4275, 4257.44
4276, 4373.33
4277, 4286.15
4278, 4180.51
4279, 4184.62
4280, 4242.56
4281, 4247.18
4282, 4212.31
4283, 4245.13
4284, 4193.33
4285, 4194.36
4286, 4136.92
4287, 4082.56
4288, 4094.36
4289, 4184.1
4290, 4272.31
4291, 4286.67
4292, 4227.18
4293, 4190.26
4294, 4252.31
4295, 4287.18
4296, 4223.08
4297, 4172.31
4298, 4197.95
4299, 4252.82
4300, 4260
4301, 4264.1
4302, 4317.95
4303, 4384.62
4304, 4428.21
4305, 4367.69
4306, 4259.49
4307, 4240
4308, 4270.26
4309, 4312.31
4310, 4298.46
4311, 4271.79
4312, 4266.67
4313, 4274.36
4314, 4239.49
4315, 4183.08
4316, 4193.85
4317, 4269.23
4318, 4361.03
4319, 4400.51
4320, 4366.15
4321, 4348.72
4322, 4383.08
4323, 4387.69
4324, 4298.97
4325, 4232.82
4326, 4305.13
4327, 4405.13
4328, 4397.95
4329, 4273.33
4330, 4208.21
4331, 4290.77
4332, 4330.26
4333, 4314.36
4334, 4304.62
4335, 4323.08
4336, 4335.9
4337, 4365.64
4338, 4356.41
4339, 4310.26
4340, 4362.56
4341, 4430.77
4342, 4390.77
4343, 4263.08
4344, 4211.79
4345, 4309.74
4346, 4407.69
4347, 4421.03
4348, 4349.74
4349, 4289.74
4350, 4355.9
4351, 4442.05
4352, 4367.69
4353, 4190.26
4354, 4140.51
4355, 4226.15
4356, 4513.85
4357, 4448.21
4358, 4289.23
4359, 4335.38
4360, 4466.15
4361, 4431.79
4362, 4301.54
4363, 4256.92
4364, 4332.82
4365, 4413.85
4366, 4420
4367, 4355.9
4368, 4347.18
4369, 4478.46
4370, 4558.46
4371, 4429.74
4372, 4275.38
4373, 4273.33
4374, 4374.87
4375, 4413.33
4376, 4349.74
4377, 4310.77
4378, 4355.9
4379, 4400.51
4380, 4457.95
4381, 4370.77
4382, 4252.31
4383, 4293.85
4384, 4392.82
4385, 4411.28
4386, 4357.95
4387, 4348.21
4388, 4449.74
4389, 4496.92
4390, 4421.03
4391, 4372.82
4392, 4391.28
4393, 4456.92
4394, 4444.1
4395, 4321.03
4396, 4285.13
4397, 4376.92
4398, 4444.1
4399, 4371.28
4400, 4288.21
4401, 4317.95
4402, 4381.54
4403, 4392.31
4404, 4381.54
4405, 4264.1
4406, 4225.13
4407, 4230.26
4408, 4232.31
4409, 4243.59
4410, 4294.36
4411, 4371.28
4412, 4432.31
4413, 4400
4414, 4337.44
4415, 4364.62
4416, 4420
4417, 4408.21
4418, 4297.44
4419, 4234.87
4420, 4366.15
4421, 4530.77
4422, 4557.44
4423, 4434.87
4424, 4348.72
4425, 4447.18
4426, 4509.74
4427, 4374.87
4428, 4336.41
4429, 4297.44
4430, 4330.77
4431, 4385.13
4432, 4365.13
4433, 4327.69
4434, 4346.67
4435, 4390.77
4436, 4454.87
4437, 4439.49
4438, 4401.54
4439, 4492.82
4440, 4550.77
4441, 4496.41
4442, 4433.85
4443, 4354.87
4444, 4286.67
4445, 4288.72
4446, 4328.72
4447, 4357.95
4448, 4406.15
4449, 4493.33
4450, 4518.46
4451, 4464.1
4452, 4313.33
4453, 4376.92
4454, 4432.31
4455, 4403.08
4456, 4329.23
4457, 4267.69
4458, 4323.08
4459, 4449.74
4460, 4470.77
4461, 4383.59
4462, 4374.87
4463, 4458.46
4464, 4448.72
4465, 4384.62
4466, 4409.74
4467, 4436.92
4468, 4420.51
4469, 4415.9
4470, 4421.03
4471, 4413.33
4472, 4460
4473, 4563.08
4474, 4510.77
4475, 4386.15
4476, 4343.59
4477, 4343.08
4478, 4340.51
4479, 4215.9
4480, 4152.31
4481, 4232.82
4482, 4345.64
4483, 4412.82
4484, 4428.72
4485, 4430.26
4486, 4464.1
4487, 4513.85
4488, 4475.9
4489, 4427.69
4490, 4458.46
4491, 4500
4492, 4516.41
4493, 4442.56
4494, 4362.56
4495, 4435.9
4496, 4537.44
4497, 4514.36
4498, 4391.28
4499, 4276.92
4500, 4390.77
4501, 4458.46
4502, 4415.9
4503, 4311.79
4504, 4306.15
4505, 4377.95
4506, 4408.72
4507, 4316.41
4508, 4250.26
4509, 4392.31
4510, 4588.72
4511, 4621.03
4512, 4452.82
4513, 4354.36
4514, 4457.44
4515, 4506.67
4516, 4405.13
4517, 4300
4518, 4319.49
4519, 4423.59
4520, 4454.36
4521, 4409.74
4522, 4407.18
4523, 4440.51
4524, 4495.38
4525, 4507.69
4526, 4435.38
4527, 4335.38
4528, 4381.54
4529, 4498.46
4530, 4461.03
4531, 4281.54
4532, 4179.49
4533, 4253.85
4534, 4385.13
4535, 4441.54
4536, 4396.41
4537, 4355.9
4538, 4434.87
4539, 4527.69
4540, 4490.77
4541, 4394.87
4542, 4361.03
4543, 4363.08
4544, 4281.03
4545, 4238.97
4546, 4363.08
4547, 4477.44
4548, 4630.77
4549, 4532.82
4550, 4352.31
4551, 4316.92
4552, 4407.69
4553, 4453.33
4554, 4394.36
4555, 4308.21
4556, 4332.82
4557, 4481.54
4558, 4551.28
4559, 4485.64
4560, 4430.26
4561, 4379.49
4562, 4342.05
4563, 4338.97
4564, 4364.62
4565, 4425.13
4566, 4463.59
4567, 4452.31
4568, 4384.62
4569, 4347.18
4570, 4400
4571, 4439.49
4572, 4535.9
4573, 4428.72
4574, 4330.26
4575, 4347.18
4576, 4406.67
4577, 4434.36
4578, 4423.08
4579, 4402.56
4580, 4387.69
4581, 4405.13
4582, 4344.1
4583, 4213.85
4584, 4227.18, estimuli
4585, 4377.44
4586, 4468.21
4587, 4376.41
4588, 4305.13
4589, 4428.72
4590, 4553.33
4591, 4551.28
4592, 4458.97
4593, 4381.03
4594, 4427.69
4595, 4491.28
4596, 4463.59
4597, 4415.9
4598, 4446.67
4599, 4479.49
4600, 4476.41
4601, 4406.67
4602, 4320
4603, 4362.05
4604, 4446.67
4605, 4395.38
4606, 4257.95
4607, 4260
4608, 4438.46
4609, 4568.72
4610, 4541.54
4611, 4433.33
4612, 4400.51
4613, 4496.41
4614, 4537.95
4615, 4476.92
4616, 4462.56
4617, 4481.54
4618, 4404.1
4619, 4339.49
4620, 4168.21
4621, 4258.46
4622, 4460.51
4623, 4717.44
4624, 4771.28
4625, 4613.33
4626, 4323.59
4627, 3973.85
4628, 3866.15
4629, 4082.56
4630, 4351.79
4631, 4651.79
4632, 4926.15
4633, 4833.33
4634, 4386.15
4635, 3943.59
4636, 3819.49
4637, 4082.56
4638, 4417.95
4639, 4733.33
4640, 5025.64
4641, 4923.08
4642, 4432.82
4643, 3983.59
4644, 4973.85
4645, 4580.51
4646, 4227.69
4647, 4087.69
4648, 3898.97
4649, 3888.72
4650, 4279.49
4651, 4759.49
4652, 4894.36
4653, 4655.9
4654, 4318.46
4655, 4049.74
4656, 3965.64
4657, 4094.87
4658, 4358.97
4659, 4696.41
4660, 4918.97
4661, 4833.33
4662, 4501.03
4663, 4105.13
4664, 3892.31
4665, 4091.79
4666, 4475.38
4667, 4606.67
4668, 3885.13
4669, 4102.56
4670, 4488.72
4671, 4709.74
4672, 4700
4673, 4599.49
4674, 4361.03
4675, 4046.15
4676, 3891.28
4677, 4009.23
4678, 4353.33
4679, 4755.38
4680, 4944.62
4681, 4718.97
4682, 4270.77
4683, 3971.28
4684, 3974.36
4685, 4177.44
4686, 4381.03
4687, 4591.28
4688, 4835.38
4689, 4803.59
4690, 4397.95
4691, 3997.44
4692, 4741.03
4693, 4605.13
4694, 4278.46
4695, 3978.97
4696, 3847.69
4697, 3973.85
4698, 4351.28
4699, 4750.77
4700, 4782.05
4701, 4503.59
4702, 4306.15
4703, 4159.49
4704, 3984.62
4705, 4002.56
4706, 4347.69
4707, 4819.49
4708, 4957.95
4709, 4656.41
4710, 4295.38
4711, 4105.64
4712, 4068.21
4713, 4147.69
4714, 4354.36
4715, 4668.72
4716, 3913.85
4717, 4124.62
4718, 4430.77
4719, 4538.97
4720, 4545.13
4721, 4633.33
4722, 4543.59
4723, 4213.33
4724, 4013.85
4725, 4133.33
4726, 4454.87
4727, 4635.9
4728, 4500.51
4729, 4324.1
4730, 4351.79
4731, 4468.72
4732, 4444.1
4733, 4351.28
4734, 4369.23
4735, 4451.28
4736, 4474.36
4737, 4355.9
4738, 4236.92
4739, 4279.49
4740, 4358.46
4741, 4423.59
4742, 4422.56
4743, 4445.13
4744, 4483.59
4745, 4514.87
4746, 4472.82
4747, 4407.69
4748, 4438.97
4749, 4509.23
4750, 4515.9
4751, 4392.31
4752, 4282.56
4753, 4352.82
4754, 4429.23
4755, 4394.36
4756, 4316.92
4757, 4233.85
4758, 4261.03
4759, 4417.44
4760, 4453.33
4761, 4309.74
4762, 4276.41
4763, 4399.49
4764, 4486.15
4765, 4470.77
4766, 4375.38
4767, 4334.87
4768, 4352.31
4769, 4362.05
4770, 4304.1
4771, 4275.9
4772, 4383.59
4773, 4478.97
4774, 4443.08
4775, 4320.51
4776, 4247.69
4777, 4287.18
4778, 4360.51
4779, 4441.03
4780, 4457.95
4781, 4361.54
4782, 4314.36
4783, 4355.38
4784, 4375.9
4785, 4380.51
4786, 4424.62
4787, 4492.82
4788, 4500
4789, 4354.36
4790, 4221.03
4791, 4256.41
4792, 4345.13
4793, 4365.13
4794, 4309.74
4795, 4270.77
4796, 4377.95
4797, 4530.77
4798, 4515.9
4799, 4350.26
4800, 4266.67
4801, 4353.33
4802, 4396.92
4803, 4313.85
4804, 4248.21
4805, 4278.46
4806, 4376.41
4807, 4382.56
4808, 4332.31
4809, 4384.1
4810, 4446.15
4811, 4406.67
4812, 4521.54
4813, 4355.38
4814, 4276.41
4815, 4422.56
4816, 4511.79
4817, 4349.74
4818, 4204.62
4819, 4262.05
4820, 4387.69
4821, 4424.62
4822, 4419.49
4823, 4420.51
4824, 4417.44
4825, 4447.18
4826, 4436.41
4827, 4350.26
4828, 4323.59
4829, 4409.23
4830, 4470.77
4831, 4357.95
4832, 4257.44
4833, 4361.54
4834, 4473.33
4835, 4455.38
4836, 4404.1
4837, 4383.08
4838, 4320.51
4839, 4341.03
4840, 4422.56
4841, 4415.9
4842, 4360
4843, 4375.38
4844, 4423.59
4845, 4353.85
4846, 4264.1
4847, 4352.31
4848, 4527.18
4849, 4571.28
4850, 4417.44
4851, 4303.59
4852, 4416.92
4853, 4514.87
4854, 4439.49
4855, 4306.67
4856, 4214.87
4857, 4207.69
4858, 4248.21
4859, 4302.05
4860, 4396.41
4861, 4395.9
4862, 4424.1
4863, 4403.59
4864, 4308.72
4865, 4249.23
4866, 4305.64
4867, 4398.46
4868, 4411.28
4869, 4310.26
4870, 4310.77
4871, 4491.28
4872, 4373.85
4873, 4490.26
4874, 4450.26
4875, 4401.03
4876, 4421.54
4877, 4445.64
4878, 4395.38
4879, 4282.05
4880, 4233.85
4881, 4311.28
4882, 4414.87
4883, 4376.41
4884, 4291.28
4885, 4372.31
4886, 4511.79
4887, 4509.23
4888, 4360
4889, 4323.08
4890, 4468.21
4891, 4487.69
4892, 4383.59
4893, 4377.95
4894, 4400.51
4895, 4361.03
4896, 4438.97
4897, 4435.9
4898, 4330.26
4899, 4308.72
4900, 4366.15
4901, 4357.44
4902, 4255.38
4903, 4236.41
4904, 4368.21
4905, 4460
4906, 4441.54
4907, 4351.79
4908, 4275.9
4909, 4356.92
4910, 4462.56
4911, 4435.9
4912, 4364.62
4913, 4364.62
4914, 4439.49
4915, 4469.74
4916, 4439.49
4917, 4407.18
4918, 4342.56
4919, 4262.05
4920, 4489.74
4921, 4461.54
4922, 4403.59
4923, 4455.9
4924, 4508.72
4925, 4438.97
4926, 4311.28
4927, 4277.44
4928, 4395.9
4929, 4485.64
4930, 4472.82
4931, 4465.13
4932, 4461.54
4933, 4480
4934, 4502.05
4935, 4423.59
4936, 4302.05
4937, 4310.26
4938, 4405.13
4939, 4379.49
4940, 4351.79
4941, 4492.31
4942, 4581.03
4943, 4489.74
4944, 4272.31
4945, 4279.49
4946, 4317.44
4947, 4461.03
4948, 4539.49
4949, 4471.28
4950, 4414.36
4951, 4426.15
4952, 4444.62
4953, 4384.1
4954, 4336.41
4955, 4418.46
4956, 4503.08
4957, 4504.1
4958, 4407.18
4959, 4311.79
4960, 4362.56
4961, 4478.97
4962, 4493.85
4963, 4394.87
4964, 4336.41
4965, 4404.62
4966, 4448.21
4967, 4368.21
4968, 4537.95
4969, 4478.97
4970, 4410.77
4971, 4432.82
4972, 4425.13
4973, 4335.9
4974, 4388.72
4975, 4572.31
4976, 4610.26
4977, 4423.08
4978, 4340
4979, 4439.49
4980, 4367.18
4981, 4150.26
4982, 4093.85
4983, 4202.05
4984, 4310.77
4985, 4380.51
4986, 4450.77
4987, 4485.13
4988, 4453.85
4989, 4427.18
4990, 4425.64
4991, 4394.36
4992, 4306.67
4993, 4396.41
4994, 4498.97
4995, 4530.77
4996, 4443.08
4997, 4344.1
4998, 4392.82
4999, 4427.69
5000, 4403.59
5001, 4402.05
5002, 4432.82
5003, 4512.82
5004, 4543.08
5005, 4465.13
5006, 4392.82
5007, 4381.03
5008, 4403.59
5009, 4371.28
5010, 4293.33
5011, 4334.36
5012, 4463.59
5013, 4526.15
5014, 4451.79
5015, 4375.38
5016, 4320.51
5017, 4422.05
5018, 4502.56
5019, 4462.56
5020, 4352.31
5021, 4304.1
5022, 4381.03
5023, 4441.03
5024, 4421.54
5025, 4407.18
5026, 4461.03
5027, 4565.64
5028, 4540
5029, 4431.28
5030, 4454.87
5031, 4533.85
5032, 4549.74
5033, 4476.41
5034, 4380.51
5035, 4394.87
5036, 4476.92
5037, 4474.87
5038, 4338.97
5039, 4280.51
5040, 4369.74
5041, 4407.18
5042, 4452.31
5043, 4421.03
5044, 4378.46
5045, 4383.59
5046, 4391.79
5047, 4372.82
5048, 4385.13
5049, 4446.67
5050, 4505.64
5051, 4534.36
5052, 4435.9
5053, 4307.69
5054, 4329.74
5055, 4385.13
5056, 4392.82
5057, 4386.67
5058, 4449.74
5059, 4592.82
5060, 4852.31
5061, 5225.64
5062, 5093.85
5063, 4446.67
5064, 5195.38
5065, 5077.44
5066, 4963.59
5067, 4615.38
5068, 4278.97
5069, 4132.82
5070, 3731.28
5071, 3321.54
5072, 3340.51
5073, 3581.54
5074, 3825.64
5075, 3832.82
5076, 3566.67, estimuli
5077, 3487.18
5078, 3581.54
5079, 3394.36
5080, 3149.74
5081, 3135.9
5082, 3242.05
5083, 3468.72
5084, 3551.79
5085, 3341.03
5086, 3305.13
5087, 3581.54
5088, 3844.1
5089, 3864.62
5090, 3731.28
5091, 3633.33
5092, 3759.49
5093, 3875.9
5094, 3772.31
5095, 3685.13
5096, 3768.72
5097, 3951.79
5098, 4028.21
5099, 3899.49
5100, 3762.05
5101, 3831.28
5102, 3990.26
5103, 3970.77
5104, 3854.36
5105, 3886.67
5106, 4008.21
5107, 4107.18
5108, 4107.69
5109, 3934.87
5110, 3878.46
5111, 4094.36
5112, 4101.54
5113, 3606.67
5114, 3278.97
5115, 3557.44
5116, 3895.38
5117, 4079.49
5118, 4253.33
5119, 4352.82
5120, 4352.82
5121, 4116.92
5122, 3716.41
5123, 3325.64
5124, 4433.85
5125, 4250.77
5126, 3894.87
5127, 3520.51
5128, 3471.79
5129, 3785.13
5130, 4250.26
5131, 4569.74
5132, 4467.18
5133, 4066.15
5134, 3768.72
5135, 3541.03
5136, 4574.87
5137, 4132.82
5138, 3615.38
5139, 3459.49
5140, 3706.15
5141, 4005.13
5142, 4287.69
5143, 4618.97
5144, 4642.56
5145, 4254.36
5146, 3752.82
5147, 3453.85
5148, 3538.97
5149, 3939.49
5150, 4424.62
5151, 4645.13
5152, 4445.64
5153, 4137.95
5154, 3831.28
5155, 3484.1
5156, 3471.79
5157, 3947.18
5158, 4449.74
5159, 4618.97
5160, 3678.97
5161, 3733.85
5162, 4155.38
5163, 4593.33
5164, 4536.41
5165, 4089.74
5166, 3727.18
5167, 3655.38
5168, 3777.44
5169, 4021.03
5170, 4328.72
5171, 4555.38
5172, 4603.59
5173, 4377.44
5174, 3872.82
5175, 3403.08
5176, 3450.77
5177, 3958.46
5178, 4351.28
5179, 4464.1
5180, 4483.08
5181, 4352.31
5182, 4034.36
5183, 3749.74
5184, 4512.31
5185, 4086.67
5186, 3808.21
5187, 3682.05
5188, 3674.87
5189, 3943.08
5190, 4427.69
5191, 4809.23
5192, 4732.82
5193, 4258.46
5194, 3766.67
5195, 3612.82
5196, 3883.08
5197, 4226.67
5198, 4422.56
5199, 4596.92
5200, 4620.51
5201, 4330.77
5202, 3880.51
5203, 3582.05
5204, 3637.95
5205, 4019.49
5206, 4465.13
5207, 4604.62
5208, 3646.15
5209, 3988.21
5210, 4412.31
5211, 4620
5212, 4555.38
5213, 4236.92
5214, 3922.05
5215, 3886.67
5216, 3947.18
5217, 4061.54
5218, 4357.95
5219, 4528.72
5220, 4419.49
5221, 4256.41
5222, 4129.23
5223, 4065.13
5224, 4091.28
5225, 4118.46
5226, 4083.59
5227, 4082.56
5228, 4194.87
5229, 4279.49
5230, 4236.41
5231, 4142.05
5232, 4248.72
5233, 4309.74
5234, 4372.31
5235, 4337.44
5236, 4211.79
5237, 4153.85
5238, 4188.21
5239, 4185.64
5240, 4076.41
5241, 4011.79
5242, 4110.77
5243, 4251.79
5244, 4322.56
5245, 4266.15
5246, 4171.28
5247, 4220
5248, 4276.92
5249, 4195.38
5250, 4133.85
5251, 4224.62
5252, 4354.87
5253, 4324.1
5254, 4193.33
5255, 4160.51
5256, 4143.59
5257, 4136.92
5258, 4201.54
5259, 4220
5260, 4189.74
5261, 4214.87
5262, 4243.08
5263, 4247.69
5264, 4225.64
5265, 4183.08
5266, 4212.31
5267, 4260
5268, 4246.67
5269, 4223.08
5270, 4247.18
5271, 4353.33
5272, 4397.95
5273, 4287.69
5274, 4202.56
5275, 4242.05
5276, 4285.64
5277, 4219.49
5278, 4156.41
5279, 4224.1
5280, 4197.95
5281, 4218.46
5282, 4183.08
5283, 4116.92
5284, 4122.56
5285, 4240
5286, 4295.38
5287, 4282.56
5288, 4307.18
5289, 4331.79
5290, 4376.92
5291, 4379.49
5292, 4281.54
5293, 4192.82
5294, 4170.26
5295, 4174.36
5296, 4143.08
5297, 4143.59
5298, 4240
5299, 4315.9
5300, 4286.67
5301, 4208.21
5302, 4181.03
5303, 4236.41
5304, 4281.54
5305, 4293.33
5306, 4258.46
5307, 4283.59
5308, 4329.74
5309, 4400.51
5310, 4377.44
5311, 4267.18
5312, 4283.08
5313, 4369.74
5314, 4346.15
5315, 4193.33
5316, 4086.67
5317, 4173.33
5318, 4289.74
5319, 4256.92
5320, 4166.67
5321, 4189.74
5322, 4237.44
5323, 4181.54
5324, 4156.92
5325, 4232.82
5326, 4317.95
5327, 4388.72
5328, 4226.15
5329, 4189.74
5330, 4088.21
5331, 4122.05
5332, 4270.26
5333, 4345.64
5334, 4262.05
5335, 4227.18
5336, 4363.59
5337, 4409.23
5338, 4307.69
5339, 4213.33
5340, 4182.05
5341, 4267.69
5342, 4333.85
5343, 4229.23
5344, 4121.03
5345, 4189.74
5346, 4329.23
5347, 4330.77
5348, 4243.59
5349, 4217.95
5350, 4272.31
5351, 4340.51
5352, 4258.46
5353, 4194.87
5354, 4170.26
5355, 4229.74
5356, 4282.05
5357, 4277.44
5358, 4237.95
5359, 4216.92
5360, 4280
5361, 4332.82
5362, 4313.85
5363, 4317.44
5364, 4382.56
5365, 4425.13
5366, 4338.97
5367, 4213.33
5368, 4167.69
5369, 4166.67
5370, 4189.23
5371, 4183.59
5372, 4174.87
5373, 4275.38
5374, 4388.72
5375, 4365.64
5376, 4233.33
5377, 4158.46
5378, 4199.49
5379, 4390.77
5380, 4502.56
5381, 4457.44
5382, 4421.54
5383, 4421.54
5384, 4350.26
5385, 4204.1
5386, 4163.59
5387, 4294.36
5388, 4302.05
5389, 4351.28
5390, 4281.03
5391, 4156.41
5392, 4067.69
5393, 4154.36
5394, 4315.38
5395, 4369.74
5396, 4323.59
5397, 4286.67
5398, 4328.21
5399, 4340
5400, 4258.46
5401, 4201.54
5402, 4253.85
5403, 4346.15
5404, 4292.82
5405, 4150.77
5406, 4150.77
5407, 4251.79
5408, 4295.38
5409, 4231.28
5410, 4185.64
5411, 4276.92
5412, 4251.28
5413, 4328.72
5414, 4341.54
5415, 4323.08
5416, 4325.64
5417, 4361.03
5418, 4340
5419, 4272.31
5420, 4256.92
5421, 4305.64
5422, 4358.46
5423, 4292.31
5424, 4201.54
5425, 4273.85
5426, 4354.36
5427, 4289.74
5428, 4161.54
5429, 4076.92
5430, 4098.97
5431, 4221.03
5432, 4334.36
5433, 4310.26
5434, 4256.41
5435, 4329.23
5436, 4360
5437, 4354.87
5438, 4242.05
5439, 4206.15
5440, 4302.05
5441, 4391.79
5442, 4344.1
5443, 4293.33
5444, 4369.23
5445, 4384.1
5446, 4281.03
5447, 4208.72
5448, 4243.08
5449, 4291.28
5450, 4258.46
5451, 4227.18
5452, 4242.05
5453, 4263.59
5454, 4337.44
5455, 4399.49
5456, 4334.36
5457, 4269.23
5458, 4364.62
5459, 4509.74
5460, 4426.67
5461, 4285.64
5462, 4169.23
5463, 4212.82
5464, 4305.13
5465, 4316.41
5466, 4240
5467, 4179.49
5468, 4227.18
5469, 4328.72
5470, 4380.51
5471, 4320.51
5472, 4260
5473, 4350.77
5474, 4431.79
5475, 4375.38
5476, 4344.62
5477, 4421.54
5478, 4502.05
5479, 4426.15
5480, 4287.18
5481, 4266.67
5482, 4314.36
5483, 4348.21
5484, 4447.69
5485, 4315.9
5486, 4232.31
5487, 4276.92
5488, 4352.31
5489, 4330.77
5490, 4241.54
5491, 4248.21
5492, 4393.85
5493, 4465.64
5494, 4387.69
5495, 4312.82
5496, 4316.41
5497, 4351.79
5498, 4294.87
5499, 4224.1
5500, 4295.38
5501, 4387.69
5502, 4371.79
5503, 4259.49
5504, 4180.51
5505, 4245.64
5506, 4385.64
5507, 4480.51
5508, 4485.13
5509, 4371.79
5510, 4333.85
5511, 4407.69
5512, 4423.59
5513, 4337.44
5514, 4277.44
5515, 4322.56
5516, 4401.54
5517, 4318.97
5518, 4178.97
5519, 4238.97
5520, 4372.82
5521, 4391.28
5522, 4302.56
5523, 4236.92
5524, 4297.44
5525, 4382.56
5526, 4371.28
5527, 4256.41
5528, 4195.9
5529, 4302.56
5530, 4357.95
5531, 4250.26
5532, 4285.13
5533, 4284.1
5534, 4413.33
5535, 4465.13
5536, 4340
5537, 4263.59
5538, 4356.41
5539, 4386.67
5540, 4274.87
5541, 4132.31
5542, 4123.59
5543, 4324.62
5544, 4486.15
5545, 4421.03
5546, 4287.69
5547, 4276.41
5548, 4374.87
5549, 4380.51
5550, 4211.79
5551, 4072.82
5552, 4135.38
5553, 4292.31
5554, 4315.38
5555, 4254.87
5556, 4172.31
5557, 4227.69
5558, 4367.18
5559, 4407.69
5560, 4357.44
5561, 4285.64
5562, 4276.41
5563, 4339.49
5564, 4377.95
5565, 4321.54
5566, 4278.46
5567, 4346.15
5568, 4377.44
5569, 4326.67
5570, 4347.69
5571, 4429.74
5572, 4449.74
5573, 4331.79
5574, 4208.21
5575, 4237.95
5576, 4292.82
5577, 4263.08
5578, 4174.87
5579, 4161.03
5580, 4205.13
5581, 4338.46
5582, 4512.82
5583, 4491.79
5584, 4336.92
5585, 4268.21
5586, 4375.9
5587, 4438.46
5588, 4343.59
5589, 4281.03
5590, 4327.69
5591, 4377.95
5592, 4307.69
5593, 4166.67
5594, 4121.54
5595, 4222.05
5596, 4394.36
5597, 4421.54
5598, 4317.95
5599, 4621.03
5600, 5185.13
5601, 4736.41
5602, 3454.36
5603, 3788.21
5604, 5384.1, estimuli
5605, 4945.64
5606, 5037.44
5607, 4575.38
5608, 4131.79
5609, 4235.38
5610, 3964.62
5611, 3694.36
5612, 3875.38
5613, 4218.46
5614, 4498.97
5615, 4694.36
5616, 4397.44
5617, 4363.08
5618, 4325.64
5619, 4409.23
5620, 4528.21
5621, 4517.95
5622, 4477.95
5623, 4516.92
5624, 4582.56
5625, 4606.15
5626, 4544.62
5627, 4507.18
5628, 4595.38
5629, 4714.36
5630, 4653.33
5631, 4483.08
5632, 4525.64
5633, 4683.59
5634, 4682.05
5635, 4544.1
5636, 4392.31
5637, 4401.03
5638, 4682.05
5639, 4928.72
5640, 4770.26
5641, 5002.05
5642, 5080.51
5643, 5144.1
5644, 5054.87
5645, 4609.74
5646, 4077.44
5647, 3969.23
5648, 4272.82
5649, 4515.9
5650, 4804.1
5651, 5312.31
5652, 5427.69
5653, 4907.69
5654, 4325.13
5655, 4060.51
5656, 4165.13
5657, 4608.21
5658, 5140
5659, 5265.13
5660, 4938.97
5661, 4650.77
5662, 4374.36
5663, 4037.44
5664, 4826.67
5665, 4607.18
5666, 4425.13
5667, 4148.72
5668, 4057.95
5669, 4455.9
5670, 4990.26
5671, 5176.92
5672, 5087.18
5673, 4827.69
5674, 4358.46
5675, 4099.49
5676, 4427.18
5677, 4845.64
5678, 4935.9
5679, 4982.56
5680, 5053.85
5681, 4849.74
5682, 4306.67
5683, 4003.08
5684, 4266.67
5685, 4729.23
5686, 4867.69
5687, 4865.64
5688, 4176.92
5689, 4633.85
5690, 4977.44
5691, 5181.03
5692, 5052.82
5693, 4574.36
5694, 4250.77
5695, 4298.46
5696, 4416.92
5697, 4500.51
5698, 4792.82
5699, 5164.62
5700, 5102.05
5701, 4588.72
5702, 4253.85
5703, 4315.38
5704, 4525.64
5705, 4646.67
5706, 4818.46
5707, 5148.72
5708, 5153.33
5709, 4635.9
5710, 4140.51
5711, 4017.95
5712, 4766.15
5713, 4604.1
5714, 4516.41
5715, 4282.56
5716, 4238.46
5717, 4651.28
5718, 5182.05
5719, 5193.33
5720, 4811.79
5721, 4574.87
5722, 4399.49
5723, 4227.18
5724, 4219.49
5725, 4512.31
5726, 4911.28
5727, 5114.87
5728, 5037.44
5729, 4681.54
5730, 4200.51
5731, 4003.59
5732, 4261.03
5733, 4611.28
5734, 4767.18
5735, 4834.36
5736, 4280
5737, 4791.28
5738, 5014.36
5739, 5004.62
5740, 5031.79
5741, 4797.95
5742, 4214.36
5743, 3731.79
5744, 4008.21
5745, 4727.18
5746, 5093.33
5747, 5030.26
5748, 4769.74
5749, 4487.69
5750, 4458.97
5751, 4579.49
5752, 4501.54
5753, 4374.87
5754, 4452.82
5755, 4587.69
5756, 4686.15
5757, 4628.21
5758, 4548.21
5759, 4571.28
5760, 4916.92
5761, 4787.18
5762, 4558.97
5763, 4451.79
5764, 4590.77
5765, 4790.77
5766, 4794.36
5767, 4578.46
5768, 4420.51
5769, 4522.56
5770, 4643.08
5771, 4571.28
5772, 4486.67
5773, 4489.23
5774, 4548.21
5775, 4574.36
5776, 4476.41
5777, 4399.49
5778, 4447.18
5779, 4494.87
5780, 4421.03
5781, 4406.15
5782, 4588.21
5783, 4749.74
5784, 4649.74
5785, 4645.64
5786, 4494.87
5787, 4421.54
5788, 4582.56
5789, 4744.62
5790, 4696.41
5791, 4548.21
5792, 4433.85
5793, 4418.46
5794, 4425.64
5795, 4410.26
5796, 4514.87
5797, 4723.59
5798, 4786.67
5799, 4600.51
5800, 4466.67
5801, 4550.77
5802, 4635.38
5803, 4594.36
5804, 4443.08
5805, 4361.03
5806, 4511.28
5807, 4698.97
5808, 4672.82
5809, 4586.15
5810, 4488.72
5811, 4597.95
5812, 4706.15
5813, 4588.21
5814, 4482.05
5815, 4580.51
5816, 4701.54
5817, 4704.62
5818, 4557.44
5819, 4406.67
5820, 4425.64
5821, 4513.85
5822, 4546.67
5823, 4490.26
5824, 4387.69
5825, 4394.87
5826, 4477.44
5827, 4428.72
5828, 4297.44
5829, 4319.49
5830, 4502.56
5831, 4651.79
5832, 4485.13
5833, 4472.31
5834, 4638.97
5835, 4725.13
5836, 4634.87
5837, 4462.05
5838, 4303.59
5839, 4302.05
5840, 4407.18
5841, 4434.36
5842, 4353.33
5843, 4369.74
5844, 4516.92
5845, 4584.1
5846, 4534.87
5847, 4469.74
5848, 4456.41
5849, 4532.31
5850, 4592.82
5851, 4512.82
5852, 4444.1
5853, 4524.62
5854, 4562.05
5855, 4423.08
5856, 4287.69
5857, 4461.03
5858, 4367.18
5859, 4515.38
5860, 4844.62
5861, 4170.26
5862, 4620
5863, 5506.15
5864, 4592.31
5865, 4334.36
5866, 4798.97
5867, 4607.18
5868, 4577.95
5869, 4700
5870, 4757.95
5871, 4721.54
5872, 4641.54
5873, 4607.69
5874, 4530.26
5875, 4464.62
5876, 4422.56
5877, 4400
5878, 4402.56
5879, 4395.9
5880, 4208.21
5881, 4280.51
5882, 4397.44
5883, 4471.79
5884, 4502.56
5885, 4529.23
5886, 4570.77
5887, 4623.59
5888, 4642.05
5889, 4627.18
5890, 4613.85
5891, 4606.15
5892, 4598.97
5893, 4587.69
5894, 4569.23
5895, 4517.44
5896, 4463.08
5897, 4464.1
5898, 4459.49
5899, 4425.64
5900, 4461.54
5901, 4507.18
5902, 4505.64
5903, 4556.41
5904, 4595.9
5905, 4544.1
5906, 4463.59
5907, 4434.87
5908, 4451.79
5909, 4465.13
5910, 4465.13
5911, 4493.85
5912, 4525.64
5913, 4528.72
5914, 4521.54
5915, 4490.77
5916, 4439.49
5917, 4382.05
5918, 4315.9
5919, 4292.82
5920, 4337.95
5921, 4390.26
5922, 4436.41
5923, 4517.44
5924, 4586.15
5925, 4585.64
5926, 4554.87
5927, 4525.13
5928, 4414.87
5929, 4387.18
5930, 4441.54
5931, 4520
5932, 4553.33
5933, 4533.33
5934, 4495.9
5935, 4472.31
5936, 4465.13
5937, 4504.1
5938, 4566.67
5939, 4569.74
5940, 4557.95
5941, 4596.41
5942, 4601.03
5943, 4539.49
5944, 4448.21
5945, 4361.54
5946, 4371.79
5947, 4456.41
5948, 4498.46
5949, 4483.08
5950, 4451.79
5951, 4444.62
5952, 4535.38
5953, 4520.51
5954, 4507.18
5955, 4488.72
5956, 4489.74
5957, 4551.28
5958, 4610.77
5959, 4621.03
5960, 4608.72
5961, 4570.26
5962, 4524.1
5963, 4516.92
5964, 4540
5965, 4544.62
5966, 4548.72
5967, 4593.33
5968, 4643.59
5969, 4690.77
5970, 4708.21
5971, 4613.85
5972, 4478.46
5973, 4447.18
5974, 4504.62
5975, 4583.08
5976, 4657.44
5977, 4573.85
5978, 4505.64
5979, 4456.92
5980, 4411.79
5981, 4422.56
5982, 4468.21
5983, 4500
5984, 4562.05
5985, 4640
5986, 4649.74
5987, 4603.59
5988, 4558.46
5989, 4496.92
5990, 4429.23
5991, 4427.18
5992, 4478.46
5993, 4513.85
5994, 4528.21
5995, 4532.31
5996, 4524.1
5997, 4511.28
5998, 4534.87
5999, 4590.26
6000, 4591.79
6001, 4566.15
6002, 4570.26
6003, 4597.44
6004, 4583.59
6005, 4550.26
6006, 4511.79
6007, 4440.51
6008, 4399.49
6009, 4442.56
6010, 4519.49
6011, 4570.77
6012, 4590.26
6013, 4597.44
6014, 4593.33
6015, 4584.1
6016, 4547.69
6017, 4489.23
6018, 4450.77
6019, 4414.87
6020, 4389.74
6021, 4398.97
6022, 4416.92
6023, 4444.1
6024, 4448.72
6025, 4436.41
6026, 4460
6027, 4487.18
6028, 4473.85
6029, 4471.28
6030, 4515.9
6031, 4541.54
6032, 4541.54
6033, 4561.54
6034, 4574.87
6035, 4517.95
6036, 4429.74
6037, 4411.79
6038, 4448.72
6039, 4484.62
6040, 4512.82
6041, 4541.03
6042, 4560
6043, 4533.33
6044, 4466.15
6045, 4392.31
6046, 4314.87
6047, 4263.08
