559, 4373.85
566, 4374.36
574, 4371.28
582, 4371.28
590, 4375.38
597, 4372.82
605, 4369.74
613, 4370.77
621, 4371.79
630, 4373.85
637, 4371.79
644, 4369.74
652, 4372.82
660, 4370.26
669, 4371.79
677, 4377.95
684, 4373.85
691, 4374.36
699, 4381.54
708, 4381.54
715, 4378.46
723, 4383.59
730, 4386.15
738, 4373.33
746, 4368.21
754, 4376.92
762, 4377.44
769, 4375.9
778, 4376.41
785, 4373.33
794, 4376.41
802, 4381.54
809, 4381.03
816, 4375.38
832, 4371.28
832, 4369.74
841, 4369.23
848, 4378.97
856, 4385.64
863, 4378.46
871, 4376.92
880, 4380.51
888, 4382.05
895, 4382.05
902, 4378.46
910, 4375.9
919, 4370.77
932, 4366.15
934, 4367.69
943, 4371.28
950, 4373.33
957, 4372.31
965, 4371.79
974, 4373.85
982, 4371.28
989, 4372.31
996, 4374.36
1004, 4373.33
1012, 4374.36
1020, 4372.31
1028, 4371.79
1035, 4375.9
1043, 4375.9
1051, 4373.85
1061, 4373.33
1067, 4377.95
1074, 4376.92
1083, 4372.82
1091, 4375.38
1099, 4375.9
1108, 4374.87
1114, 4373.33
1121, 4371.79
1129, 4378.46
1138, 4379.49
1146, 4369.23
1153, 4367.69
1160, 4374.87
1168, 4377.95
1176, 4372.31
1185, 4368.21
1193, 4374.87
1200, 4376.41
1208, 4372.31
1216, 4374.36
1224, 4375.9
1231, 4373.33
1239, 4370.26
1247, 4373.33
1255, 4375.9
1264, 4373.33
1271, 4377.95
1280, 4380.51
1286, 4374.36
1295, 4369.74
1301, 4370.26
1311, 4373.85
1317, 4374.87
1326, 4376.41
1333, 4376.92
1340, 4373.85
1349, 4375.38
1357, 4376.92
1364, 4373.85
1372, 4376.41
1380, 4376.92
1387, 4374.36
1396, 4372.82
1403, 4374.36
1411, 4381.54
1419, 4381.54
1426, 4376.41
1435, 4376.92
1444, 4380.51
1450, 4382.56
1458, 4377.95
1466, 4376.41
1473, 4379.49
1481, 4375.9
1489, 4373.33
1498, 4373.85
1505, 4375.38
1512, 4376.92
1521, 4372.82
1529, 4372.82
1537, 4374.87
1544, 4373.33
1552, 4376.92
1559, 4378.97
1568, 4377.44
1576, 4376.41
1583, 4377.95
1591, 4380.51
1600, 4374.87
1607, 4374.36
1615, 4380.51
1623, 4378.97
1630, 4377.95
1637, 4377.95
1645, 4375.38
1654, 4375.9
1662, 4378.97
1670, 4381.54
1678, 4373.85
1684, 4369.23
1693, 4374.87
1701, 4373.33
1709, 4372.82
1717, 4382.05
1724, 4384.62
1732, 4377.95
1739, 4374.36
1747, 4376.41
1755, 4376.92
1763, 4375.9
1770, 4373.85
1779, 4370.26
1787, 4373.33
1795, 4375.38
1802, 4369.74
1811, 4372.31
1817, 4373.85
1827, 4368.72
1834, 4369.74
1841, 4372.31
1849, 4375.38
1856, 4378.46
1864, 4378.46
1873, 4376.92
1881, 4371.28
1888, 4371.79
1897, 4374.87
1903, 4371.79
1911, 4373.85
1919, 4380
1927, 4380.51
1935, 4379.49
1944, 4380.51
1951, 4376.41
1959, 4367.69
1966, 4373.85
1975, 4382.56
1983, 4375.9
1990, 4371.28
1998, 4370.77
2005, 4370.26
2013, 4372.31
2021, 4373.33
2029, 4370.77
2037, 4370.26
2045, 4374.36
2053, 4377.95
2060, 4374.87
2068, 4372.82
2075, 4374.36
2084, 4374.87
2091, 4376.92
2100, 4378.46
2108, 4381.54
2115, 4381.54
2123, 4378.46
2130, 4380
2139, 4377.95
2146, 4377.95
2156, 4379.49
2162, 4378.46
2169, 4382.05
2178, 4381.54
2185, 4377.44
2194, 4374.87
2200, 4372.82
2209, 4374.87
2216, 4377.95
2225, 4375.38
2232, 4374.87
2241, 4377.95
2248, 4375.9
2256, 4375.9
2263, 4382.05
2271, 4381.54
2279, 4373.33
2286, 4375.9
2294, 4382.56
2302, 4381.03
2310, 4381.03
2318, 4378.46
2326, 4378.97
2333, 4379.49
2342, 4375.38
2349, 4376.92
2357, 4372.31
2365, 4369.74
2373, 4374.87
2381, 4375.38
2388, 4381.54
2396, 4381.03
2404, 4366.67
2412, 4368.21
2419, 4379.49
2427, 4375.9
2435, 4369.23
2445, 4372.82
2451, 4380
2459, 4380.51
2466, 4374.36
2475, 4373.33
2482, 4379.49
2490, 4377.95
2499, 4371.28
2505, 4375.38
2513, 4380
2521, 4378.46
2529, 4378.46
2537, 4374.87
2545, 4371.79
2552, 4372.31
2560, 4370.26
2568, 4374.87
2576, 4375.9
2584, 4370.26
2591, 4377.44
2599, 4385.13
2607, 4380
2615, 4367.69
2624, 4364.62
2632, 4373.85
2639, 4377.44
2646, 4375.38
2654, 4377.95
2662, 4382.56
2670, 4384.1
2677, 4380.51
2686, 4376.41
2694, 4377.44
2701, 4378.97
2709, 4380
2717, 4378.46
2724, 4380.51
2733, 4380
2740, 4370.26
2749, 4370.77
2756, 4379.49
2764, 4376.92
2771, 4368.21
2780, 4366.67
2787, 4376.92
2796, 4385.13
2803, 4382.05
2811, 4374.36
2818, 4372.82
2826, 4378.97
2834, 4376.41
2842, 4369.74
2850, 4374.36
2857, 4376.41
2865, 4373.85
2874, 4373.33
2881, 4374.87
2889, 4375.9
2896, 4372.82
2904, 4374.36
2912, 4383.08
2920, 4381.03
2928, 4371.28
2936, 4370.26
2943, 4378.46
2951, 4380.51
2960, 4369.23
2967, 4368.72
2976, 4378.46
2982, 4375.9
2990, 4372.82
2998, 4378.97
3007, 4386.67
3014, 4382.56
3022, 4370.26
3029, 4372.31
3037, 4380.51
3045, 4377.44
3054, 4372.82
3061, 4376.92
3069, 4382.56
3076, 4381.03
3084, 4377.95
3092, 4373.85
3101, 4373.85
3110, 4381.54
3115, 4380
3124, 4373.33
3131, 4373.85
3140, 4373.33
3148, 4371.79
3154, 4374.87
3163, 4376.92
3170, 4371.79
3178, 4365.64
3186, 4369.23
3194, 4375.38
3201, 4380.51
3209, 4387.69
3217, 4382.56
3225, 4373.33
3233, 4372.82
3240, 4373.33
3248, 4373.85
3256, 4379.49
3265, 4384.62
3272, 4380.51
3280, 4374.87
3287, 4376.41
3296, 4371.79
3305, 4365.64
3311, 4373.33
3319, 4376.92
3328, 4369.74
3334, 4368.21
3342, 4369.74
3350, 4372.31
3358, 4371.79
3366, 4368.21
3373, 4368.72
3381, 4372.31
3389, 4372.82
3397, 4365.64
3405, 4368.72
3413, 4375.9
3420, 4364.62
3428, 4357.95
3437, 4367.69
3444, 4378.97
3452, 4375.9
3460, 4371.79
3467, 4378.46
3477, 4376.92
3483, 4368.21
3491, 4368.72
3499, 4372.82
3506, 4374.36
3514, 4372.82
3522, 4367.18
3531, 4367.69
3538, 4371.79
3553, 4371.28
3553, 4368.72
3562, 4367.18
3570, 4372.31
3578, 4373.85
3585, 4369.23
3593, 4363.59
3600, 4364.62
3609, 4374.36
3616, 4373.85
3625, 4368.21
3631, 4368.72
3639, 4367.69
3647, 4371.79
3655, 4381.54
3663, 4383.59
3671, 4374.87
3678, 4366.67
3687, 4369.23
3694, 4374.36
3702, 4374.36
3710, 4374.36
3717, 4372.31
3725, 4372.82
3733, 4372.82
3741, 4370.77
3750, 4372.82
3758, 4376.41
3764, 4377.95
3772, 4373.33
3780, 4365.64
3789, 4373.33
3796, 4382.56
3805, 4372.82
3811, 4368.21
3819, 4376.92
3827, 4374.87
3835, 4363.08
3843, 4367.69
3850, 4379.49
3858, 4374.36
3866, 4369.74
3875, 4377.95
3882, 4381.54
3890, 4375.9
3897, 4372.82
3905, 4378.97
3913, 4382.56
3922, 4377.44
3929, 4377.95
3936, 4380
3945, 4381.03
3952, 4378.46
3961, 4373.33
3968, 4375.38
3977, 4379.49
3983, 4381.03
3992, 4378.46
4000, 4371.79
4007, 4374.87
4015, 4384.62
4022, 4384.1
4030, 4374.87
4039, 4371.28
4046, 4376.92
4054, 4376.92
4062, 4373.33
4069, 4374.87
4077, 4375.9
4085, 4377.95
4093, 4380.51
4101, 4380.51
4108, 4381.54
4116, 4377.95
4126, 4373.33
4132, 4373.85
4140, 4372.82
4149, 4374.36
4159, 4375.38
4164, 4374.87
4171, 4373.85
4181, 4370.77
4187, 4373.33
4195, 4372.31
4202, 4367.18
4211, 4371.28
4219, 4376.41
4226, 4374.36
4234, 4373.85
4243, 4374.87
4250, 4376.41
4258, 4375.9
4265, 4377.95
4273, 4378.97
4280, 4374.87
4288, 4373.85
4296, 4375.38
4304, 4376.41
4312, 4373.85
4321, 4368.72
4327, 4369.23
4335, 4372.31
4343, 4372.31
4352, 4372.31
4360, 4371.28
4366, 4373.85
4375, 4374.36
4383, 4365.64
4390, 4357.95
4398, 4357.44
4407, 4361.03
4413, 4363.59
4421, 4364.62
4429, 4364.1
4437, 4365.64
4445, 4376.92
4454, 4382.56
4460, 4372.82
4468, 4366.67
4476, 4371.79
4484, 4377.95
4492, 4377.95
4499, 4372.31
4507, 4374.36
4515, 4378.97
4523, 4376.41
4531, 4369.74
4539, 4370.26
4546, 4375.38
4554, 4372.31
4562, 4366.67, estimuli
4570, 4372.31
4578, 4377.44
4586, 4374.87
4593, 4371.28
4602, 4375.38
4610, 4376.92
4618, 4363.08
4627, 4355.38
4632, 4364.1
4641, 4375.9
4648, 4385.64
4656, 4383.59
4664, 4387.18
4671, 4408.21
4679, 4411.28
4688, 4373.85
4695, 4328.21
4704, 4310.26
4711, 4325.64
4718, 4365.13
4727, 4416.41
4734, 4442.56
4742, 4424.1
4750, 4377.95
4758, 4328.21
4765, 4305.64
4773, 4324.62
4782, 4368.72
4789, 4416.41
4798, 4433.33
4804, 4407.18
4812, 4362.56
4820, 4323.59
4828, 4306.15
4836, 4319.49
4843, 4366.67
4851, 4423.59
4859, 4444.62
4868, 4416.92
4875, 4368.21
4883, 4329.23
4890, 4312.31
4898, 4326.15
4906, 4368.21
4914, 4412.82
4923, 4430.26
4930, 4408.72
4938, 4360
4945, 4318.46
4953, 4301.54
4961, 4319.49
4970, 4369.74
4977, 4414.87
4984, 4428.72
4992, 4407.18
5000, 4364.1
5008, 4323.59
5018, 4303.08
5023, 4317.44
5031, 4365.13
5039, 4414.87
5047, 4440.51
5055, 4423.08
5063, 4367.18
5070, 4311.79
5078, 4294.36
5086, 4321.03
5094, 4373.85
5103, 4430.77
5110, 4454.36
5117, 4420.51
5125, 4366.67
5133, 4325.13
5142, 4309.74
5149, 4332.82
5156, 4384.62
5164, 4435.38
5172, 4448.21
5180, 4415.38
5188, 4370.26
5196, 4329.74
5204, 4311.28
5211, 4332.31
5219, 4374.36
5227, 4418.97
5235, 4440
5244, 4411.79
5250, 4362.05
5258, 4324.62
5266, 4310.77
5274, 4325.13
5281, 4369.74
5289, 4423.59
5297, 4442.05
5305, 4414.36
5313, 4368.72
5321, 4325.64
5329, 4303.59
5336, 4326.15
5344, 4383.59
5352, 4425.13
5360, 4427.69
5367, 4404.62
5376, 4363.08
5383, 4323.59
5391, 4309.74
5400, 4332.31
5408, 4378.97
5414, 4414.87
5423, 4428.21
5430, 4409.74
5438, 4360.51
5446, 4321.54
5453, 4317.44
5463, 4341.03
5469, 4381.54
5477, 4414.87
5485, 4424.1
5494, 4409.74
5500, 4371.28
5510, 4327.18
5517, 4308.21
5524, 4329.74
5533, 4382.56
5540, 4427.18
5547, 4436.41
5555, 4412.31
5563, 4373.85
5571, 4331.28
5580, 4306.67
5587, 4326.67
5594, 4374.87
5603, 4420.51
5610, 4433.33
5618, 4406.67
5625, 4369.23
5633, 4330.26
5642, 4306.15
5649, 4332.31
5657, 4390.77
5665, 4416.92
5672, 4395.9
5682, 4367.18
5688, 4363.08
5696, 4370.26
5704, 4370.77
5711, 4367.69
5719, 4372.31
5728, 4379.49
5735, 4373.85
5743, 4368.72
5751, 4374.87
5759, 4373.33
5766, 4371.28
5774, 4371.79
5782, 4365.13
5790, 4368.72
5798, 4376.41
5806, 4370.26
5815, 4364.1
5821, 4371.79
5829, 4375.38
5837, 4370.26
5844, 4371.28
5852, 4371.28
5860, 4370.77
5868, 4376.92
5876, 4375.38
5884, 4365.64
5891, 4364.62
5899, 4368.72
5907, 4368.21
5915, 4365.64
5923, 4370.77
5930, 4375.38
5939, 4372.31
5946, 4374.36
5954, 4375.38
5962, 4374.36
5970, 4379.49
5977, 4378.97
5985, 4375.38
5993, 4375.9
6003, 4376.41
6010, 4375.9
6017, 4376.92
6024, 4377.44
6033, 4372.31
6040, 4372.82
6048, 4377.44
6056, 4370.26
6063, 4369.74
6072, 4383.08
6079, 4381.54
6087, 4367.18
6096, 4369.23
6102, 4380
6110, 4374.36
6118, 4364.1
6126, 4371.28
6134, 4377.44
6143, 4372.31
6149, 4372.82
6157, 4371.79
6165, 4367.69
6173, 4367.18
6181, 4372.31
6189, 4378.97
6196, 4380
6209, 4377.44
6214, 4373.85
6221, 4370.77
6229, 4373.85
6236, 4373.33
6243, 4369.23
6257, 4370.77
6259, 4375.9
6267, 4379.49
6275, 4378.46
6283, 4376.92
6290, 4375.38
6298, 4367.18
6310, 4365.13
6315, 4369.74
6323, 4371.79
6329, 4373.33
6337, 4368.72
6346, 4365.64
6353, 4373.85
6362, 4379.49
6368, 4374.87
6376, 4373.85
6384, 4381.03
6393, 4380
6400, 4371.79
6409, 4369.74
6415, 4367.69
6423, 4365.13
6431, 4366.15
6439, 4368.21
6447, 4372.82
6454, 4373.85
6462, 4371.79
6471, 4381.03
6478, 4387.18
6486, 4378.97
6494, 4367.18
6501, 4370.77
6510, 4375.9
6518, 4370.26
6525, 4372.31
6534, 4380.51
6540, 4375.38
6548, 4365.64
6556, 4367.69
6564, 4374.87
6572, 4376.41
6581, 4372.82
6587, 4372.31
6595, 4377.44
6603, 4380.51
6611, 4373.33
6620, 4364.62
6626, 4369.74
6634, 4376.92
6642, 4376.92
6650, 4374.87
6658, 4370.77
6666, 4366.15
6674, 4370.77
6681, 4380
6689, 4380.51
6697, 4373.85
6705, 4374.36
6712, 4376.92
6720, 4375.9
6728, 4380.51
6737, 4380.51
6744, 4377.44
6752, 4381.54
6759, 4382.56
6767, 4377.95
6777, 4371.28
6783, 4370.77
6792, 4379.49
6799, 4380
6806, 4371.28
6814, 4369.74
6823, 4376.41
6831, 4376.92
6838, 4369.23
6845, 4369.23
6853, 4373.33
6862, 4373.85
6869, 4369.74
6879, 4370.77
6885, 4381.54
6892, 4380.51
6900, 4369.23
6909, 4371.79
6916, 4379.49
6925, 4378.97
6931, 4377.44
6939, 4380
6947, 4379.49
6955, 4374.36
6963, 4375.38
6972, 4380
6978, 4381.03
6986, 4381.54
6994, 4382.05
7003, 4380
7010, 4377.44
7017, 4376.41
7025, 4379.49
7034, 4382.56
7041, 4381.03
7049, 4381.54
7057, 4378.97
7066, 4379.49
7072, 4385.13
7081, 4382.05
7088, 4375.9
7096, 4378.97
7104, 4389.23
7111, 4386.15
7119, 4370.26
7127, 4370.26
7135, 4379.49
7143, 4377.44
7150, 4375.38
7159, 4379.49
7166, 4386.15
7174, 4388.72
7182, 4381.03
7189, 4371.79
7197, 4372.31
7205, 4375.38
7213, 4373.33
7221, 4377.95
7229, 4388.72
7237, 4387.18
7244, 4378.97
7254, 4374.36
7261, 4377.44
7268, 4385.13
7275, 4377.95
7283, 4369.74, estimuli
7291, 4377.44
7299, 4384.1
7307, 4383.08
7315, 4381.54
7322, 4378.46
7330, 4380.51
7338, 4385.64
7347, 4382.56
7354, 4372.82
7362, 4370.26
7369, 4380.51
7377, 4385.13
7385, 4380.51
7393, 4393.33
7401, 4417.44
7408, 4410.26
7416, 4360
7424, 4321.03
7432, 4329.23
7441, 4364.62
7449, 4404.62
7455, 4431.28
7463, 4431.79
7472, 4401.54
7479, 4356.92
7487, 4322.56
7494, 4321.03
7502, 4366.67
7511, 4420.51
7518, 4441.03
7526, 4430.26
7535, 4398.46
7542, 4350.26
7550, 4316.41
7557, 4320.51
7566, 4353.33
7573, 4396.41
7582, 4432.31
7588, 4433.85
7598, 4396.92
7604, 4352.82
7612, 4323.08
7620, 4318.46
7628, 4355.38
7637, 4406.67
7645, 4434.87
7651, 4433.85
7661, 4408.21
7667, 4363.59
7674, 4321.03
7682, 4319.49
7691, 4363.59
7698, 4411.28
7706, 4437.95
7713, 4437.44
7721, 4406.15
7730, 4352.31
7737, 4309.74
7745, 4310.77
7753, 4350.26
7761, 4400
7768, 4431.28
7776, 4420.51
7785, 4383.59
7792, 4349.23
7799, 4318.46
7808, 4310.26
7815, 4346.15
7823, 4402.05
7832, 4427.69
7840, 4414.36
7846, 4386.67
7854, 4344.62
7863, 4308.72
7870, 4312.31
7878, 4349.74
7885, 4399.49
7894, 4432.31
7901, 4425.13
7909, 4393.85
7917, 4355.38
7925, 4317.44
7932, 4308.72
7940, 4346.67
7948, 4399.49
7957, 4428.72
7965, 4426.67
7972, 4394.36
7979, 4345.64
7988, 4314.36
7995, 4320.51
8004, 4358.46
8011, 4404.62
8018, 4429.23
8026, 4424.1
8034, 4393.85
8043, 4351.28
8050, 4323.08
8058, 4321.54
8065, 4350.77
8073, 4397.95
8081, 4429.23
8089, 4423.59
8098, 4391.28
8104, 4348.72
8112, 4313.85
8120, 4318.46
8130, 4359.49
8136, 4401.03
8144, 4425.64
8151, 4422.05
8159, 4387.69
8167, 4339.49
8176, 4307.69
8183, 4316.92
8190, 4361.54
8198, 4408.72
8206, 4433.85
8214, 4425.64
8222, 4389.74
8231, 4347.18
8237, 4317.95
8245, 4321.54
8255, 4356.92
8262, 4406.67
8270, 4438.46
8277, 4424.62
8284, 4387.18
8292, 4347.18
8300, 4313.33
8308, 4315.38
8316, 4356.92
8324, 4408.21
8331, 4434.87
8339, 4420
8347, 4384.1
8355, 4350.26
8362, 4322.05
8370, 4315.38
8378, 4352.82
8386, 4400.51
8395, 4403.59
8403, 4381.03
8411, 4378.46
8417, 4382.05
8426, 4374.87
8433, 4370.26
8442, 4375.38
8449, 4380
8456, 4377.44
8465, 4376.92
8473, 4377.44
8480, 4371.28
8488, 4368.21
8495, 4372.31
8504, 4375.38
8511, 4377.95
8519, 4380.51
8527, 4382.56
8535, 4377.44
8542, 4369.74
8551, 4372.82
8559, 4373.85
8567, 4367.18
8574, 4365.64
8582, 4372.82
8590, 4375.9
8597, 4374.87
8605, 4380
8613, 4377.95
8620, 4369.23
8628, 4369.74
8636, 4372.31
8645, 4372.82
8653, 4373.85
8660, 4376.41
8667, 4377.95
8675, 4368.72
8683, 4361.54
8691, 4370.77
8699, 4380
8707, 4376.41
8714, 4371.79
8722, 4378.46
8730, 4387.18
8738, 4379.49
8746, 4365.13
8756, 4370.26
8761, 4383.59
8769, 4380
8777, 4368.72
8785, 4375.38
8792, 4385.64
8800, 4377.44
8809, 4365.13
8816, 4367.69
8824, 4376.92
8832, 4376.41
8839, 4372.82
8847, 4377.44
8855, 4377.95
8864, 4373.33
8872, 4374.36
8879, 4377.44
8886, 4374.36
8895, 4368.21
8902, 4367.69
8910, 4373.33
8918, 4374.36
8925, 4373.33
8933, 4378.97
8941, 4380.51
8949, 4369.74
8957, 4363.59
8965, 4373.85
8973, 4378.46
8980, 4373.33
8989, 4374.87
8996, 4375.9
9005, 4371.79
9012, 4370.77
9019, 4373.85
9027, 4374.36
9035, 4371.79
9043, 4373.85
9051, 4374.87
9058, 4368.21
9066, 4371.79
9074, 4380
9083, 4373.85
9090, 4369.23
9097, 4375.9
9105, 4378.97
9113, 4369.23
9121, 4360.51
9129, 4370.26
9137, 4382.05
9144, 4375.38
9152, 4365.64
9160, 4367.18
9168, 4367.18
9176, 4358.46
9184, 4361.03
9191, 4370.77
9200, 4370.26
9208, 4368.21
9215, 4370.26
9223, 4374.36
9230, 4375.9
9238, 4368.21
9247, 4365.64
9254, 4371.28
9263, 4370.77
9271, 4369.74
9279, 4374.36
9286, 4376.41
9294, 4370.26
9301, 4370.26
9309, 4375.38
9316, 4375.9
9324, 4378.46
9332, 4380
9340, 4375.38
9350, 4373.85
9356, 4371.79
9363, 4367.18
9371, 4366.67
9380, 4366.67
9387, 4366.15
9395, 4367.69
9402, 4366.67
9410, 4367.69
9418, 4374.36
9426, 4376.92
9434, 4368.21
9442, 4368.72
9449, 4376.92
9457, 4371.79
9466, 4365.64
9473, 4371.28
9481, 4375.9
9488, 4371.79
9496, 4369.74
9504, 4376.92
9513, 4380.51
9521, 4374.87
9528, 4374.36
9536, 4381.03
9544, 4384.62
9551, 4376.92
9559, 4367.69, estimuli
9568, 4370.77
9575, 4375.9
9584, 4374.87
9591, 4373.33
9598, 4371.79
9606, 4374.87
9614, 4373.85
9621, 4363.59
9631, 4364.62
9637, 4373.85
9645, 4373.85
9653, 4367.69
9661, 4372.82
9668, 4395.38
9676, 4405.64
9684, 4377.95
9692, 4336.92
9700, 4315.9
9707, 4319.49
9715, 4349.74
9723, 4402.05
9731, 4435.38
9740, 4428.72
9748, 4398.97
9754, 4353.33
9762, 4312.82
9771, 4314.87
9778, 4358.46
9786, 4412.31
9793, 4440.51
9802, 4427.69
9809, 4390.26
9817, 4348.21
9825, 4314.36
9833, 4317.44
9840, 4364.1
9849, 4407.69
9856, 4419.49
9864, 4418.46
9872, 4397.44
9879, 4346.67
9888, 4309.74
9895, 4319.49
9903, 4355.9
9912, 4398.46
9919, 4428.21
9926, 4428.21
9934, 4388.21
9943, 4337.44
9950, 4315.9
9959, 4318.97
9965, 4343.08
9973, 4392.31
9981, 4436.41
9989, 4430.77
9997, 4378.46
10005, 4325.64
10021, 4295.9
10021, 4301.03
10028, 4349.74
10036, 4416.92
10045, 4455.9
10051, 4438.46
10060, 4381.54
10067, 4321.54
10075, 4287.69
10083, 4304.1
10091, 4357.95
10098, 4422.05
10106, 4466.15
10115, 4449.74
10122, 4384.1
10130, 4324.1
10138, 4290.26
10145, 4300
10154, 4366.67
10161, 4441.03
10169, 4466.67
10177, 4444.1
10184, 4389.23
10193, 4319.49
10200, 4278.97
10210, 4300
10216, 4362.56
10225, 4428.72
10231, 4462.56
10239, 4444.1
10247, 4386.67
10255, 4317.44
10263, 4276.41
10270, 4293.85
10278, 4356.41
10286, 4427.69
10294, 4465.13
10302, 4442.56
10311, 4378.97
10317, 4318.46
10325, 4289.74
10333, 4303.08
10341, 4361.03
10349, 4438.46
10357, 4477.95
10364, 4445.64
10373, 4371.28
10380, 4303.08
10388, 4274.87
10397, 4292.82
10403, 4348.72
10412, 4423.59
10419, 4471.28
10427, 4455.38
10435, 4383.08
10443, 4305.64
10450, 4275.38
10458, 4302.56
10466, 4365.13
10474, 4433.85
10482, 4470.77
10490, 4450.77
10497, 4387.69
10505, 4320
10513, 4289.23
10521, 4310.26
10528, 4368.21
10536, 4429.23
10544, 4459.49
10552, 4445.64
10560, 4396.92
10568, 4329.74
10575, 4281.54
10585, 4303.59
10592, 4378.46
10599, 4442.05
10607, 4470.77
10616, 4449.23
10623, 4379.49
10630, 4318.46
10638, 4294.87
10647, 4304.62
10654, 4366.67
10661, 4432.31
10669, 4420.51
10677, 4373.33
10685, 4364.1
10694, 4376.92
10701, 4371.28
10710, 4367.18
10716, 4373.85
10724, 4374.87
10732, 4374.36
10740, 4372.31
10747, 4373.33
10755, 4379.49
10763, 4383.08
10771, 4383.59
10779, 4376.92
10787, 4373.33
10794, 4374.87
10802, 4371.28
10810, 4370.26
10818, 4371.28
10827, 4371.79
10833, 4379.49
10842, 4380.51
10849, 4370.77
10858, 4370.77
10865, 4384.1
10873, 4395.38
10880, 4383.59
10888, 4371.79
10896, 4380
10905, 4382.05
10912, 4372.31
10919, 4368.21
10929, 4372.82
10935, 4377.44
10943, 4374.36
10951, 4372.82
10959, 4377.44
10966, 4385.64
10974, 4380
10982, 4360.51
10990, 4364.1
10998, 4377.44
11006, 4373.85
11013, 4371.28
11021, 4377.44
11031, 4377.95
11037, 4370.26
11046, 4367.69
11052, 4371.28
11060, 4373.33
11068, 4372.31
11076, 4368.72
11085, 4367.69
11092, 4372.31
11100, 4381.54
11108, 4384.62
11116, 4373.85
11123, 4373.33
11131, 4382.56
11138, 4372.31
11146, 4361.54
11154, 4372.82
11162, 4385.64
11170, 4385.64
11178, 4377.95
11185, 4371.28
11193, 4368.21
11201, 4374.87
11209, 4382.05
11217, 4378.46
11224, 4375.9
11232, 4375.9
11241, 4374.36
11248, 4373.33
11258, 4371.28
11265, 4372.82
11271, 4376.92
11281, 4374.87
11287, 4372.82
11295, 4380.51
11305, 4384.62
11311, 4381.03
11319, 4378.97
11328, 4375.9
11334, 4369.23
11344, 4371.79
11350, 4379.49
11357, 4376.92
11366, 4380.51
11373, 4388.72
11381, 4383.08
11389, 4370.77
11396, 4368.21
11404, 4375.38
11412, 4375.9
11420, 4382.56
11428, 4388.72
11436, 4375.9
11443, 4374.87
11451, 4381.03
11459, 4374.87
11467, 4375.9
11475, 4378.46
11483, 4374.36
11490, 4375.9
11498, 4378.97
11507, 4381.54
11515, 4382.05
11522, 4385.13
11529, 4391.28
11537, 4389.74
11545, 4385.13
11554, 4384.1
11561, 4382.56, estimuli
11569, 4381.54
11576, 4384.62
11584, 4385.13
11592, 4375.38
11600, 4369.23
11608, 4375.9
11615, 4374.87
11623, 4368.72
11631, 4369.74
11639, 4373.33
11647, 4376.41
11654, 4373.85
11662, 4387.18
11671, 4421.03
11678, 4421.03
11686, 4363.08
11694, 4293.85
11701, 4276.41
11709, 4314.87
11717, 4377.44
11726, 4439.49
11735, 4460
11741, 4425.64
11748, 4366.67
11756, 4312.31
11764, 4290.26
11773, 4320.51
11780, 4387.69
11787, 4451.79
11795, 4466.15
11803, 4425.64
11811, 4359.49
11819, 4294.36
11827, 4271.28
11834, 4309.74
11842, 4375.9
11850, 4433.33
11858, 4456.41
11866, 4428.72
11873, 4359.49
11881, 4294.36
11889, 4278.97
11897, 4317.44
11905, 4384.1
11914, 4441.03
11921, 4460.51
11928, 4432.82
11936, 4366.15
11945, 4300.51
11952, 4284.62
11960, 4323.59
11967, 4388.72
11977, 4450.77
11984, 4481.03
11991, 4442.56
11999, 4357.95
12006, 4303.08
12014, 4296.92
12023, 4322.05
12030, 4381.54
12039, 4446.15
12045, 4466.15
12053, 4430.26
12063, 4363.08
12070, 4297.95
12078, 4281.54
12086, 4328.21
12092, 4389.74
12100, 4434.36
12109, 4458.97
12116, 4432.31
12125, 4355.9
12132, 4295.38
12139, 4286.15
12149, 4316.41
12155, 4374.87
12163, 4440.51
12171, 4462.56
12179, 4422.56
12186, 4364.1
12194, 4311.79
12202, 4282.05
12211, 4312.82
12218, 4389.23
12225, 4452.82
12233, 4469.23
12241, 4439.49
12249, 4377.44
12257, 4310.26
12264, 4288.21
12273, 4327.18
12280, 4393.85
12288, 4449.74
12296, 4469.74
12304, 4437.44
12311, 4368.21
12319, 4307.18
12327, 4293.33
12335, 4329.74
12343, 4391.79
12350, 4447.69
12359, 4468.72
12366, 4438.97
12374, 4365.64
12382, 4303.08
12390, 4300
12398, 4336.92
12405, 4390.26
12413, 4448.72
12421, 4475.9
12429, 4439.49
12436, 4361.03
12444, 4297.95
12453, 4285.64
12460, 4325.64
12468, 4393.85
12476, 4450.77
12483, 4465.64
12491, 4431.79
12499, 4366.67
12507, 4310.26
12515, 4296.92
12523, 4331.79
12531, 4396.92
12538, 4451.79
12546, 4465.13
12554, 4430.77
12562, 4363.59
12569, 4302.05
12577, 4286.15
12585, 4328.21
12593, 4397.44
12602, 4452.82
12608, 4465.64
12617, 4424.62
12624, 4357.95
12632, 4310.77
12640, 4301.03
12648, 4330.26
12655, 4392.82
12663, 4433.85
12671, 4413.85
12679, 4379.49
12687, 4380
12694, 4387.18
12702, 4378.46
12710, 4371.79
12718, 4373.33
12726, 4379.49
12734, 4377.95
12742, 4370.77
12749, 4377.44
12757, 4380
12765, 4373.85
12773, 4373.33
12781, 4378.46
12788, 4386.15
12796, 4390.26
12804, 4385.64
12813, 4375.38
12820, 4372.82
12827, 4378.97
12835, 4382.56
12843, 4380.51
12851, 4379.49
12859, 4379.49
12867, 4380
12874, 4378.97
12882, 4381.54
12890, 4386.15
12898, 4381.03
12906, 4376.41
12913, 4378.46
12921, 4380
12930, 4384.1
12938, 4381.54
12945, 4373.33
12953, 4372.31
12960, 4377.44
12968, 4378.97
12976, 4373.85
12984, 4370.26
12993, 4374.87
12999, 4381.03
13007, 4376.41
13015, 4367.69
13023, 4370.77
13031, 4377.95
13039, 4374.36
13046, 4373.33
13054, 4377.44
13062, 4376.92
13070, 4376.92
13079, 4378.97
13085, 4381.54
13094, 4381.03
13102, 4380.51
13109, 4380
13118, 4373.33
13126, 4368.21
13132, 4375.38
13141, 4380.51
13148, 4372.82
13156, 4370.26
13164, 4380.51
13171, 4380
13179, 4369.23
13187, 4367.18
13195, 4375.38
13203, 4383.08
13211, 4381.03
13218, 4369.74
13226, 4370.77
13235, 4378.97
13243, 4375.9
13250, 4374.36
13258, 4375.38
13265, 4371.28
13273, 4371.79
13281, 4374.87
13291, 4372.31
13297, 4368.21
13304, 4373.85
13312, 4376.41
13320, 4369.74
13328, 4374.36
13337, 4380
13344, 4376.41
13351, 4375.38
13360, 4378.97
13367, 4380.51
13376, 4380.51
13383, 4377.95
13390, 4372.31
13398, 4375.38
13406, 4387.69
13414, 4380
13423, 4365.64
13430, 4372.31
13437, 4378.46
13445, 4374.87
13453, 4376.92
13461, 4381.03
13469, 4379.49
13476, 4375.38
13486, 4376.92
13492, 4377.44
13500, 4375.9
13508, 4380
13517, 4382.05
13523, 4374.87
13531, 4371.28
13540, 4374.87
13548, 4371.79
13555, 4368.72
13562, 4374.36, estimuli
13570, 4374.87
13578, 4370.77
13586, 4376.41
13594, 4378.97
13602, 4376.41
13610, 4385.13
13617, 4384.62
13626, 4372.31
13633, 4370.26
13641, 4379.49
13649, 4385.13
13656, 4377.95
13664, 4382.56
13672, 4422.05
13680, 4442.05
13688, 4386.15
13695, 4307.18
13703, 4289.74
13711, 4322.05
13719, 4376.41
13727, 4434.87
13735, 4455.9
13743, 4432.82
13750, 4382.56
13758, 4313.33
13766, 4276.92
13774, 4309.74
13781, 4375.38
13789, 4437.95
13797, 4466.67
13805, 4438.97
13813, 4376.41
13821, 4313.33
13828, 4283.59
13836, 4309.23
13844, 4371.28
13852, 4429.23
13860, 4456.41
13867, 4437.95
13875, 4375.38
13883, 4307.18
13891, 4282.56
13899, 4314.36
13907, 4377.44
13914, 4434.36
13923, 4463.59
13931, 4444.1
13938, 4375.38
13947, 4305.64
13953, 4285.64
13961, 4313.33
13970, 4366.15
13977, 4426.67
13985, 4467.18
13994, 4441.54
14001, 4363.08
14008, 4304.62
14018, 4293.85
14025, 4317.44
14032, 4368.21
14039, 4427.18
14047, 4461.54
14055, 4439.49
14063, 4370.77
14071, 4306.67
14080, 4287.69
14086, 4315.38
14095, 4372.31
14103, 4436.41
14110, 4463.08
14118, 4426.15
14125, 4363.08
14133, 4312.31
14141, 4290.26
14150, 4320
14158, 4384.62
14165, 4443.59
14172, 4468.21
14180, 4437.44
14188, 4370.26
14196, 4310.77
14204, 4289.74
14211, 4321.54
14219, 4390.26
14227, 4449.23
14236, 4457.44
14244, 4427.69
14251, 4373.33
14259, 4308.21
14266, 4282.56
14274, 4316.41
14282, 4377.95
14290, 4435.9
14297, 4462.05
14305, 4434.87
14313, 4367.69
14321, 4303.59
14329, 4283.08
14337, 4313.85
14344, 4374.87
14352, 4435.38
14360, 4461.03
14368, 4433.33
14378, 4366.67
14384, 4303.08
14391, 4281.54
14399, 4314.36
14407, 4380
14416, 4440
14424, 4467.69
14431, 4441.03
14438, 4366.15
14446, 4300.51
14455, 4285.64
14462, 4315.9
14470, 4373.85
14477, 4437.95
14485, 4465.64
14493, 4431.28
14501, 4364.62
14509, 4309.23
14516, 4289.23
14524, 4318.46
14533, 4382.05
14540, 4440
14549, 4462.05
14556, 4432.82
14564, 4367.69
14572, 4308.21
14579, 4285.64
14587, 4317.44
14595, 4382.56
14602, 4441.54
14610, 4462.56
14618, 4430.77
14626, 4366.15
14634, 4306.15
14643, 4282.05
14649, 4309.23
14657, 4377.44
14665, 4428.21
14674, 4414.36
14681, 4381.54
14688, 4380
14696, 4383.59
14704, 4375.38
14712, 4373.33
14720, 4376.92
14728, 4377.95
14735, 4377.95
14743, 4377.44
14751, 4378.46
14759, 4376.92
14767, 4375.9
14774, 4375.38
14783, 4376.41
14791, 4382.05
14798, 4382.56
14806, 4380
14814, 4377.44
14821, 4378.46
14829, 4389.23
14837, 4385.64
14845, 4368.21
14853, 4369.74
14860, 4378.97
14868, 4372.31
14876, 4367.18
14884, 4374.87
14892, 4376.92
14900, 4370.77
14908, 4371.79
14916, 4371.28
14923, 4366.15
14931, 4366.15
14939, 4367.69
14947, 4368.72
14955, 4371.79
14962, 4378.46
14970, 4382.56
14978, 4373.33
14986, 4369.74
14993, 4378.46
15001, 4376.92
15009, 4362.05
15018, 4361.54
15025, 4382.56
15033, 4389.74
15040, 4375.9
15049, 4370.77
15056, 4374.36
15065, 4373.85
15072, 4371.79
15080, 4371.28
15087, 4373.33
15095, 4373.33
15103, 4374.87
15111, 4376.41
15119, 4369.74
15126, 4362.05
15134, 4369.23
15143, 4385.64
15150, 4383.08
15158, 4366.15
15166, 4362.56
15174, 4371.79
15181, 4374.87
15189, 4372.31
15197, 4368.21
15205, 4368.72
15212, 4373.85
15220, 4370.77
15228, 4370.26
15237, 4379.49
15245, 4380
15252, 4370.26
15260, 4368.21
15269, 4375.38
15275, 4376.92
15283, 4377.44
15291, 4376.41
15299, 4373.33
15306, 4374.87
15314, 4375.9
15323, 4374.87
15330, 4380
15337, 4380
15346, 4374.87
15354, 4373.33
15361, 4372.31
15369, 4375.38
15378, 4376.92
15384, 4374.87
15393, 4376.92
15400, 4375.38
15409, 4372.31
15416, 4374.87
15424, 4377.95
15431, 4379.49
15440, 4386.15
15447, 4385.64
15456, 4373.33
15463, 4373.85
15470, 4381.54
15478, 4378.97
15486, 4377.44
15495, 4381.03
15503, 4380.51
15510, 4381.03
15517, 4384.1
15526, 4383.59
15533, 4382.56
15541, 4383.08
15549, 4385.64
15556, 4384.62
15564, 4381.54, estimuli
15572, 4380.51
15580, 4374.87
15588, 4368.72
15597, 4373.85
15603, 4378.46
15611, 4377.95
15619, 4375.9
15627, 4378.46
15635, 4384.1
15642, 4380
15650, 4384.62
15658, 4387.69
15666, 4382.56
15675, 4411.79
15682, 4437.44
15690, 4391.79
15697, 4316.41
15705, 4283.59
15713, 4307.69
15721, 4368.72
15728, 4432.31
15737, 4461.03
15744, 4441.54
15752, 4384.1
15760, 4316.92
15768, 4291.79
15775, 4318.46
15784, 4371.79
15792, 4437.44
15799, 4475.9
15807, 4451.28
15816, 4385.64
15822, 4324.1
15831, 4300
15838, 4321.54
15846, 4378.97
15854, 4445.64
15861, 4482.05
15869, 4453.33
15877, 4383.08
15885, 4327.69
15893, 4306.67
15901, 4323.59
15908, 4383.08
15916, 4446.15
15924, 4472.82
15932, 4454.87
15940, 4396.41
15947, 4326.67
15956, 4295.38
15963, 4323.08
15972, 4384.1
15980, 4445.13
15988, 4483.08
15995, 4466.15
16003, 4403.59
16010, 4344.1
16020, 4314.87
16026, 4328.21
16035, 4384.1
16042, 4450.77
16049, 4481.03
16057, 4457.44
16065, 4396.92
16074, 4323.59
16081, 4288.21
16088, 4319.49
16097, 4377.44
16104, 4434.87
16112, 4466.67
16119, 4443.59
16127, 4382.56
16135, 4320
16144, 4284.62
16151, 4302.05
16160, 4368.21
16166, 4440.51
16174, 4469.23
16182, 4441.54
16191, 4381.54
16198, 4316.92
16206, 4286.15
16213, 4309.74
16221, 4364.1
16229, 4424.1
16237, 4461.54
16245, 4434.36
16252, 4363.59
16260, 4306.15
16268, 4282.56
16277, 4291.79
16284, 4344.62
16291, 4418.97
16299, 4446.15
16308, 4414.36
16315, 4357.95
16323, 4299.49
16332, 4273.85
16338, 4302.05
16347, 4362.56
16354, 4424.62
16362, 4456.92
16370, 4437.95
16378, 4375.38
16385, 4307.18
16395, 4278.46
16403, 4305.13
16409, 4366.67
16418, 4427.18
16424, 4457.44
16432, 4434.87
16440, 4373.33
16448, 4311.79
16456, 4278.97
16463, 4305.64
16471, 4374.36
16479, 4431.28
16487, 4457.95
16495, 4434.87
16503, 4368.21
16510, 4306.15
16519, 4284.1
16526, 4308.21
16534, 4361.03
16543, 4424.1
16551, 4461.03
16557, 4435.38
16565, 4371.28
16573, 4306.67
16581, 4280.51
16590, 4309.23
16596, 4369.23
16605, 4430.77
16613, 4461.03
16621, 4435.38
16629, 4369.74
16636, 4304.62
16644, 4281.03
16651, 4308.21
16659, 4373.33
16667, 4430.77
16677, 4424.1
16682, 4381.54
16691, 4366.15
16698, 4368.21
16706, 4366.67
16714, 4368.72
16722, 4372.31
16729, 4373.33
16738, 4374.87
16745, 4375.9
16753, 4373.33
16761, 4370.77
16768, 4373.85
16776, 4373.33
16784, 4373.33
16792, 4376.92
16801, 4371.28
16809, 4365.64
16815, 4371.79
16823, 4373.33
16832, 4366.15
16839, 4367.18
16848, 4374.87
16854, 4371.79
16862, 4370.26
16870, 4382.05
16878, 4385.13
16886, 4372.31
16894, 4368.72
16901, 4376.92
16910, 4378.97
16917, 4371.28
16926, 4371.79
16933, 4377.95
16940, 4374.36
16948, 4371.28
16956, 4376.41
16964, 4381.03
16972, 4377.44
16981, 4370.26
16987, 4373.85
16995, 4380.51
17003, 4379.49
17012, 4374.36
17019, 4374.87
17026, 4382.05
17035, 4382.05
17043, 4374.36
17050, 4373.85
17058, 4374.36
17066, 4369.74
17073, 4369.23
17081, 4373.85
17089, 4371.28
17097, 4365.13
17106, 4372.82
17113, 4375.9
17120, 4365.64
17128, 4371.28
17136, 4384.1
17144, 4378.97
17153, 4369.74
17160, 4372.82
17167, 4375.9
17175, 4367.69
17183, 4364.62
17191, 4370.77
17199, 4372.31
17206, 4377.44
17216, 4380.51
17222, 4373.33
17230, 4371.28
17238, 4376.41
17245, 4376.41
17253, 4372.82
17261, 4373.85
17271, 4374.87
17277, 4378.97
17285, 4383.08
17292, 4375.38
17300, 4368.21
17308, 4374.36
17316, 4377.95
17324, 4372.82
17332, 4374.36
17339, 4375.9
17347, 4370.77
17355, 4369.74
17363, 4373.33
17371, 4374.36
17378, 4371.79
17386, 4372.82
17394, 4374.87
17403, 4374.87
17411, 4373.85
17417, 4371.28
17425, 4375.9
17434, 4380.51
17441, 4375.9
17449, 4372.82
17458, 4370.77
17464, 4364.62
17472, 4364.62
17480, 4372.31
17488, 4380.51
17496, 4378.97
17504, 4375.9
17511, 4374.87
17519, 4370.26
17527, 4368.72
17535, 4372.82
17544, 4370.77
17550, 4368.21
17558, 4375.9
17566, 4382.05, estimuli
17574, 4375.9
17583, 4373.33
17591, 4377.95
17597, 4375.38
17605, 4372.82
17614, 4376.92
17622, 4371.79
17629, 4368.72
17637, 4372.82
17644, 4371.28
17652, 4373.85
17661, 4375.9
17668, 4381.03
17677, 4408.72
17683, 4432.82
17691, 4397.95
17699, 4324.1
17707, 4288.21
17715, 4304.1
17722, 4355.9
17730, 4425.13
17738, 4462.56
17746, 4443.59
17760, 4387.69
17762, 4327.69
17769, 4294.36
17777, 4306.15
17785, 4361.03
17793, 4431.79
17801, 4467.69
17808, 4449.23
17816, 4393.33
17824, 4328.21
17832, 4293.85
17840, 4311.79
17848, 4363.59
17855, 4421.54
17863, 4462.05
17871, 4451.79
17879, 4389.74
17887, 4328.21
17895, 4304.62
17902, 4316.92
17910, 4356.41
17918, 4413.85
17927, 4456.41
17934, 4446.67
17941, 4389.23
17949, 4322.56
17958, 4287.69
17965, 4308.21
17973, 4366.15
17981, 4429.23
17989, 4466.67
17996, 4447.69
18004, 4387.18
18012, 4326.15
18021, 4291.79
18028, 4304.62
18035, 4355.38
18043, 4418.46
18053, 4457.44
18059, 4440.51
18067, 4385.64
18074, 4328.72
18082, 4292.31
18091, 4307.18
18098, 4369.23
18106, 4434.36
18114, 4457.44
18121, 4433.33
18129, 4385.64
18137, 4329.74
18146, 4300.51
18153, 4327.69
18160, 4383.59
18169, 4432.31
18177, 4456.92
18184, 4441.54
18198, 4386.67
18205, 4323.59
18208, 4297.44
18215, 4321.03
18224, 4375.9
18231, 4430.26
18239, 4459.49
18249, 4444.62
18254, 4385.13
18262, 4316.92
18271, 4289.74
18278, 4311.79
18292, 4366.15
18295, 4430.26
18317, 4468.72
18327, 4453.33
18327, 4380.51
18331, 4305.13
18333, 4284.62
18342, 4313.33
18348, 4365.13
18357, 4413.33
18364, 4446.67
18379, 4444.1
18381, 4387.69
18389, 4321.03
18395, 4285.13
18416, 4293.33
18417, 4352.82
18420, 4425.13
18427, 4456.41
18435, 4435.38
18443, 4382.05
18457, 4319.49
18459, 4283.08
18466, 4298.97
18480, 4348.72
18483, 4411.79
18496, 4456.92
18498, 4435.38
18518, 4367.69
18529, 4308.21
18531, 4284.1
18532, 4300.51
18537, 4336.41
18545, 4388.72
18562, 4429.74
18563, 4407.69
18569, 4351.79
18576, 4302.05
18584, 4264.1
18591, 4275.9
18599, 4346.15
18607, 4411.79
18621, 4430.77
18623, 4410.26
18630, 4358.97
18639, 4295.9
18647, 4264.62
18654, 4277.95
18661, 4331.28
18669, 4391.28
18678, 4394.36
18685, 4356.41
18695, 4342.56
18700, 4354.36
18715, 4360.51
18723, 4347.18
18725, 4337.44
18732, 4350.26
18740, 4355.38
18749, 4342.05
18755, 4337.95
18763, 4345.13
18771, 4348.21
18779, 4339.49
18787, 4338.46
18794, 4347.69
18802, 4342.56
18811, 4332.82
18818, 4337.44
18827, 4346.15
18833, 4341.54
18841, 4338.46
18855, 4344.62
18858, 4337.44
18865, 4332.82
18873, 4346.15
18880, 4352.31
18888, 4341.03
18896, 4337.95
18904, 4349.74
18912, 4352.31
18920, 4345.64
18927, 4340
18936, 4333.33
18943, 4343.08
18952, 4360.51
18959, 4358.46
18966, 4351.79
18974, 4356.41
18982, 4350.77
18990, 4339.49
18998, 4344.1
19005, 4351.28
19013, 4344.1
19022, 4335.9
19030, 4336.41
19039, 4336.41
19045, 4334.36
19060, 4339.49
19060, 4342.56
19068, 4335.9
19076, 4329.74
19085, 4338.46
19092, 4349.74
19099, 4343.08
19107, 4342.05
19121, 4352.82
19124, 4348.21
19131, 4341.03
19146, 4347.18
19146, 4351.28
19160, 4345.13
19162, 4343.59
19170, 4346.15
19178, 4344.62
19185, 4351.28
19193, 4357.95
19201, 4348.21
19210, 4340.51
19217, 4348.21
19225, 4356.92
19233, 4351.79
19248, 4346.67
19248, 4352.82
19262, 4352.82
19264, 4351.28
19272, 4354.87
19279, 4350.77
19287, 4348.21
19295, 4355.9
19303, 4356.41
19317, 4353.85
19319, 4355.9
19339, 4352.82
19340, 4345.64
19343, 4342.56
19350, 4351.79
19365, 4358.46
19366, 4350.26
19374, 4339.49
19381, 4348.21
19389, 4364.62
19403, 4348.21
19405, 4334.87
19412, 4358.46
19420, 4365.64
19440, 4351.28
19441, 4354.87
19446, 4361.54
19451, 4355.9
19465, 4358.97
19467, 4358.46
19482, 4343.59
19484, 4349.74
19490, 4366.67
19499, 4355.9
19506, 4345.64
19521, 4362.05
19522, 4371.28
19542, 4354.87
19543, 4341.54
19546, 4352.82
19553, 4361.54
19561, 4348.72
19569, 4340.51, estimuli
19578, 4351.28
19584, 4359.49
19592, 4342.56
19607, 4334.87
19610, 4357.44
19616, 4354.87
19624, 4330.77
19636, 4338.97
19643, 4349.74
19647, 4341.03
19660, 4350.26
19664, 4360.51
19670, 4349.23
19678, 4368.72
19686, 4403.59
19694, 4363.59
19702, 4284.62
19710, 4271.79
19717, 4303.08
19731, 4333.85
19739, 4390.77
19746, 4444.1
19749, 4428.21
19757, 4350.77
19764, 4286.67
19773, 4270.26
19780, 4280
19788, 4320
19796, 4394.36
19803, 4440.51
19811, 4415.38
19819, 4360
19827, 4311.79
19835, 4277.95
19842, 4283.08
19850, 4334.87
19859, 4397.44
19866, 4432.82
19879, 4417.95
19891, 4360.51
19894, 4300.51
19897, 4274.87
19906, 4298.46
19914, 4341.54
19922, 4390.26
19929, 4445.64
19936, 4443.59
19944, 4370.77
19952, 4302.05
19962, 4283.59
19968, 4305.64
19975, 4344.1
19983, 4395.9
19991, 4434.36
20000, 4416.92
20007, 4360.51
20015, 4305.64
20022, 4272.82
20030, 4282.05
20038, 4328.72
20046, 4386.67
20055, 4425.13
20063, 4414.87
20070, 4363.08
20079, 4301.54
20085, 4266.15
20094, 4283.59
20101, 4343.08
20108, 4406.67
20116, 4434.87
20124, 4414.36
20133, 4367.18
20141, 4311.79
20148, 4275.38
20155, 4284.1
20164, 4336.41
20172, 4404.1
20185, 4440.51
20187, 4418.97
20195, 4355.38
20202, 4297.44
20210, 4280.51
20218, 4299.49
20227, 4342.05
20236, 4396.92
20241, 4432.31
20249, 4419.49
20258, 4364.1
20267, 4308.21
20279, 4285.13
20282, 4299.49
20288, 4348.72
20297, 4410.26
20304, 4446.67
20312, 4427.69
20320, 4361.54
20328, 4306.15
20341, 4288.72
20345, 4302.05
20351, 4341.54
20359, 4395.9
20373, 4435.38
20375, 4428.21
20388, 4370.26
20391, 4302.05
20398, 4272.31
20406, 4293.85
20414, 4347.69
20421, 4407.69
20430, 4439.49
20439, 4420
20466, 4368.21
20468, 4314.36
20474, 4284.62
20476, 4303.08
20476, 4352.82
20484, 4406.15
20493, 4440.51
20500, 4424.62
20507, 4364.1
20516, 4302.56
20523, 4275.9
20531, 4301.03
20545, 4362.56
20548, 4417.95
20563, 4435.38
20585, 4417.95
20585, 4375.38
20588, 4319.49
20588, 4288.72
20595, 4306.15
20603, 4360
20609, 4422.56
20617, 4449.74
20625, 4429.23
20633, 4381.54
20647, 4321.03
20649, 4292.82
20668, 4318.46
20669, 4374.36
20673, 4418.46
20681, 4412.31
20687, 4384.1
20696, 4378.46
20703, 4381.54
20711, 4379.49
20719, 4381.54
20727, 4383.59
20734, 4380.51
20748, 4387.18
20750, 4387.69
20762, 4376.92
20775, 4382.56
20781, 4392.82
20783, 4386.15
20790, 4385.13
20797, 4384.1
20806, 4370.26
20813, 4361.03
20820, 4367.18
20828, 4374.87
20836, 4370.26
20844, 4369.74
20852, 4376.92
20859, 4370.26
20875, 4366.15
20877, 4376.41
20884, 4380
20892, 4377.44
20899, 4376.92
20920, 4372.31
20921, 4370.77
20923, 4377.44
20932, 4384.1
20938, 4385.64
20946, 4383.59
20953, 4377.44
20967, 4369.74
20969, 4367.18
20978, 4368.21
20985, 4372.82
20993, 4376.92
21001, 4375.9
21015, 4372.31
21018, 4370.77
21024, 4373.85
21032, 4373.85
21040, 4366.67
21047, 4366.15
21055, 4371.28
21064, 4366.67
21078, 4358.97
21080, 4361.03
21087, 4367.18
21095, 4364.1
21104, 4360.51
21110, 4366.15
21118, 4363.59
21126, 4356.41
21133, 4360
21141, 4368.21
21149, 4372.82
21157, 4366.15
21165, 4358.97
21173, 4368.21
21180, 4368.21
21188, 4360
21196, 4364.1
21211, 4373.33
21212, 4372.82
21219, 4368.72
21227, 4367.18
21236, 4366.15
21243, 4368.72
21251, 4370.26
21259, 4367.69
21273, 4367.18
21275, 4372.82
21283, 4380
21291, 4377.95
21298, 4370.26
21313, 4380
21313, 4390.26
21321, 4377.95
21329, 4373.33
21337, 4380
21344, 4377.95
21352, 4373.33
21361, 4371.28
21368, 4369.74
21382, 4368.72
21385, 4370.77
21393, 4377.95
21399, 4378.97
21413, 4371.79
21415, 4366.67
21423, 4374.87
21431, 4386.67
21438, 4380
21446, 4369.23
21454, 4374.36
21462, 4378.97
21471, 4375.9
21479, 4373.33
21485, 4372.82
21494, 4370.26
21502, 4370.26
21516, 4377.44
21518, 4381.03
21525, 4376.92
21532, 4371.79
21541, 4365.13
21548, 4373.33
21556, 4390.26
21571, 4383.08
21573, 4364.1, estimuli
21581, 4361.54
21587, 4374.36
21601, 4376.92
21603, 4369.23
21617, 4371.28
21618, 4373.33
21627, 4362.56
21634, 4356.92
21642, 4376.41
21650, 4391.79
21657, 4374.87
21673, 4361.03
21675, 4382.56
21694, 4412.82
21696, 4419.49
21702, 4385.13
21705, 4328.72
21712, 4298.46
21720, 4310.26
21728, 4355.38
21737, 4414.87
21744, 4450.26
21753, 4442.05
21759, 4393.85
21774, 4327.18
21775, 4279.49
21795, 4293.33
21796, 4357.44
21804, 4414.87
21806, 4445.64
21814, 4432.31
21822, 4372.31
21830, 4313.85
21837, 4289.74
21847, 4301.03
21853, 4341.54
21862, 4398.97
21869, 4445.13
21877, 4437.44
21887, 4374.87
21895, 4312.82
21901, 4285.64
21909, 4305.13
21916, 4353.85
21925, 4408.72
21931, 4447.69
21939, 4440
21947, 4382.05
21961, 4320
21964, 4290.77
21971, 4300
21978, 4345.13
21987, 4410.77
22001, 4447.18
22003, 4425.13
22011, 4374.36
22017, 4320.51
22031, 4288.21
22034, 4305.64
22042, 4354.87
22049, 4405.64
22058, 4433.85
22065, 4425.64
22072, 4378.97
22081, 4316.41
22089, 4281.54
22103, 4298.97
22104, 4354.36
22112, 4411.79
22119, 4441.03
22128, 4427.18
22135, 4371.28
22144, 4306.15
22150, 4280
22166, 4304.62
22166, 4358.97
22174, 4413.33
22182, 4436.41
22194, 4422.56
22207, 4377.95
22209, 4321.03
22214, 4288.21
22221, 4302.05
22229, 4352.31
22236, 4408.21
22244, 4437.95
22252, 4421.03
22266, 4365.64
22269, 4308.72
22276, 4280
22299, 4296.41
22310, 4345.64
22335, 4394.87
22335, 4429.74
22337, 4396.92
22337, 4363.59
22338, 4302.05
22340, 4280
22347, 4301.03
22354, 4350.26
22368, 4408.72
22370, 4447.18
22378, 4426.67
22391, 4358.46
22394, 4300
22407, 4281.54
22411, 4305.64
22416, 4354.36
22425, 4407.18
22438, 4439.49
22441, 4424.62
22448, 4372.31
22456, 4315.9
22469, 4286.15
22471, 4305.13
22479, 4357.95
22488, 4413.33
22508, 4438.97
22508, 4416.41
22511, 4364.62
22519, 4310.77
22528, 4283.08
22540, 4302.05
22542, 4349.74
22549, 4402.05
22558, 4429.23
22565, 4411.79
22574, 4357.44
22582, 4291.79
22588, 4256.41
22596, 4278.46
22604, 4342.56
22612, 4404.1
22620, 4430.26
22628, 4415.38
22642, 4364.62
22644, 4306.15
22651, 4281.54
22659, 4293.85
22667, 4340.51
22675, 4390.77
22682, 4390.26
22691, 4360
22698, 4353.33
22706, 4360.51
22715, 4355.9
22722, 4358.46
22731, 4364.62
22743, 4356.92
22745, 4356.92
22753, 4360.51
22761, 4352.31
22769, 4352.31
22776, 4360
22784, 4352.31
22798, 4344.62
22801, 4345.64
22821, 4348.21
22822, 4354.87
22825, 4358.97
22831, 4361.03
22846, 4367.18
22847, 4372.82
22854, 4364.62
22862, 4357.95
22870, 4367.69
22878, 4373.85
22886, 4373.33
22900, 4377.95
22901, 4372.82
22922, 4362.05
22924, 4366.15
22928, 4371.79
22934, 4366.15
22941, 4365.64
22948, 4368.21
22957, 4360
22964, 4363.08
22972, 4381.54
22980, 4376.41
22988, 4356.92
23001, 4356.41
23003, 4362.05
23023, 4357.44
23026, 4354.87
23027, 4358.97
23034, 4355.9
23042, 4350.77
23051, 4359.49
23058, 4368.21
23066, 4366.15
23073, 4364.1
23081, 4359.49
23089, 4357.95
23097, 4363.59
23105, 4365.64
23114, 4362.05
23121, 4362.05
23129, 4366.15
23138, 4362.56
23147, 4361.54
23152, 4370.26
23166, 4370.26
23168, 4364.1
23175, 4365.13
23189, 4371.79
23192, 4373.33
23199, 4362.56
23213, 4355.9
23215, 4365.64
23229, 4371.28
23230, 4367.69
23238, 4365.64
23253, 4365.13
23255, 4364.1
23261, 4367.18
23282, 4373.85
23284, 4369.74
23285, 4358.97
23294, 4361.54
23300, 4367.18
23308, 4370.77
23316, 4368.21
23330, 4359.49
23332, 4361.54
23340, 4366.67
23347, 4363.08
23355, 4359.49
23364, 4361.03
23371, 4368.72
23379, 4377.44
23394, 4374.87
23396, 4363.59
23402, 4366.67
23412, 4372.82
23424, 4358.46
23428, 4353.85
23433, 4367.18
23441, 4368.72
23449, 4364.62
23457, 4367.69
23465, 4368.21
23472, 4363.59
23480, 4361.54
23489, 4365.64
23496, 4371.79
23504, 4369.74
23512, 4367.18
23520, 4367.18
23527, 4363.08
23535, 4359.49
23544, 4360
23551, 4364.62
23566, 4363.59
23568, 4358.97
23574, 4361.03, estimuli
23582, 4368.72
23596, 4370.77
23598, 4357.44
23605, 4354.87
23615, 4369.23
23628, 4368.72
23630, 4361.54
23637, 4365.13
23644, 4370.26
23652, 4373.33
23660, 4373.85
23668, 4363.59
23683, 4370.77
23684, 4409.74
23698, 4425.13
23699, 4384.62
23707, 4325.64
23722, 4294.36
23725, 4302.05
23732, 4349.23
23738, 4412.31
23746, 4452.82
23754, 4440
23762, 4382.56
23770, 4326.15
23778, 4295.9
23785, 4308.72
23794, 4362.56
23801, 4413.33
23809, 4438.46
23823, 4425.64
23830, 4378.97
23834, 4325.13
23840, 4292.31
23848, 4305.13
23856, 4351.79
23870, 4408.21
23872, 4448.21
23879, 4433.33
23887, 4372.82
23901, 4322.05
23903, 4298.97
23912, 4305.13
23937, 4352.31
23951, 4415.9
23953, 4446.67
23953, 4426.15
23954, 4377.44
23959, 4323.08
23978, 4292.31
23980, 4307.18
23994, 4356.41
23997, 4420
23998, 4457.95
24006, 4435.38
24012, 4374.87
24054, 4321.54
24068, 4295.9
24069, 4322.05
24069, 4348.72
24087, 4396.41
24087, 4444.62
24089, 4428.72
24090, 4382.56
24092, 4323.59
24093, 4287.18
24098, 4303.08
24106, 4359.49
24114, 4414.36
24129, 4436.41
24131, 4429.23
24137, 4387.69
24161, 4320
24163, 4288.21
24163, 4315.38
24169, 4364.1
24177, 4410.26
24184, 4443.59
24193, 4438.97
24200, 4386.67
24208, 4320.51
24217, 4284.1
24230, 4306.67
24233, 4366.15
24251, 4413.85
24253, 4437.95
24260, 4430.26
24263, 4378.97
24270, 4318.97
24278, 4295.38
24286, 4312.82
24294, 4359.49
24302, 4414.87
24310, 4446.67
24317, 4425.13
24326, 4369.23
24334, 4316.41
24342, 4286.15
24355, 4302.05
24357, 4356.92
24364, 4417.44
24373, 4450.26
24380, 4431.28
24388, 4379.49
24396, 4327.18
24403, 4295.9
24411, 4305.13
24419, 4353.33
24428, 4414.36
24435, 4447.69
24444, 4430.77
24456, 4379.49
24459, 4317.95
24474, 4284.62
24492, 4304.1
24492, 4354.87
24494, 4413.85
24497, 4445.64
24506, 4426.15
24513, 4375.38
24521, 4322.56
24528, 4292.82
24536, 4310.77
24550, 4367.18
24553, 4423.59
24561, 4446.67
24568, 4430.26
24575, 4383.59
24584, 4325.64
24591, 4292.31
24612, 4308.21
24618, 4364.62
24621, 4421.54
24622, 4443.08
24630, 4427.69
24638, 4378.46
24646, 4320
24660, 4293.33
24662, 4310.26
24669, 4363.59
24678, 4412.82
24686, 4412.31
24695, 4381.03
24701, 4366.67
24708, 4371.79
24716, 4369.74
24725, 4365.13
24732, 4366.67
24740, 4367.18
24750, 4365.13
24758, 4367.18
24764, 4371.28
24772, 4370.77
24793, 4366.15
24793, 4363.08
24795, 4364.1
24803, 4366.15
24811, 4365.64
24819, 4362.05
24826, 4360
24834, 4361.03
24843, 4365.13
24865, 4373.85
24867, 4366.67
24868, 4354.36
24873, 4364.1
24881, 4369.23
24895, 4362.56
24897, 4366.15
24905, 4373.33
24925, 4370.77
24926, 4361.54
24928, 4363.08
24935, 4374.87
24950, 4379.49
24951, 4372.82
24959, 4363.59
24967, 4364.62
24982, 4368.72
24983, 4362.05
24997, 4362.05
24998, 4366.67
25006, 4366.15
25014, 4370.26
25028, 4378.97
25030, 4376.92
25038, 4362.56
25051, 4366.15
25054, 4381.54
25062, 4375.38
25069, 4366.67
25077, 4368.21
25084, 4371.28
25099, 4371.28
25100, 4365.64
25107, 4367.69
25115, 4370.77
25123, 4362.05
25131, 4362.56
25140, 4373.33
25153, 4375.38
25155, 4361.54
25190, 4349.23
25192, 4370.26
25199, 4383.08
25200, 4361.54
25201, 4357.44
25203, 4371.79
25210, 4364.1
25217, 4356.41
25225, 4370.26
25233, 4375.38
25240, 4360.51
25254, 4353.85
25256, 4363.59
25270, 4367.18
25273, 4361.54
25280, 4357.95
25287, 4362.56
25295, 4367.18
25303, 4354.36
25312, 4345.64
25319, 4364.1
25327, 4377.95
25334, 4364.1
25343, 4352.31
25356, 4363.08
25359, 4371.28
25367, 4367.18
25386, 4363.08
25388, 4362.05
25389, 4370.77
25397, 4374.36
25405, 4361.03
25413, 4355.9
25420, 4367.69
25429, 4377.95
25436, 4371.79
25444, 4358.97
25452, 4358.97
25460, 4362.05
25468, 4364.1
25480, 4363.08
25483, 4357.95
25491, 4361.03
25499, 4364.62
25507, 4363.59
25515, 4361.54
25523, 4358.97
25534, 4363.08
25539, 4365.13
25550, 4363.08
25553, 4364.62
25562, 4366.15
25571, 4364.62
25577, 4357.95, estimuli
25586, 4360
25594, 4367.18
25600, 4361.54
25609, 4357.44
25618, 4360.51
25624, 4364.1
25633, 4371.28
25640, 4364.62
25647, 4348.21
25662, 4353.85
25664, 4364.62
25671, 4358.46
25679, 4362.56
25687, 4401.03
25701, 4426.15
25702, 4385.13
25711, 4316.41
25724, 4284.62
25727, 4309.74
25735, 4362.56
25741, 4406.15
25750, 4434.36
25758, 4427.18
25767, 4373.85
25774, 4314.36
25782, 4280.51
25792, 4291.79
25796, 4347.18
25804, 4410.77
25812, 4442.05
25820, 4420.51
25827, 4378.46
25835, 4334.36
25843, 4293.33
25851, 4292.31
25860, 4340.51
25867, 4408.21
25887, 4446.15
25889, 4423.08
25896, 4367.69
25899, 4320.51
25906, 4293.85
25920, 4297.44
25922, 4341.03
25929, 4411.79
25937, 4452.31
25952, 4420.51
25955, 4355.9
25961, 4308.21
25970, 4290.26
25977, 4300
25985, 4343.08
25992, 4405.64
26002, 4440
26007, 4427.18
26021, 4374.36
26024, 4312.82
26031, 4286.67
26039, 4300
26048, 4344.1
26054, 4404.1
26063, 4437.95
26077, 4419.49
26079, 4364.1
26086, 4309.23
26095, 4286.67
26102, 4307.69
26109, 4360.51
26125, 4412.31
26126, 4440
26133, 4430.26
26140, 4372.82
26155, 4308.21
26157, 4282.05
26165, 4305.64
26176, 4362.56
26190, 4410.26
26191, 4429.74
26196, 4417.44
26204, 4369.23
26211, 4310.77
26220, 4282.56
26233, 4302.05
26234, 4362.05
26242, 4417.95
26250, 4432.82
26258, 4413.33
26266, 4369.23
26280, 4312.31
26282, 4280.51
26296, 4299.49
26298, 4349.74
26305, 4410.26
26314, 4449.23
26320, 4422.05
26328, 4359.49
26336, 4307.18
26344, 4280.51
26352, 4296.92
26360, 4348.72
26367, 4407.69
26381, 4434.36
26383, 4411.28
26397, 4361.03
26401, 4302.56
26407, 4275.38
26414, 4302.56
26422, 4348.72
26430, 4396.41
26438, 4436.41
26446, 4431.79
26453, 4370.26
26461, 4295.9
26470, 4271.28
26483, 4301.03
26485, 4353.85
26506, 4409.74
26512, 4441.03
26513, 4417.44
26516, 4359.49
26524, 4306.67
26532, 4284.1
26540, 4301.03
26547, 4351.79
26555, 4411.79
26564, 4444.1
26571, 4418.97
26580, 4351.28
26586, 4308.21
26595, 4298.46
26603, 4303.08
26616, 4352.31
26618, 4417.44
26628, 4433.85
26633, 4409.74
26641, 4369.23
26649, 4322.05
26658, 4285.64
26666, 4288.21
26673, 4348.72
26680, 4406.15
26688, 4401.54
26702, 4380
26705, 4384.62
26713, 4382.05
26719, 4366.15
26727, 4370.77
26735, 4377.44
26743, 4370.77
26751, 4374.36
26758, 4373.85
26767, 4363.59
26775, 4363.08
26782, 4372.82
26791, 4377.95
26799, 4369.23
26805, 4360.51
26819, 4365.64
26821, 4373.33
26829, 4369.23
26837, 4363.08
26845, 4372.31
26852, 4382.56
26860, 4372.31
26868, 4363.59
26877, 4368.21
26884, 4372.31
26891, 4370.77
26899, 4363.59
26907, 4363.59
26921, 4372.82
26924, 4370.26
26931, 4358.46
26939, 4361.03
26946, 4377.95
26954, 4374.87
26962, 4357.44
26970, 4366.15
26978, 4378.46
26986, 4366.67
26994, 4358.46
27002, 4366.67
27016, 4373.85
27017, 4370.77
27024, 4364.62
27034, 4361.03
27042, 4363.59
27048, 4374.87
27056, 4378.46
27064, 4361.54
27072, 4354.36
27079, 4364.1
27087, 4364.62
27096, 4356.92
27103, 4361.54
27110, 4373.85
27118, 4370.26
27126, 4363.59
27134, 4370.77
27143, 4377.95
27150, 4372.31
27157, 4366.67
27165, 4373.85
27174, 4375.38
27181, 4364.62
27190, 4365.13
27203, 4369.23
27205, 4358.46
27212, 4349.74
27220, 4360
27228, 4377.95
27236, 4378.46
27250, 4364.1
27251, 4364.1
27259, 4370.26
27267, 4367.18
27276, 4364.1
27282, 4362.05
27290, 4363.59
27299, 4365.64
27307, 4363.08
27320, 4365.13
27322, 4366.67
27329, 4363.08
27337, 4360.51
27347, 4364.62
27354, 4369.74
27361, 4369.74
27369, 4369.23
27378, 4370.26
27385, 4369.23
27392, 4364.1
27400, 4357.95
27408, 4362.56
27435, 4367.69
27445, 4364.62
27448, 4368.21
27453, 4370.26
27453, 4364.1
27455, 4366.15
27463, 4368.21
27470, 4363.59
27485, 4360.51
27486, 4360.51
27494, 4361.03
27508, 4363.59
27509, 4370.26
27537, 4372.31
27539, 4373.85
27539, 4372.31
27542, 4363.08
27549, 4367.18
27556, 4377.44
27565, 4371.79
27573, 4364.62
27581, 4365.13, estimuli
27588, 4367.18
27597, 4365.64
27603, 4371.79
27613, 4378.46
27619, 4364.1
27627, 4356.41
27634, 4367.69
27642, 4372.82
27650, 4372.82
27658, 4373.33
27666, 4377.44
27674, 4375.38
27681, 4369.74
27690, 4392.31
27698, 4419.49
27705, 4389.74
27713, 4321.03
27729, 4289.23
27741, 4310.77
27742, 4353.33
27745, 4401.54
27753, 4443.59
27760, 4436.41
27768, 4380.51
27775, 4327.18
27784, 4296.92
27791, 4307.69
27801, 4357.95
27807, 4413.33
27814, 4441.54
27823, 4428.72
27843, 4387.18
27845, 4333.33
27846, 4293.33
27854, 4302.05
27861, 4362.05
27869, 4425.13
27877, 4447.69
27885, 4433.85
27893, 4388.21
27900, 4323.08
27909, 4294.87
27916, 4318.46
27925, 4356.92
27932, 4410.26
27946, 4450.26
27948, 4430.77
27955, 4372.82
27963, 4320
27971, 4294.87
27979, 4305.13
27987, 4350.26
27995, 4408.72
28003, 4442.56
28010, 4433.33
28018, 4377.44
28033, 4311.79
28033, 4288.72
28048, 4310.77
28049, 4357.44
28057, 4412.31
28065, 4449.23
28073, 4441.03
28080, 4386.15
28089, 4314.36
28096, 4275.9
28104, 4307.18
28113, 4369.23
28120, 4409.23
28128, 4436.41
28135, 4436.41
28149, 4381.54
28152, 4320.51
28160, 4300
28167, 4313.33
28174, 4347.69
28182, 4398.46
28190, 4446.15
28199, 4441.54
28206, 4378.97
28213, 4313.33
28222, 4289.23
28229, 4311.79
28237, 4360.51
28251, 4413.33
28253, 4446.15
28261, 4433.33
28269, 4387.18
28276, 4328.72
28285, 4285.64
28292, 4301.54
28300, 4360.51
28307, 4417.44
28315, 4442.56
28324, 4427.69
28331, 4380.51
28346, 4317.95
28347, 4287.69
28354, 4308.72
28362, 4354.87
28371, 4411.79
28378, 4449.23
28386, 4430.77
28393, 4371.28
28403, 4312.82
28409, 4290.26
28418, 4309.74
28425, 4361.54
28434, 4422.05
28442, 4451.28
28448, 4434.87
28456, 4381.03
28464, 4318.46
28478, 4296.41
28479, 4324.62
28488, 4369.23
28495, 4414.87
28509, 4443.08
28511, 4426.67
28520, 4372.82
28527, 4320.51
28534, 4298.46
28549, 4316.41
28550, 4368.21
28558, 4422.56
28567, 4446.15
28580, 4433.33
28582, 4380
28590, 4313.85
28598, 4287.69
28612, 4319.49
28613, 4371.28
28620, 4411.79
28628, 4443.08
28636, 4432.31
28666, 4369.23
28668, 4320.51
28669, 4304.62
28670, 4312.31
28677, 4364.1
28683, 4422.56
28691, 4416.41
28698, 4372.82
28712, 4363.08
28715, 4373.33
28722, 4373.33
28730, 4373.85
28738, 4367.69
28752, 4362.56
28759, 4368.21
28761, 4365.13
28769, 4368.21
28777, 4376.41
28784, 4369.74
28792, 4365.13
28800, 4364.1
28815, 4356.41
28816, 4354.36
28825, 4360.51
28831, 4365.64
28839, 4366.67
28847, 4367.18
28863, 4364.62
28863, 4358.97
28870, 4361.03
28879, 4367.18
28886, 4374.36
28894, 4377.44
28902, 4367.18
28912, 4358.46
28917, 4363.59
28925, 4374.87
28933, 4371.79
28941, 4363.08
28949, 4371.79
28976, 4374.87
28978, 4363.59
28978, 4366.67
28980, 4377.95
28994, 4374.87
28997, 4364.62
29003, 4364.62
29012, 4371.28
29021, 4367.18
29027, 4360.51
29035, 4365.13
29043, 4368.21
29057, 4368.21
29071, 4367.18
29073, 4366.67
29074, 4365.13
29082, 4370.26
29090, 4373.85
29098, 4365.64
29105, 4368.21
29114, 4377.44
29122, 4369.23
29130, 4362.56
29136, 4367.69
29144, 4372.31
29152, 4379.49
29161, 4375.9
29174, 4369.74
29177, 4372.82
29183, 4369.23
29192, 4368.21
29199, 4370.77
29207, 4364.1
29215, 4364.1
29224, 4374.87
29231, 4375.38
29238, 4365.13
29246, 4368.21
29254, 4373.85
29262, 4366.15
29277, 4364.1
29278, 4370.26
29286, 4375.9
29299, 4381.03
29301, 4372.82
29309, 4364.62
29316, 4370.77
29325, 4372.31
29332, 4367.18
29340, 4366.15
29348, 4374.36
29356, 4376.92
29370, 4367.69
29378, 4370.26
29379, 4374.87
29387, 4368.72
29401, 4365.13
29404, 4363.08
29410, 4365.13
29418, 4368.72
29426, 4363.08
29435, 4355.9
29443, 4363.59
29449, 4376.41
29463, 4368.21
29466, 4356.41
29473, 4362.56
29481, 4371.79
29488, 4374.36
29496, 4369.74
29504, 4367.18
29512, 4368.72
29520, 4363.59
29528, 4364.62
29535, 4373.33
29543, 4372.31
29552, 4368.72
29559, 4368.21
29568, 4368.21
29576, 4367.18
29582, 4366.15, estimuli
29590, 4366.15
29604, 4367.69
29606, 4372.82
29614, 4373.33
29621, 4363.08
29629, 4363.08
29638, 4374.87
29646, 4373.33
29659, 4361.03
29662, 4362.56
29676, 4375.38
29676, 4370.77
29684, 4374.36
29692, 4414.87
29706, 4425.13
29708, 4353.85
29715, 4284.1
29724, 4291.28
29737, 4333.85
29739, 4371.28
29747, 4422.05
29761, 4456.41
29762, 4416.41
29788, 4347.69
29791, 4312.31
29791, 4306.67
29794, 4326.67
29808, 4375.38
29811, 4436.41
29818, 4451.79
29825, 4406.15
29841, 4351.28
29841, 4300
29849, 4288.72
29863, 4333.85
29864, 4386.15
29891, 4428.21
29893, 4448.72
29893, 4417.95
29895, 4352.82
29903, 4307.18
29911, 4301.54
29919, 4325.13
29927, 4382.56
29942, 4442.05
29943, 4446.67
29950, 4400.51
29964, 4353.85
29966, 4320.51
29974, 4293.85
29988, 4316.92
29989, 4391.28
29998, 4437.95
30005, 4440.51
30013, 4418.97
30021, 4353.85
30028, 4289.74
30042, 4289.23
30045, 4334.87
30052, 4386.15
30061, 4427.69
30067, 4448.21
30082, 4426.15
30085, 4355.9
30092, 4292.82
30099, 4301.03
30108, 4356.92
30114, 4393.33
30123, 4420
30130, 4448.72
30138, 4425.13
30147, 4357.95
30154, 4307.18
30161, 4300.51
30170, 4344.62
30177, 4397.95
30192, 4430.26
30193, 4447.18
30200, 4421.54
30208, 4349.74
30217, 4301.54
30226, 4306.15
30232, 4336.92
30240, 4384.62
30248, 4444.62
30255, 4461.54
30263, 4406.67
30271, 4338.97
30279, 4309.23
30286, 4305.13
30301, 4323.08
30303, 4381.03
30310, 4449.23
30318, 4452.82
30327, 4397.95
30333, 4348.72
30341, 4313.85
30349, 4302.56
30357, 4328.72
30365, 4387.69
30373, 4447.18
30381, 4452.31
30397, 4406.15
30399, 4345.64
30404, 4301.03
30412, 4297.44
30419, 4334.87
30427, 4390.26
30435, 4438.46
30443, 4448.72
30451, 4409.74
30459, 4344.1
30468, 4300
30479, 4300
30483, 4335.38
30490, 4391.79
30504, 4434.87
30506, 4446.15
30513, 4421.03
30526, 4356.92
30529, 4303.59
30538, 4298.97
30545, 4332.31
30552, 4389.23
30560, 4442.05
30568, 4452.31
30577, 4414.36
30584, 4347.69
30592, 4295.38
30599, 4297.95
30607, 4344.1
30615, 4392.82
30623, 4434.87
30631, 4455.38
30639, 4416.41
30647, 4347.69
30654, 4310.26
30662, 4306.15
30670, 4333.85
30678, 4391.79
30685, 4428.21
30693, 4406.15
30701, 4373.33
30709, 4378.46
30717, 4388.72
30725, 4377.95
30732, 4370.26
30740, 4370.26
30748, 4375.38
30756, 4377.44
30764, 4371.28
30771, 4373.85
30787, 4378.46
30787, 4383.59
30801, 4384.1
30803, 4370.26
30811, 4365.64
30819, 4372.82
30827, 4374.87
30834, 4375.9
30842, 4373.85
30850, 4373.85
30857, 4374.87
30865, 4370.77
30873, 4362.05
30885, 4367.69
30889, 4380.51
30905, 4373.33
30908, 4365.13
30912, 4375.38
30920, 4377.44
30929, 4369.74
30937, 4367.18
30944, 4368.72
30951, 4374.87
30960, 4377.44
30967, 4375.38
30975, 4380.51
30989, 4385.13
30990, 4377.95
31005, 4373.85
31007, 4383.59
31015, 4382.56
31022, 4372.31
31030, 4377.44
31037, 4383.08
31045, 4374.87
31053, 4370.77
31067, 4371.28
31069, 4372.31
31077, 4368.72
31084, 4362.56
31092, 4365.13
31100, 4373.85
31108, 4378.97
31116, 4378.46
31123, 4376.92
31131, 4380
31139, 4374.36
31147, 4370.77
31155, 4378.97
31164, 4381.03
31170, 4375.38
31178, 4367.69
31186, 4364.62
31194, 4368.21
31202, 4371.28
31209, 4380
31217, 4383.08
31225, 4377.95
31233, 4378.97
31241, 4378.97
31250, 4375.9
31257, 4376.41
31264, 4373.85
31272, 4369.74
31280, 4371.79
31288, 4379.49
31295, 4381.54
31303, 4377.44
31311, 4376.92
31320, 4383.59
31327, 4391.28
31336, 4376.92
31342, 4357.95
31351, 4368.21
31358, 4377.44
31366, 4368.72
31375, 4370.77
31381, 4377.95
31390, 4380.51
31397, 4381.54
31405, 4379.49
31413, 4377.44
31422, 4375.9
31428, 4377.95
31436, 4380
31444, 4382.05
31452, 4382.05
31461, 4369.74
31467, 4368.72
31475, 4380
31483, 4370.77
31491, 4362.05
31499, 4374.87
31507, 4380.51
31514, 4370.77
31522, 4370.26
31530, 4374.87
31538, 4367.69
31546, 4365.64
31553, 4367.18
31561, 4360.51
31569, 4367.18
31578, 4382.05
31586, 4378.97, estimuli
31593, 4372.82
31600, 4380
31608, 4376.92
31616, 4363.59
31625, 4366.67
31633, 4375.9
31641, 4370.77
31647, 4368.21
31656, 4378.46
31663, 4383.59
31671, 4381.54
31679, 4369.23
31686, 4370.26
31694, 4404.62
31704, 4423.59
31710, 4386.67
31724, 4320.51
31727, 4292.82
31733, 4317.95
31741, 4358.46
31749, 4407.69
31757, 4446.15
31765, 4442.56
31772, 4397.44
31780, 4330.26
31788, 4296.92
31796, 4321.03
31811, 4364.1
31813, 4410.77
31827, 4451.28
31829, 4447.69
31835, 4389.23
31844, 4325.64
31851, 4297.44
31859, 4311.79
31867, 4361.03
31874, 4417.95
31882, 4446.67
31896, 4432.82
31898, 4389.74
31913, 4338.97
31913, 4296.41
31927, 4300
31930, 4365.13
31937, 4425.13
31945, 4439.49
31954, 4426.67
31960, 4383.59
31968, 4331.28
31976, 4302.05
31984, 4305.13
31991, 4351.28
32000, 4419.49
32007, 4457.95
32016, 4433.85
32023, 4378.46
32032, 4335.9
32038, 4306.15
32046, 4306.67
32058, 4350.77
32063, 4409.23
32071, 4448.72
32079, 4432.82
32090, 4373.33
32094, 4315.9
32101, 4292.82
32109, 4314.87
32123, 4357.44
32131, 4408.72
32134, 4455.38
32141, 4441.03
32148, 4375.38
32156, 4324.62
32165, 4304.1
32171, 4310.26
32180, 4351.28
32193, 4410.77
32195, 4447.69
32203, 4431.79
32211, 4379.49
32218, 4324.62
32227, 4296.41
32235, 4305.64
32242, 4350.77
32250, 4412.82
32258, 4444.1
32266, 4427.69
32278, 4382.56
32281, 4320.51
32295, 4283.08
32297, 4300
32304, 4356.41
32312, 4419.49
32320, 4447.69
32334, 4431.79
32337, 4387.69
32345, 4325.64
32351, 4282.05
32359, 4294.87
32367, 4356.92
32375, 4416.92
32383, 4442.56
32398, 4429.74
32398, 4375.9
32406, 4316.92
32414, 4291.28
32422, 4306.15
32431, 4358.46
32437, 4413.85
32445, 4443.59
32454, 4430.26
32461, 4373.33
32470, 4316.41
32478, 4290.77
32485, 4303.59
32498, 4351.79
32502, 4406.67
32508, 4443.08
32518, 4433.33
32525, 4371.79
32532, 4316.92
32557, 4300.51
32557, 4314.36
32559, 4351.79
32563, 4403.08
32570, 4437.44
32578, 4415.38
32586, 4362.05
32594, 4320.51
32602, 4299.49
32610, 4309.74
32617, 4350.26
32626, 4411.28
32634, 4450.26
32641, 4424.62
32650, 4371.79
32657, 4331.28
32664, 4300.51
32679, 4301.54
32680, 4356.92
32688, 4418.97
32697, 4410.77
32704, 4374.87
32712, 4377.44
32734, 4379.49
32736, 4364.62
32743, 4364.1
32750, 4373.85
32757, 4376.92
32765, 4371.28
32772, 4364.1
32781, 4364.1
32788, 4369.23
32791, 4375.9
32809, 4370.77
32809, 4364.1
32813, 4365.13
32821, 4362.56
32829, 4376.92
32837, 4388.21
32846, 4372.31
32853, 4367.69
32860, 4372.31
32868, 4366.67
32883, 4362.56
32885, 4370.26
32892, 4375.38
32899, 4365.13
32907, 4366.67
32915, 4375.38
32924, 4369.23
32937, 4364.1
32939, 4366.15
32959, 4372.82
32961, 4374.87
32962, 4368.72
32970, 4367.69
32984, 4367.18
32985, 4369.23
32993, 4372.31
33002, 4362.56
33009, 4360
33017, 4367.69
33024, 4371.28
33037, 4372.31
33049, 4370.26
33051, 4371.79
33056, 4370.77
33065, 4367.18
33071, 4374.87
33085, 4374.36
33088, 4367.18
33096, 4370.77
33103, 4375.9
33111, 4370.26
33118, 4363.59
33128, 4369.74
33140, 4375.9
33143, 4371.28
33163, 4371.28
33165, 4370.77
33167, 4362.56
33173, 4359.49
33181, 4363.59
33189, 4373.33
33197, 4366.15
33204, 4355.38
33212, 4366.67
33221, 4374.36
33234, 4373.33
33241, 4375.9
33245, 4376.92
33264, 4375.9
33265, 4371.79
33268, 4369.74
33275, 4368.72
33289, 4368.21
33290, 4370.77
33298, 4366.15
33308, 4368.72
33314, 4381.03
33323, 4379.49
33330, 4374.87
33346, 4376.92
33347, 4380
33366, 4381.54
33367, 4379.49
33369, 4378.46
33377, 4372.82
33384, 4372.31
33392, 4373.85
33401, 4362.05
33409, 4361.03
33416, 4376.92
33424, 4381.03
33431, 4373.85
33439, 4368.21
33447, 4370.77
33455, 4371.28
33469, 4369.74
33473, 4378.97
33478, 4377.44
33486, 4365.64
33494, 4366.67
33502, 4373.33
33511, 4372.31
33518, 4367.69
33525, 4366.15
33534, 4364.62
33542, 4362.05
33549, 4372.82
33563, 4384.62
33570, 4375.9
33572, 4362.05
33581, 4365.64
33589, 4379.49, estimuli
33596, 4381.03
33604, 4382.05
33611, 4389.23
33624, 4376.41
33628, 4363.59
33635, 4372.31
33644, 4381.03
33651, 4378.97
33658, 4365.13
33666, 4364.62
33674, 4379.49
33682, 4374.36
33692, 4377.44
33698, 4407.69
33705, 4423.08
33713, 4383.59
33722, 4321.03
33729, 4301.54
33737, 4312.82
33744, 4347.18
33752, 4417.44
33760, 4460.51
33768, 4436.41
33776, 4374.36
33785, 4322.05
33791, 4302.05
33799, 4313.33
33807, 4358.97
33815, 4419.49
33823, 4454.36
33831, 4436.41
33838, 4377.44
33846, 4327.69
33854, 4309.23
33863, 4317.95
33870, 4355.38
33879, 4411.28
33886, 4455.38
33894, 4438.46
33901, 4371.28
33909, 4321.54
33916, 4303.59
33924, 4311.79
33932, 4364.62
33941, 4425.13
33948, 4445.64
33956, 4433.85
33964, 4389.74
33974, 4323.59
33982, 4289.74
33987, 4311.28
33995, 4352.82
34004, 4408.21
34011, 4457.44
34018, 4435.9
34026, 4377.44
34034, 4334.87
34042, 4300.51
34049, 4304.1
34057, 4358.46
34067, 4421.54
34075, 4452.31
34084, 4437.95
34090, 4387.18
34096, 4324.62
34105, 4294.87
34113, 4311.28
34120, 4357.44
34129, 4415.9
34135, 4448.21
34144, 4429.23
34151, 4381.54
34161, 4327.69
34167, 4297.95
34181, 4309.74
34183, 4351.28
34191, 4410.77
34199, 4447.18
34206, 4432.31
34214, 4381.54
34223, 4324.62
34229, 4298.97
34237, 4313.85
34245, 4361.03
34253, 4422.05
34261, 4454.36
34275, 4434.36
34283, 4371.79
34286, 4316.41
34292, 4297.44
34300, 4310.26
34308, 4358.97
34317, 4420.51
34323, 4449.74
34331, 4428.21
34345, 4368.72
34349, 4317.95
34355, 4302.56
34369, 4321.54
34371, 4366.15
34384, 4417.44
34386, 4448.21
34394, 4434.36
34401, 4376.92
34410, 4317.44
34417, 4293.33
34425, 4315.38
34433, 4364.1
34442, 4416.41
34448, 4453.85
34457, 4436.41
34472, 4373.85
34475, 4320
34480, 4297.44
34487, 4314.36
34495, 4364.1
34512, 4421.03
34512, 4449.23
34519, 4428.21
34527, 4375.9
34537, 4322.05
34543, 4298.97
34550, 4321.54
34558, 4366.15
34566, 4423.59
34574, 4462.56
34582, 4436.41
34589, 4372.82
34598, 4320.51
34605, 4302.56
34613, 4320.51
34622, 4358.46
34629, 4417.95
34637, 4458.46
34644, 4432.82
34680, 4371.28
34683, 4324.1
34683, 4305.13
34683, 4315.9
34684, 4364.62
34693, 4414.36
34699, 4408.21
34707, 4372.31
34715, 4362.05
34723, 4377.44
34731, 4385.64
34739, 4375.9
34746, 4374.87
34753, 4382.56
34761, 4382.56
34769, 4381.03
34778, 4378.97
34791, 4377.44
34799, 4374.36
34800, 4368.21
34808, 4370.77
34817, 4370.26
34824, 4362.56
34833, 4362.56
34844, 4365.64
34849, 4369.74
34859, 4369.23
34863, 4363.59
34872, 4365.64
34879, 4370.77
34895, 4373.33
34898, 4371.28
34903, 4368.72
34914, 4372.31
34918, 4365.64
34926, 4361.54
34933, 4368.72
34941, 4368.21
34955, 4363.59
34958, 4364.62
34966, 4371.79
34973, 4372.31
34994, 4366.67
34995, 4371.79
34996, 4369.23
35005, 4367.69
35012, 4377.44
35020, 4372.82
35028, 4365.13
35035, 4364.1
35043, 4365.64
35057, 4373.85
35059, 4376.92
35066, 4373.85
35074, 4367.18
35082, 4360
35095, 4357.95
35115, 4358.97
35115, 4369.74
35116, 4375.9
35121, 4367.18
35130, 4365.64
35137, 4366.67
35146, 4361.54
35159, 4365.64
35162, 4369.23
35168, 4367.69
35176, 4369.23
35190, 4374.36
35193, 4371.79
35199, 4361.54
35208, 4363.59
35215, 4369.23
35223, 4368.72
35237, 4373.85
35239, 4375.9
35246, 4373.85
35255, 4367.18
35262, 4361.03
35270, 4365.64
35278, 4369.74
35286, 4368.72
35294, 4363.08
35301, 4360
35309, 4367.18
35318, 4369.74
35325, 4367.69
35333, 4366.67
35340, 4366.15
35349, 4373.33
35356, 4375.38
35364, 4371.79
35372, 4374.36
35379, 4376.41
35393, 4379.49
35395, 4377.95
35403, 4366.15
35417, 4364.62
35419, 4369.23
35426, 4367.69
35440, 4364.1
35442, 4369.74
35450, 4374.87
35458, 4365.13
35465, 4363.59
35473, 4370.26
35481, 4369.23
35495, 4371.79
35497, 4372.31
35508, 4375.38
35512, 4378.46
35521, 4371.28
35531, 4371.79
35536, 4370.77
35550, 4362.05
35552, 4363.59
35559, 4372.31
35567, 4372.82
35576, 4366.67
35583, 4371.79
35595, 4378.97, estimuli
35599, 4367.18
35619, 4358.46
35620, 4362.56
35623, 4365.64
35630, 4373.33
35640, 4379.49
35646, 4380.51
35653, 4379.49
35662, 4374.36
35669, 4373.85
35677, 4375.38
35685, 4376.92
35692, 4375.38
35700, 4388.72
35708, 4418.46
35723, 4405.64
35725, 4347.69
35732, 4304.1
35739, 4293.33
35747, 4320.51
35756, 4387.18
35763, 4446.67
35771, 4452.31
35778, 4411.79
35788, 4362.56
35794, 4315.38
35802, 4291.79
35816, 4328.72
35823, 4394.36
35825, 4439.49
35834, 4447.18
35841, 4411.28
35850, 4348.72
35857, 4300.51
35864, 4300
35872, 4338.97
35880, 4391.28
35888, 4439.49
35897, 4446.15
35910, 4406.15
35912, 4350.77
35926, 4305.13
35929, 4294.87
35936, 4327.69
35943, 4390.77
35950, 4443.08
35958, 4445.64
35966, 4407.18
35975, 4349.74
35982, 4305.13
35990, 4306.15
35997, 4342.05
36007, 4394.87
36020, 4437.95
36022, 4437.95
36029, 4402.56
36036, 4354.87
36044, 4312.82
36052, 4298.97
36060, 4330.77
36068, 4397.44
36083, 4445.13
36084, 4444.1
36091, 4406.67
36099, 4346.15
36113, 4300
36115, 4297.44
36124, 4331.28
36130, 4393.33
36138, 4448.21
36146, 4450.77
36160, 4400.51
36164, 4348.72
36169, 4314.87
36182, 4300
36185, 4334.36
36193, 4400.51
36201, 4446.15
36209, 4450.26
36216, 4405.13
36225, 4344.1
36233, 4308.21
36241, 4301.03
36248, 4330.77
36256, 4392.31
36263, 4448.72
36271, 4454.87
36279, 4407.18
36287, 4347.69
36295, 4300.51
36302, 4297.95
36310, 4346.67
36320, 4401.54
36326, 4442.56
36336, 4450.77
36344, 4411.79
36350, 4353.85
36358, 4307.18
36369, 4300
36373, 4340.51
36387, 4401.03
36389, 4448.72
36396, 4448.72
36404, 4405.13
36418, 4354.36
36420, 4311.79
36434, 4296.41
36435, 4328.21
36444, 4395.38
36451, 4447.69
36465, 4445.13
36467, 4403.08
36475, 4342.56
36482, 4295.9
36490, 4294.36
36499, 4334.36
36506, 4402.56
36514, 4453.33
36523, 4448.72
36529, 4406.67
36537, 4344.62
36545, 4300
36553, 4303.08
36568, 4341.54
36570, 4398.46
36576, 4444.62
36585, 4449.74
36592, 4409.23
36601, 4352.82
36609, 4311.79
36622, 4301.54
36624, 4338.97
36631, 4400.51
36645, 4440
36647, 4446.15
36654, 4409.74
36668, 4349.74
36670, 4309.74
36678, 4300
36686, 4335.38
36694, 4403.59
36701, 4429.23
36709, 4395.38
36717, 4368.72
36725, 4378.97
36741, 4378.46
36744, 4366.15
36750, 4371.28
36758, 4368.72
36765, 4364.62
36775, 4373.33
36781, 4375.38
36789, 4375.9
36795, 4372.82
36803, 4369.23
36811, 4372.82
36819, 4378.97
36828, 4383.08
36836, 4374.36
36846, 4366.67
36851, 4373.85
36858, 4376.41
36866, 4375.38
36877, 4375.9
36881, 4373.33
36889, 4368.72
36897, 4364.62
36905, 4371.28
36914, 4380
36921, 4376.41
36929, 4371.28
36943, 4370.26
36950, 4371.28
36952, 4375.9
36961, 4378.46
36967, 4382.56
36982, 4377.44
36983, 4372.82
36992, 4380.51
37000, 4382.05
37007, 4379.49
37015, 4377.95
37022, 4380
37030, 4382.05
37039, 4375.9
37053, 4370.77
37054, 4367.18
37061, 4368.72
37069, 4369.23
37077, 4362.05
37085, 4361.03
37093, 4366.67
37101, 4373.33
37108, 4380.51
37117, 4374.87
37124, 4368.21
37132, 4376.41
37141, 4377.95
37154, 4372.31
37156, 4372.82
37163, 4376.41
37171, 4375.38
37179, 4371.79
37186, 4372.82
37195, 4368.72
37202, 4370.26
37212, 4375.9
37219, 4373.85
37226, 4380.51
37233, 4382.05
37241, 4369.74
37249, 4369.23
37257, 4375.38
37265, 4376.92
37273, 4377.44
37286, 4376.92
37289, 4378.97
37296, 4375.38
37304, 4367.69
37312, 4368.21
37320, 4369.74
37327, 4370.77
37343, 4371.28
37343, 4371.28
37351, 4370.26
37360, 4371.28
37366, 4376.41
37374, 4372.82
37388, 4369.74
37390, 4376.41
37399, 4375.38
37412, 4372.82
37416, 4372.31
37421, 4375.38
37430, 4388.72
37444, 4389.23
37446, 4374.87
37453, 4366.15
37461, 4371.28
37468, 4375.9
37477, 4365.64
37484, 4365.64
37492, 4378.46
37499, 4375.9
37514, 4372.31
37515, 4376.92
37523, 4377.44
37531, 4372.82
37539, 4368.21
37565, 4369.74
37566, 4368.72
37568, 4375.38
37571, 4381.03
37578, 4370.26
37587, 4372.82
37593, 4381.03, estimuli
37601, 4375.38
37615, 4374.36
37617, 4377.44
37625, 4377.95
37632, 4377.95
37647, 4375.38
37648, 4374.36
37663, 4370.77
37665, 4370.77
37673, 4373.85
37679, 4374.87
37692, 4370.77
37695, 4367.69
37709, 4396.92
37720, 4423.59
37720, 4386.67
37726, 4322.05
37734, 4293.33
37748, 4313.33
37750, 4363.08
37767, 4414.87
37774, 4447.18
37783, 4435.38
37784, 4381.03
37797, 4329.74
37797, 4300.51
37805, 4311.28
37812, 4360.51
37821, 4412.31
37828, 4447.18
37836, 4446.67
37845, 4395.9
37852, 4316.92
37868, 4279.49
37880, 4311.28
37881, 4360.51
37884, 4413.85
37897, 4456.41
37899, 4440
37908, 4381.54
37915, 4325.64
37923, 4295.9
37931, 4308.72
37939, 4353.33
37945, 4409.74
37953, 4442.05
37962, 4430.77
37975, 4385.13
37977, 4324.1
37986, 4297.44
37992, 4319.49
38000, 4366.67
38009, 4421.03
38016, 4449.74
38024, 4434.36
38031, 4388.72
38039, 4335.9
38047, 4304.62
38055, 4311.28
38063, 4358.46
38072, 4418.97
38078, 4454.36
38087, 4442.05
38094, 4388.72
38102, 4327.69
38111, 4294.87
38117, 4304.1
38126, 4356.41
38133, 4420
38141, 4452.82
38149, 4438.97
38158, 4387.69
38164, 4328.72
38179, 4291.79
38180, 4305.64
38188, 4368.72
38196, 4423.08
38205, 4447.69
38211, 4444.62
38219, 4394.36
38228, 4323.08
38237, 4294.36
38245, 4326.15
38250, 4373.85
38258, 4416.92
38272, 4457.95
38280, 4448.21
38282, 4383.59
38290, 4328.21
38299, 4302.56
38305, 4306.67
38313, 4352.82
38321, 4422.56
38329, 4458.46
38336, 4429.74
38344, 4375.38
38352, 4323.59
38360, 4296.92
38368, 4321.03
38376, 4372.31
38383, 4425.13
38391, 4457.44
38399, 4440
38407, 4383.08
38415, 4324.62
38423, 4296.41
38430, 4308.21
38439, 4364.1
38446, 4438.97
38454, 4467.18
38462, 4433.33
38470, 4376.92
38477, 4323.59
38485, 4303.08
38493, 4323.08
38501, 4373.33
38515, 4432.31
38517, 4453.85
38524, 4434.36
38533, 4387.69
38547, 4328.21
38549, 4304.62
38556, 4328.21
38564, 4375.9
38578, 4428.21
38580, 4454.87
38588, 4436.92
38595, 4386.15
38602, 4326.15
38616, 4288.72
38618, 4310.26
38626, 4374.87
38635, 4424.1
38642, 4452.82
38649, 4449.74
38658, 4388.21
38665, 4317.44
38673, 4288.72
38695, 4310.26
38696, 4373.33
38697, 4422.56
38704, 4416.92
38712, 4385.64
38738, 4377.95
38740, 4384.62
38741, 4380.51
38743, 4376.41
38751, 4373.85
38759, 4372.82
38773, 4385.13
38775, 4384.1
38795, 4374.36
38798, 4379.49
38799, 4378.46
38806, 4368.21
38814, 4365.64
38821, 4374.87
38829, 4380.51
38843, 4374.36
38845, 4376.41
38853, 4378.97
38861, 4371.79
38875, 4367.69
38877, 4371.79
38898, 4375.9
38898, 4378.97
38900, 4380.51
38908, 4377.95
38922, 4369.74
38925, 4370.77
38931, 4373.85
38945, 4371.79
38949, 4373.85
38956, 4368.21
38962, 4374.36
38976, 4383.59
38979, 4369.23
38993, 4367.18
38994, 4377.95
39002, 4374.36
39009, 4369.23
39018, 4374.87
39025, 4378.97
39035, 4371.28
39041, 4368.72
39049, 4376.92
39056, 4383.59
39064, 4386.15
39075, 4373.85
39086, 4363.59
39088, 4375.9
39104, 4380
39106, 4374.87
39111, 4377.44
39119, 4375.9
39127, 4372.82
39134, 4372.82
39143, 4375.9
39150, 4380
39159, 4380.51
39166, 4379.49
39175, 4375.38
39181, 4375.38
39190, 4380.51
39199, 4377.44
39206, 4376.92
39213, 4376.41
39220, 4374.36
39228, 4378.97
39237, 4381.03
39244, 4377.44
39252, 4376.41
39260, 4381.54
39267, 4383.08
39275, 4372.82
39283, 4369.74
39291, 4376.41
39305, 4377.44
39307, 4377.44
39314, 4374.87
39322, 4376.41
39330, 4382.56
39338, 4380
39346, 4376.92
39354, 4374.87
39361, 4374.36
39369, 4378.46
39377, 4381.54
39385, 4383.08
39405, 4378.46
39407, 4375.9
39408, 4377.95
39416, 4370.77
39425, 4367.69
39432, 4371.79
39440, 4375.38
39447, 4377.44
39455, 4376.41
39463, 4378.46
39471, 4373.33
39480, 4368.72
39486, 4378.46
39501, 4374.36
39508, 4363.59
39511, 4368.21
39518, 4374.36
39526, 4377.44
39535, 4379.49
39541, 4381.03
39549, 4388.21
39557, 4386.15
39566, 4371.79
39573, 4367.18
39580, 4376.92
39588, 4379.49
39596, 4374.36, estimuli
39604, 4376.92
39613, 4375.9
39619, 4368.21
39629, 4369.74
39638, 4377.95
39645, 4384.1
39651, 4381.54
39659, 4378.46
39666, 4382.05
39674, 4377.44
39683, 4377.44
39690, 4381.54
39698, 4375.9
39712, 4396.41
39714, 4422.56
39721, 4392.82
39731, 4329.74
39743, 4301.03
39746, 4319.49
39753, 4363.08
39761, 4426.67
39768, 4467.18
39776, 4442.56
39784, 4388.72
39794, 4339.49
39800, 4302.05
39808, 4310.77
39816, 4361.03
39823, 4420
39831, 4455.9
39845, 4444.62
39847, 4392.31
39854, 4325.64
39868, 4295.9
39870, 4316.92
39878, 4362.05
39885, 4412.31
39899, 4445.64
39901, 4436.41
39916, 4386.67
39918, 4328.21
39926, 4298.46
39932, 4314.87
39946, 4365.64
39949, 4422.56
39956, 4452.31
39970, 4444.1
39972, 4390.26
39979, 4323.08
39987, 4300.51
40001, 4320.51
40004, 4366.67
40017, 4418.97
40019, 4450.26
40026, 4441.54
40034, 4382.56
40042, 4324.1
40050, 4302.05
40058, 4312.31
40070, 4362.56
40080, 4424.1
40082, 4455.38
40089, 4437.95
40097, 4382.05
40104, 4330.26
40125, 4308.72
40126, 4325.64
40128, 4374.87
40136, 4431.79
40145, 4467.69
40151, 4452.31
40160, 4394.87
40173, 4343.08
40175, 4315.9
40183, 4318.97
40191, 4368.72
40198, 4442.56
40206, 4474.36
40226, 4442.56
40228, 4388.21
40231, 4333.85
40239, 4301.03
40246, 4320
40253, 4367.69
40261, 4425.13
40269, 4463.59
40277, 4443.59
40284, 4395.9
40292, 4341.03
40300, 4300
40308, 4314.87
40316, 4368.72
40331, 4424.62
40332, 4453.85
40340, 4439.49
40347, 4390.77
40355, 4333.33
40363, 4301.54
40370, 4316.92
40378, 4375.38
40386, 4435.9
40394, 4459.49
40402, 4439.49
40410, 4383.59
40418, 4320
40425, 4297.44
40433, 4322.56
40441, 4371.28
40449, 4424.1
40456, 4452.31
40465, 4438.46
40472, 4381.03
40480, 4323.59
40488, 4312.31
40496, 4333.33
40503, 4373.33
40512, 4418.46
40520, 4446.15
40533, 4437.95
40536, 4384.62
40542, 4320
40550, 4291.79
40558, 4315.9
40566, 4369.23
40574, 4420.51
40583, 4452.31
40589, 4435.38
40598, 4373.33
40605, 4316.92
40613, 4294.36
40621, 4310.26
40635, 4358.46
40639, 4409.74
40646, 4439.49
40653, 4429.23
40666, 4378.46
40668, 4320.51
40675, 4287.69
40683, 4301.03
40691, 4358.46
40699, 4416.41
40707, 4414.36
40715, 4372.31
40723, 4367.69
40737, 4381.03
40739, 4369.23
40746, 4361.54
40754, 4365.64
40762, 4371.28
40769, 4374.36
40777, 4365.64
40785, 4362.56
40794, 4365.13
40801, 4363.59
40808, 4361.54
40817, 4357.44
40825, 4358.46
40839, 4365.13
40840, 4370.77
40848, 4366.15
40855, 4356.41
40863, 4364.62
40871, 4370.77
40879, 4367.18
40888, 4370.77
40894, 4374.87
40902, 4375.38
40910, 4365.13
40918, 4353.33
40927, 4362.05
40940, 4364.62
40941, 4353.33
40949, 4356.41
40957, 4367.18
40971, 4366.67
40973, 4360.51
40981, 4361.54
40988, 4366.15
40997, 4362.05
41004, 4360.51
41012, 4364.1
41027, 4366.15
41027, 4365.64
41037, 4363.08
41043, 4364.1
41054, 4365.64
41059, 4367.18
41073, 4369.74
41076, 4369.23
41082, 4366.67
41091, 4360
41098, 4362.56
41106, 4371.79
41114, 4360.51
41128, 4350.26
41130, 4359.49
41137, 4361.03
41145, 4358.97
41153, 4362.56
41160, 4364.62
41176, 4362.56
41176, 4356.92
41184, 4358.46
41193, 4362.56
41200, 4361.03
41207, 4360
41215, 4363.59
41230, 4369.23
41232, 4367.18
41240, 4369.74
41253, 4372.31
41255, 4360
41262, 4358.46
41270, 4370.77
41278, 4371.79
41287, 4364.1
41301, 4364.62
41302, 4372.31
41309, 4369.74
41317, 4357.95
41325, 4359.49
41333, 4366.15
41340, 4366.67
41349, 4363.59
41362, 4361.03
41365, 4368.72
41372, 4373.85
41379, 4365.64
41387, 4365.13
41401, 4370.77
41403, 4368.72
41411, 4368.21
41419, 4373.33
41426, 4368.21
41436, 4358.46
41444, 4362.05
41453, 4366.67
41458, 4363.08
41465, 4364.62
41473, 4362.56
41481, 4365.64
41489, 4370.26
41497, 4364.62
41505, 4370.77
41512, 4375.9
41521, 4364.62
41528, 4358.97
41536, 4361.03
41545, 4364.1
41558, 4365.13
41560, 4368.21
41568, 4366.15
41575, 4360
41584, 4364.1
41591, 4367.18
41598, 4365.64, estimuli
41606, 4366.15
41621, 4357.44
41622, 4354.36
41630, 4363.59
41638, 4367.69
41645, 4366.67
41659, 4361.03
41661, 4354.87
41669, 4358.97
41678, 4367.18
41686, 4368.21
41693, 4358.97
41700, 4371.28
41708, 4411.79
41716, 4416.41
41724, 4356.41
41731, 4290.26
41739, 4280.51
41747, 4320.51
41755, 4375.38
41763, 4430.77
41771, 4447.69
41778, 4411.28
41792, 4357.95
41795, 4307.18
41802, 4282.05
41810, 4308.21
41817, 4369.23
41826, 4423.59
41833, 4438.97
41841, 4413.33
41849, 4355.38
41865, 4298.97
41865, 4290.77
41872, 4319.49
41880, 4368.72
41890, 4427.18
41896, 4448.21
41904, 4412.82
41911, 4352.82
41919, 4308.72
41927, 4296.41
41935, 4321.03
41944, 4378.97
41950, 4435.9
41964, 4448.21
41966, 4403.59
41974, 4338.46
41982, 4301.03
41996, 4295.38
41997, 4320
42005, 4381.54
42013, 4435.9
42021, 4445.13
42029, 4411.28
42037, 4352.31
42044, 4305.64
42053, 4291.79
42068, 4321.03
42068, 4380
42076, 4427.18
42084, 4442.05
42092, 4410.77
42101, 4349.23
42107, 4301.54
42116, 4298.97
42122, 4333.85
42130, 4382.56
42138, 4434.36
42146, 4453.33
42154, 4412.82
42168, 4348.72
42170, 4302.05
42177, 4292.31
42185, 4324.62
42199, 4383.08
42201, 4434.87
42209, 4444.62
42216, 4409.23
42224, 4353.85
42232, 4301.03
42240, 4286.67
42254, 4324.62
42256, 4379.49
42263, 4430.26
42271, 4447.18
42279, 4412.31
42287, 4352.82
42296, 4304.62
42302, 4298.97
42311, 4329.23
42319, 4376.92
42327, 4436.41
42334, 4450.77
42342, 4400.51
42349, 4340.51
42357, 4307.69
42379, 4300
42380, 4316.41
42381, 4372.82
42388, 4432.82
42396, 4442.56
42405, 4406.67
42412, 4348.21
42421, 4297.44
42428, 4287.69
42435, 4323.08
42443, 4384.1
42459, 4435.38
42459, 4441.03
42471, 4402.05
42475, 4347.18
42484, 4303.59
42491, 4288.21
42500, 4320.51
42506, 4385.13
42521, 4433.33
42522, 4439.49
42529, 4403.59
42537, 4347.18
42551, 4304.62
42553, 4293.85
42561, 4324.1
42575, 4383.59
42578, 4436.92
42585, 4451.79
42593, 4410.77
42600, 4346.15
42607, 4301.54
42616, 4292.31
42625, 4326.67
42634, 4382.56
42639, 4430.26
42647, 4447.18
42654, 4410.26
42662, 4350.77
42679, 4310.26
42680, 4299.49
42686, 4327.18
42695, 4385.13
42702, 4418.46
42710, 4396.92
42717, 4373.33
42725, 4377.44
42733, 4370.77
42747, 4363.08
42749, 4377.44
42756, 4384.62
42771, 4374.87
42773, 4365.64
42780, 4366.15
42792, 4371.28
42796, 4372.31
42803, 4374.36
42811, 4367.18
42819, 4361.54
42843, 4367.18
42845, 4370.26
42845, 4372.82
42850, 4371.28
42871, 4372.31
42872, 4382.05
42874, 4374.36
42888, 4367.18
42892, 4371.28
42898, 4369.74
42921, 4368.21
42921, 4371.28
42924, 4372.31
42928, 4368.72
42936, 4366.67
42945, 4368.72
42952, 4372.82
42961, 4381.03
42967, 4378.46
42975, 4364.1
42985, 4365.13
42992, 4370.26
43000, 4367.18
43007, 4370.77
43015, 4370.26
43029, 4368.21
43030, 4370.77
43038, 4371.28
43046, 4369.74
43053, 4370.26
43061, 4375.38
43069, 4375.38
43078, 4371.28
43085, 4372.31
43093, 4368.21
43101, 4365.13
43108, 4375.38
43122, 4376.92
43124, 4366.15
43133, 4365.13
43140, 4375.9
43149, 4376.41
43155, 4367.69
43163, 4371.79
43172, 4379.49
43179, 4372.31
43193, 4361.54
43194, 4360
43203, 4369.74
43211, 4372.82
43224, 4367.69
43226, 4369.23
43234, 4373.85
43241, 4374.87
43249, 4371.28
43257, 4370.77
43265, 4378.46
43275, 4378.97
43281, 4373.85
43294, 4377.44
43297, 4375.38
43305, 4375.38
43312, 4377.44
43325, 4367.18
43328, 4368.21
43336, 4377.95
43343, 4375.38
43351, 4366.67
43359, 4364.62
43366, 4376.41
43375, 4379.49
43382, 4367.69
43397, 4369.23
43398, 4380
43405, 4376.92
43414, 4368.72
43421, 4372.82
43433, 4377.44
43437, 4372.82
43445, 4372.82
43452, 4373.33
43461, 4373.33
43468, 4374.87
43482, 4378.97
43484, 4385.13
43492, 4379.49
43499, 4373.85
43508, 4375.38
43516, 4377.95
43523, 4383.08
43531, 4377.44
43539, 4372.82
43548, 4377.95
43554, 4378.97
43562, 4385.64
43570, 4394.87
43584, 4394.87
43586, 4383.08
43593, 4372.82
43602, 4382.56, estimuli
43609, 4387.18
43617, 4378.97
43631, 4377.44
43633, 4379.49
43640, 4384.1
43655, 4385.64
43656, 4389.74
43664, 4391.79
43672, 4380.51
43679, 4380
43687, 4391.28
43696, 4383.08
43703, 4382.56
43712, 4414.36
43718, 4434.36
43726, 4398.97
43734, 4334.87
43742, 4303.08
43752, 4315.38
43759, 4357.95
43767, 4415.38
43773, 4452.31
43782, 4445.64
43789, 4392.31
43798, 4321.54
43812, 4284.1
43813, 4297.95
43820, 4347.18
43830, 4407.18
43836, 4448.21
43846, 4438.46
43852, 4383.59
43859, 4326.67
43867, 4290.77
43875, 4291.79
43883, 4342.56
43890, 4407.18
43898, 4446.15
43907, 4434.36
43914, 4377.95
43924, 4326.67
43931, 4299.49
43937, 4305.13
43945, 4351.79
43953, 4411.28
43961, 4450.26
43970, 4442.56
43976, 4393.33
43984, 4338.46
43992, 4302.56
44000, 4310.77
44008, 4360
44016, 4417.44
44023, 4455.38
44031, 4446.15
44039, 4393.33
44047, 4335.38
44055, 4305.13
44065, 4316.41
44070, 4359.49
44078, 4417.95
44087, 4456.92
44096, 4441.54
44102, 4389.23
44109, 4333.33
44117, 4303.08
44126, 4316.41
44133, 4360
44141, 4418.97
44150, 4454.36
44156, 4435.38
44164, 4384.1
44172, 4335.38
44180, 4307.69
44188, 4314.87
44195, 4358.97
44203, 4419.49
44212, 4453.85
44219, 4438.97
44227, 4387.18
44235, 4329.23
44242, 4303.08
44251, 4319.49
44258, 4363.08
44267, 4419.49
44274, 4456.92
44281, 4442.56
44289, 4388.72
44298, 4333.85
44305, 4304.62
44314, 4314.87
44322, 4365.13
44328, 4421.03
44336, 4447.69
44344, 4437.95
44352, 4393.33
44360, 4338.46
44367, 4306.67
44375, 4317.44
44383, 4371.28
44391, 4427.69
44400, 4447.18
44407, 4427.69
44415, 4384.62
44423, 4335.9
44430, 4302.56
44439, 4313.33
44446, 4367.69
44453, 4424.62
44462, 4457.44
44470, 4447.18
44477, 4390.77
44485, 4326.67
44493, 4296.92
44500, 4313.85
44508, 4360.51
44517, 4421.54
44524, 4460.51
44532, 4440.51
44540, 4386.67
44547, 4338.46
44555, 4310.26
44564, 4320
44571, 4366.15
44580, 4426.67
44587, 4462.56
44594, 4440
44602, 4381.54
44611, 4329.74
44618, 4304.62
44625, 4316.41
44633, 4365.64
44641, 4431.79
44649, 4464.1
44657, 4436.41
44665, 4380
44672, 4328.72
44682, 4303.59
44688, 4315.9
44696, 4365.64
44705, 4416.41
44712, 4415.38
44719, 4383.59
44727, 4375.38
44735, 4382.56
44744, 4377.95
44752, 4372.31
44758, 4376.41
44766, 4379.49
44774, 4377.95
44782, 4377.44
44790, 4380
44799, 4378.97
44805, 4372.82
44813, 4368.72
44821, 4373.33
44829, 4377.44
44838, 4373.33
44845, 4371.79
44852, 4369.74
44862, 4367.69
44868, 4370.26
44876, 4371.79
44884, 4369.74
44892, 4369.74
44900, 4371.79
44907, 4370.26
44915, 4367.18
44924, 4370.77
44935, 4372.82
44938, 4371.79
44946, 4371.79
44954, 4373.85
44962, 4376.92
44970, 4376.41
44982, 4375.38
44986, 4381.03
44993, 4381.54
45001, 4373.85
45009, 4370.77
45017, 4374.36
45024, 4377.44
45038, 4375.38
45040, 4374.87
45049, 4376.41
45056, 4374.36
45063, 4374.36
45071, 4374.87
45086, 4375.38
45088, 4375.38
45095, 4371.28
45103, 4371.79
45112, 4370.77
45120, 4367.18
45127, 4369.74
45140, 4370.77
45144, 4372.31
45150, 4372.82
45158, 4368.21
45165, 4368.21
45173, 4373.33
45182, 4374.36
45189, 4370.26
45196, 4370.26
45204, 4374.36
45212, 4372.31
45220, 4373.33
45228, 4378.46
45242, 4375.9
45243, 4372.82
45251, 4371.28
45259, 4372.82
45268, 4375.9
45275, 4375.38
45283, 4375.9
45291, 4374.36
45298, 4370.77
45306, 4368.72
45314, 4365.13
45322, 4366.15
45330, 4373.33
45342, 4375.38
45345, 4371.28
45355, 4368.72
45361, 4373.33
45369, 4372.82
45376, 4370.26
45384, 4375.38
45392, 4374.36
45400, 4371.28
45408, 4376.92
45415, 4379.49
45423, 4374.87
45431, 4367.18
45439, 4369.74
45447, 4376.41
45455, 4375.9
45463, 4377.95
45470, 4379.49
45478, 4375.38
45486, 4377.44
45494, 4378.46
45503, 4374.87
45510, 4373.85
45518, 4376.41
45532, 4374.87
45533, 4370.26
45541, 4370.26
45550, 4377.95
45557, 4378.46
45564, 4371.79
45572, 4365.64
45581, 4369.23
45588, 4374.36
45595, 4370.77
45604, 4368.72, estimuli
45612, 4377.44
45619, 4383.59
45627, 4375.9
45634, 4367.69
45642, 4373.85
45650, 4378.46
45658, 4376.92
45666, 4378.46
45675, 4374.87
45681, 4370.26
45689, 4372.31
45697, 4370.77
45705, 4383.08
45713, 4417.95
45721, 4426.67
45729, 4372.31
45736, 4310.77
45744, 4302.05
45753, 4329.74
45760, 4376.41
45768, 4432.31
45775, 4452.31
45783, 4423.08
45791, 4368.72
45800, 4316.92
45806, 4293.33
45814, 4318.97
45822, 4377.95
45831, 4424.1
45839, 4440
45846, 4418.46
45853, 4365.64
45862, 4315.9
45869, 4297.44
45877, 4323.08
45885, 4378.46
45894, 4431.28
45900, 4453.85
45908, 4427.18
45916, 4363.59
45925, 4311.79
45933, 4300
45939, 4326.15
45948, 4382.05
45955, 4436.41
45963, 4451.79
45971, 4421.03
45978, 4366.67
45986, 4317.95
45996, 4305.64
46002, 4336.92
46011, 4388.21
46018, 4443.59
46025, 4463.59
46033, 4418.46
46041, 4352.31
46049, 4312.31
46063, 4305.13
46065, 4329.23
46072, 4376.92
46080, 4432.82
46088, 4456.41
46096, 4421.03
46104, 4362.56
46111, 4321.03
46119, 4301.54
46128, 4316.41
46135, 4372.31
46144, 4435.9
46152, 4453.33
46159, 4416.41
46167, 4360.51
46176, 4314.36
46184, 4296.92
46191, 4322.56
46198, 4380
46205, 4436.92
46213, 4453.85
46221, 4428.21
46229, 4374.87
46237, 4318.46
46245, 4300.51
46252, 4328.72
46260, 4383.08
46269, 4435.38
46276, 4450.77
46283, 4416.92
46291, 4358.97
46299, 4315.38
46307, 4304.1
46317, 4328.21
46323, 4381.03
46330, 4432.82
46338, 4449.23
46346, 4418.97
46354, 4355.38
46363, 4303.59
46371, 4293.85
46378, 4323.08
46386, 4378.46
46393, 4432.82
46401, 4452.31
46409, 4421.54
46417, 4363.59
46426, 4318.46
46432, 4303.59
46440, 4331.28
46448, 4384.1
46457, 4427.69
46463, 4441.54
46471, 4414.87
46479, 4361.54
46487, 4314.36
46495, 4295.9
46502, 4324.62
46511, 4386.15
46520, 4435.38
46526, 4445.13
46535, 4415.38
46543, 4354.36
46549, 4301.03
46558, 4297.95
46565, 4334.87
46573, 4383.59
46583, 4433.85
46588, 4452.82
46597, 4417.44
46604, 4360
46613, 4310.26
46620, 4292.31
46628, 4328.72
46635, 4387.18
46643, 4430.26
46651, 4445.64
46659, 4422.56
46667, 4360.51
46674, 4304.62
46682, 4293.33
46690, 4321.03
46698, 4377.95
46708, 4418.46
46714, 4397.95
46721, 4371.28
46729, 4378.97
46737, 4380
46745, 4367.69
46753, 4370.26
46761, 4374.87
46769, 4372.31
46777, 4375.38
46784, 4381.03
46792, 4381.03
46800, 4375.9
46807, 4369.74
46815, 4366.15
46823, 4368.21
46832, 4371.79
46840, 4372.82
46847, 4367.69
46854, 4360
46862, 4365.13
46870, 4373.33
46878, 4368.21
46886, 4363.08
46893, 4371.28
46901, 4374.87
46909, 4365.64
46917, 4365.64
46925, 4375.38
46933, 4372.82
46940, 4369.74
46948, 4372.31
46956, 4371.79
46965, 4373.85
46973, 4371.28
46979, 4364.1
46987, 4369.74
46997, 4379.49
47003, 4375.38
47011, 4366.15
47020, 4368.21
47026, 4374.87
47035, 4374.36
47043, 4371.28
47050, 4368.72
47058, 4371.28
47065, 4370.77
47073, 4363.59
47083, 4366.15
47090, 4373.33
47097, 4372.31
47105, 4374.36
47114, 4373.33
47121, 4368.21
47128, 4370.26
47137, 4372.31
47146, 4370.26
47151, 4370.77
47159, 4374.36
47167, 4375.38
47176, 4370.26
47183, 4368.21
47192, 4370.26
47198, 4372.31
47206, 4370.77
47214, 4367.18
47222, 4367.69
47230, 4370.77
47237, 4372.82
47245, 4373.33
47253, 4374.36
47262, 4370.26
47269, 4364.62
47277, 4368.21
47284, 4372.31
47292, 4370.77
47301, 4373.85
47308, 4376.92
47316, 4373.33
47323, 4370.77
